instance,vars,clauses,status,conflicts,propagations,decisions,restarts,seconds
testdata/satlib/file-dimacs-aim/aim-100-1_6-no-1.cnf,100,160,UNSAT,24,384,166,1,0.000129
testdata/satlib/file-dimacs-aim/aim-100-1_6-no-2.cnf,100,160,UNSAT,24,322,125,1,0.000228
testdata/satlib/file-dimacs-aim/aim-100-1_6-no-3.cnf,100,160,UNSAT,30,455,203,1,0.000146
testdata/satlib/file-dimacs-aim/aim-100-1_6-no-4.cnf,100,160,UNSAT,25,387,117,1,0.000126
testdata/satlib/file-dimacs-aim/aim-100-1_6-yes1-1.cnf,100,160,SAT,37,969,252,1,0.000334
testdata/satlib/file-dimacs-aim/aim-100-1_6-yes1-2.cnf,100,160,SAT,13,348,95,1,0.000112
testdata/satlib/file-dimacs-aim/aim-100-1_6-yes1-3.cnf,100,160,SAT,48,906,230,1,0.000360
testdata/satlib/file-dimacs-aim/aim-100-1_6-yes1-4.cnf,100,160,SAT,11,202,49,1,0.000114
testdata/satlib/file-dimacs-aim/aim-100-2_0-no-1.cnf,100,200,UNSAT,26,466,93,1,0.000192
testdata/satlib/file-dimacs-aim/aim-100-2_0-no-2.cnf,100,200,UNSAT,19,302,97,1,0.000103
testdata/satlib/file-dimacs-aim/aim-100-2_0-no-3.cnf,100,200,UNSAT,12,159,52,1,0.000056
testdata/satlib/file-dimacs-aim/aim-100-2_0-no-4.cnf,100,200,UNSAT,17,207,62,1,0.000076
testdata/satlib/file-dimacs-aim/aim-100-2_0-yes1-1.cnf,100,200,SAT,30,580,131,1,0.000228
testdata/satlib/file-dimacs-aim/aim-100-2_0-yes1-2.cnf,100,200,SAT,31,514,138,1,0.000231
testdata/satlib/file-dimacs-aim/aim-100-2_0-yes1-3.cnf,100,200,SAT,24,537,153,1,0.000164
testdata/satlib/file-dimacs-aim/aim-100-2_0-yes1-4.cnf,100,200,SAT,19,409,124,1,0.000196
testdata/satlib/file-dimacs-aim/aim-100-3_4-yes1-1.cnf,100,340,SAT,51,981,125,1,0.000429
testdata/satlib/file-dimacs-aim/aim-100-3_4-yes1-2.cnf,100,340,SAT,64,1281,117,1,0.000552
testdata/satlib/file-dimacs-aim/aim-100-3_4-yes1-3.cnf,100,340,SAT,61,1079,96,1,0.001395
testdata/satlib/file-dimacs-aim/aim-100-3_4-yes1-4.cnf,100,340,SAT,24,484,83,1,0.000113
testdata/satlib/file-dimacs-aim/aim-100-6_0-yes1-1.cnf,100,600,SAT,3,123,9,1,0.000047
testdata/satlib/file-dimacs-aim/aim-100-6_0-yes1-2.cnf,100,600,SAT,34,531,51,1,0.000141
testdata/satlib/file-dimacs-aim/aim-100-6_0-yes1-3.cnf,100,600,SAT,38,746,58,1,0.000197
testdata/satlib/file-dimacs-aim/aim-100-6_0-yes1-4.cnf,100,600,SAT,30,525,44,1,0.000142
testdata/satlib/file-dimacs-aim/aim-200-1_6-no-1.cnf,200,320,UNSAT,28,529,238,1,0.000073
testdata/satlib/file-dimacs-aim/aim-200-1_6-no-2.cnf,200,320,UNSAT,55,1282,536,1,0.000217
testdata/satlib/file-dimacs-aim/aim-200-1_6-no-3.cnf,200,320,UNSAT,59,1388,683,1,0.000204
testdata/satlib/file-dimacs-aim/aim-200-1_6-no-4.cnf,200,320,UNSAT,25,536,249,1,0.000084
testdata/satlib/file-dimacs-aim/aim-200-1_6-yes1-1.cnf,200,320,SAT,38,1315,451,1,0.000191
testdata/satlib/file-dimacs-aim/aim-200-1_6-yes1-2.cnf,200,320,SAT,58,2014,592,1,0.000322
testdata/satlib/file-dimacs-aim/aim-200-1_6-yes1-3.cnf,200,320,SAT,55,1783,632,1,0.000291
testdata/satlib/file-dimacs-aim/aim-200-1_6-yes1-4.cnf,200,320,SAT,41,1209,393,1,0.000335
testdata/satlib/file-dimacs-aim/aim-200-2_0-no-1.cnf,200,400,UNSAT,36,742,211,1,0.000126
testdata/satlib/file-dimacs-aim/aim-200-2_0-no-2.cnf,200,400,UNSAT,26,388,160,1,0.000080
testdata/satlib/file-dimacs-aim/aim-200-2_0-no-3.cnf,200,400,UNSAT,24,546,208,1,0.000093
testdata/satlib/file-dimacs-aim/aim-200-2_0-no-4.cnf,200,400,UNSAT,30,518,130,1,0.000108
testdata/satlib/file-dimacs-aim/aim-200-2_0-yes1-1.cnf,200,400,SAT,155,4428,1015,2,0.000760
testdata/satlib/file-dimacs-aim/aim-200-2_0-yes1-2.cnf,200,400,SAT,70,1765,575,1,0.000289
testdata/satlib/file-dimacs-aim/aim-200-2_0-yes1-3.cnf,200,400,SAT,56,1754,543,1,0.000294
testdata/satlib/file-dimacs-aim/aim-200-2_0-yes1-4.cnf,200,400,SAT,95,3095,624,1,0.000514
testdata/satlib/file-dimacs-aim/aim-200-3_4-yes1-1.cnf,200,680,SAT,174,4846,471,2,0.001032
testdata/satlib/file-dimacs-aim/aim-200-3_4-yes1-2.cnf,200,680,SAT,58,1544,194,1,0.000333
testdata/satlib/file-dimacs-aim/aim-200-3_4-yes1-3.cnf,200,680,SAT,243,7337,458,3,0.001542
testdata/satlib/file-dimacs-aim/aim-200-3_4-yes1-4.cnf,200,680,SAT,447,13252,817,4,0.004889
testdata/satlib/file-dimacs-aim/aim-200-6_0-yes1-1.cnf,200,1200,SAT,26,768,45,1,0.000371
testdata/satlib/file-dimacs-aim/aim-200-6_0-yes1-2.cnf,200,1200,SAT,80,2251,129,1,0.000665
testdata/satlib/file-dimacs-aim/aim-200-6_0-yes1-3.cnf,200,1200,SAT,160,4910,229,2,0.001378
testdata/satlib/file-dimacs-aim/aim-200-6_0-yes1-4.cnf,200,1200,SAT,363,10561,486,3,0.004964
testdata/satlib/file-dimacs-aim/aim-50-1_6-no-1.cnf,50,80,UNSAT,13,99,33,1,0.000034
testdata/satlib/file-dimacs-aim/aim-50-1_6-no-2.cnf,50,80,UNSAT,24,235,73,1,0.000069
testdata/satlib/file-dimacs-aim/aim-50-1_6-no-3.cnf,50,80,UNSAT,18,249,123,1,0.000065
testdata/satlib/file-dimacs-aim/aim-50-1_6-no-4.cnf,50,80,UNSAT,14,120,56,1,0.000036
testdata/satlib/file-dimacs-aim/aim-50-1_6-yes1-1.cnf,50,80,SAT,17,227,54,1,0.000070
testdata/satlib/file-dimacs-aim/aim-50-1_6-yes1-2.cnf,50,80,SAT,8,175,26,1,0.000052
testdata/satlib/file-dimacs-aim/aim-50-1_6-yes1-3.cnf,50,80,SAT,2,77,22,1,0.000021
testdata/satlib/file-dimacs-aim/aim-50-1_6-yes1-4.cnf,50,80,SAT,8,138,18,1,0.000173
testdata/satlib/file-dimacs-aim/aim-50-2_0-no-1.cnf,50,100,UNSAT,14,100,32,1,0.000035
testdata/satlib/file-dimacs-aim/aim-50-2_0-no-2.cnf,50,100,UNSAT,15,167,52,1,0.000044
testdata/satlib/file-dimacs-aim/aim-50-2_0-no-3.cnf,50,100,UNSAT,30,247,42,1,0.000088
testdata/satlib/file-dimacs-aim/aim-50-2_0-no-4.cnf,50,100,UNSAT,16,137,26,1,0.000042
testdata/satlib/file-dimacs-aim/aim-50-2_0-yes1-1.cnf,50,100,SAT,25,249,44,1,0.000078
testdata/satlib/file-dimacs-aim/aim-50-2_0-yes1-2.cnf,50,100,SAT,27,309,52,1,0.000107
testdata/satlib/file-dimacs-aim/aim-50-2_0-yes1-3.cnf,50,100,SAT,35,439,79,1,0.000148
testdata/satlib/file-dimacs-aim/aim-50-2_0-yes1-4.cnf,50,100,SAT,29,371,68,1,0.000097
testdata/satlib/file-dimacs-aim/aim-50-3_4-yes1-1.cnf,50,170,SAT,2,71,9,1,0.000027
testdata/satlib/file-dimacs-aim/aim-50-3_4-yes1-2.cnf,50,170,SAT,28,368,49,1,0.000129
testdata/satlib/file-dimacs-aim/aim-50-3_4-yes1-3.cnf,50,170,SAT,32,380,66,1,0.000117
testdata/satlib/file-dimacs-aim/aim-50-3_4-yes1-4.cnf,50,170,SAT,28,350,47,1,0.000123
testdata/satlib/file-dimacs-aim/aim-50-6_0-yes1-1.cnf,50,300,SAT,8,117,18,1,0.000053
testdata/satlib/file-dimacs-aim/aim-50-6_0-yes1-2.cnf,50,300,SAT,8,137,14,1,0.000061
testdata/satlib/file-dimacs-aim/aim-50-6_0-yes1-3.cnf,50,300,SAT,17,204,20,1,0.000090
testdata/satlib/file-dimacs-aim/aim-50-6_0-yes1-4.cnf,50,300,SAT,8,137,11,1,0.000063
testdata/satlib/sat-flat125-301/flat125-1.cnf,375,1403,SAT,26,2534,83,1,0.000456
testdata/satlib/sat-flat125-301/flat125-10.cnf,375,1403,SAT,76,5370,118,1,0.001045
testdata/satlib/sat-flat125-301/flat125-100.cnf,375,1403,SAT,149,13755,230,2,0.002556
testdata/satlib/sat-flat125-301/flat125-11.cnf,375,1403,SAT,74,7338,119,1,0.001142
testdata/satlib/sat-flat125-301/flat125-12.cnf,375,1403,SAT,13,1203,71,1,0.000219
testdata/satlib/sat-flat125-301/flat125-13.cnf,375,1403,SAT,176,17742,269,2,0.002933
testdata/satlib/sat-flat125-301/flat125-14.cnf,375,1403,SAT,17,1446,67,1,0.000240
testdata/satlib/sat-flat125-301/flat125-15.cnf,375,1403,SAT,36,3770,67,1,0.000781
testdata/satlib/sat-flat125-301/flat125-16.cnf,375,1403,SAT,118,9826,186,2,0.001607
testdata/satlib/sat-flat125-301/flat125-17.cnf,375,1403,SAT,10,1269,77,1,0.000173
testdata/satlib/sat-flat125-301/flat125-18.cnf,375,1403,SAT,149,15451,213,2,0.002577
testdata/satlib/sat-flat125-301/flat125-19.cnf,375,1403,SAT,176,16686,259,2,0.002269
testdata/satlib/sat-flat125-301/flat125-2.cnf,375,1403,SAT,81,8054,142,1,0.001122
testdata/satlib/sat-flat125-301/flat125-20.cnf,375,1403,SAT,55,4953,132,1,0.000656
testdata/satlib/sat-flat125-301/flat125-21.cnf,375,1403,SAT,70,6886,133,1,0.000860
testdata/satlib/sat-flat125-301/flat125-22.cnf,375,1403,SAT,59,5394,126,1,0.000684
testdata/satlib/sat-flat125-301/flat125-23.cnf,375,1403,SAT,23,2422,70,1,0.000324
testdata/satlib/sat-flat125-301/flat125-24.cnf,375,1403,SAT,53,6316,106,1,0.000809
testdata/satlib/sat-flat125-301/flat125-25.cnf,375,1403,SAT,119,11174,186,2,0.001349
testdata/satlib/sat-flat125-301/flat125-26.cnf,375,1403,SAT,35,3596,95,1,0.000486
testdata/satlib/sat-flat125-301/flat125-27.cnf,375,1403,SAT,40,3305,79,1,0.000392
testdata/satlib/sat-flat125-301/flat125-28.cnf,375,1403,SAT,198,16920,285,2,0.001966
testdata/satlib/sat-flat125-301/flat125-29.cnf,375,1403,SAT,247,24807,354,3,0.002947
testdata/satlib/sat-flat125-301/flat125-3.cnf,375,1403,SAT,188,17947,268,2,0.001990
testdata/satlib/sat-flat125-301/flat125-30.cnf,375,1403,SAT,34,3203,92,1,0.000396
testdata/satlib/sat-flat125-301/flat125-31.cnf,375,1403,SAT,108,10120,189,2,0.001082
testdata/satlib/sat-flat125-301/flat125-32.cnf,375,1403,SAT,32,3282,63,1,0.000360
testdata/satlib/sat-flat125-301/flat125-33.cnf,375,1403,SAT,20,1866,89,1,0.000214
testdata/satlib/sat-flat125-301/flat125-34.cnf,375,1403,SAT,112,10520,177,2,0.001275
testdata/satlib/sat-flat125-301/flat125-35.cnf,375,1403,SAT,44,4965,102,1,0.000581
testdata/satlib/sat-flat125-301/flat125-36.cnf,375,1403,SAT,113,10767,182,2,0.001275
testdata/satlib/sat-flat125-301/flat125-37.cnf,375,1403,SAT,240,22217,333,3,0.002589
testdata/satlib/sat-flat125-301/flat125-38.cnf,375,1403,SAT,68,6945,127,1,0.000758
testdata/satlib/sat-flat125-301/flat125-39.cnf,375,1403,SAT,48,5333,117,1,0.000548
testdata/satlib/sat-flat125-301/flat125-4.cnf,375,1403,SAT,26,2474,85,1,0.000246
testdata/satlib/sat-flat125-301/flat125-40.cnf,375,1403,SAT,103,10608,171,2,0.001164
testdata/satlib/sat-flat125-301/flat125-41.cnf,375,1403,SAT,232,23685,328,3,0.002749
testdata/satlib/sat-flat125-301/flat125-42.cnf,375,1403,SAT,211,18909,312,3,0.002293
testdata/satlib/sat-flat125-301/flat125-43.cnf,375,1403,SAT,126,10809,186,2,0.001339
testdata/satlib/sat-flat125-301/flat125-44.cnf,375,1403,SAT,92,8893,143,1,0.000920
testdata/satlib/sat-flat125-301/flat125-45.cnf,375,1403,SAT,233,23472,356,3,0.002997
testdata/satlib/sat-flat125-301/flat125-46.cnf,375,1403,SAT,24,2576,61,1,0.000285
testdata/satlib/sat-flat125-301/flat125-47.cnf,375,1403,SAT,115,10557,185,2,0.001133
testdata/satlib/sat-flat125-301/flat125-48.cnf,375,1403,SAT,81,7176,133,1,0.000972
testdata/satlib/sat-flat125-301/flat125-49.cnf,375,1403,SAT,226,19551,305,3,0.002314
testdata/satlib/sat-flat125-301/flat125-5.cnf,375,1403,SAT,49,4052,100,1,0.000450
testdata/satlib/sat-flat125-301/flat125-50.cnf,375,1403,SAT,10,1323,61,1,0.000164
testdata/satlib/sat-flat125-301/flat125-51.cnf,375,1403,SAT,79,7265,143,1,0.000838
testdata/satlib/sat-flat125-301/flat125-52.cnf,375,1403,SAT,83,7728,150,1,0.000884
testdata/satlib/sat-flat125-301/flat125-53.cnf,375,1403,SAT,21,2385,79,1,0.000242
testdata/satlib/sat-flat125-301/flat125-54.cnf,375,1403,SAT,229,22673,358,3,0.002679
testdata/satlib/sat-flat125-301/flat125-55.cnf,375,1403,SAT,115,9493,192,2,0.001324
testdata/satlib/sat-flat125-301/flat125-56.cnf,375,1403,SAT,40,3564,91,1,0.000345
testdata/satlib/sat-flat125-301/flat125-57.cnf,375,1403,SAT,61,5067,139,1,0.000496
testdata/satlib/sat-flat125-301/flat125-58.cnf,375,1403,SAT,173,17775,268,2,0.002133
testdata/satlib/sat-flat125-301/flat125-59.cnf,375,1403,SAT,83,8942,144,1,0.000991
testdata/satlib/sat-flat125-301/flat125-6.cnf,375,1403,SAT,221,21323,305,3,0.002372
testdata/satlib/sat-flat125-301/flat125-60.cnf,375,1403,SAT,9,1311,63,1,0.000266
testdata/satlib/sat-flat125-301/flat125-61.cnf,375,1403,SAT,232,24495,308,3,0.002746
testdata/satlib/sat-flat125-301/flat125-62.cnf,375,1403,SAT,40,4069,89,1,0.000469
testdata/satlib/sat-flat125-301/flat125-63.cnf,375,1403,SAT,24,2807,67,1,0.000306
testdata/satlib/sat-flat125-301/flat125-64.cnf,375,1403,SAT,83,7650,132,1,0.000866
testdata/satlib/sat-flat125-301/flat125-65.cnf,375,1403,SAT,6,929,48,1,0.000093
testdata/satlib/sat-flat125-301/flat125-66.cnf,375,1403,SAT,171,16240,248,2,0.001866
testdata/satlib/sat-flat125-301/flat125-67.cnf,375,1403,SAT,88,7683,137,1,0.000825
testdata/satlib/sat-flat125-301/flat125-68.cnf,375,1403,SAT,67,6613,120,1,0.000853
testdata/satlib/sat-flat125-301/flat125-69.cnf,375,1403,SAT,429,42291,554,4,0.005151
testdata/satlib/sat-flat125-301/flat125-7.cnf,375,1403,SAT,78,8567,137,1,0.001114
testdata/satlib/sat-flat125-301/flat125-70.cnf,375,1403,SAT,40,3691,98,1,0.000380
testdata/satlib/sat-flat125-301/flat125-71.cnf,375,1403,SAT,52,5373,106,1,0.000640
testdata/satlib/sat-flat125-301/flat125-72.cnf,375,1403,SAT,24,2406,57,1,0.000251
testdata/satlib/sat-flat125-301/flat125-73.cnf,375,1403,SAT,129,12660,186,2,0.001544
testdata/satlib/sat-flat125-301/flat125-74.cnf,375,1403,SAT,41,4048,85,1,0.000593
testdata/satlib/sat-flat125-301/flat125-75.cnf,375,1403,SAT,151,15843,208,2,0.001698
testdata/satlib/sat-flat125-301/flat125-76.cnf,375,1403,SAT,10,1366,54,1,0.000142
testdata/satlib/sat-flat125-301/flat125-77.cnf,375,1403,SAT,25,2811,69,1,0.000295
testdata/satlib/sat-flat125-301/flat125-78.cnf,375,1403,SAT,30,2408,97,1,0.000280
testdata/satlib/sat-flat125-301/flat125-79.cnf,375,1403,SAT,17,1659,65,1,0.000191
testdata/satlib/sat-flat125-301/flat125-8.cnf,375,1403,SAT,272,30414,405,3,0.003513
testdata/satlib/sat-flat125-301/flat125-80.cnf,375,1403,SAT,24,2917,73,1,0.000293
testdata/satlib/sat-flat125-301/flat125-81.cnf,375,1403,SAT,94,8427,147,1,0.001187
testdata/satlib/sat-flat125-301/flat125-82.cnf,375,1403,SAT,95,8617,160,1,0.000980
testdata/satlib/sat-flat125-301/flat125-83.cnf,375,1403,SAT,201,19264,315,3,0.002098
testdata/satlib/sat-flat125-301/flat125-84.cnf,375,1403,SAT,37,4008,80,1,0.000502
testdata/satlib/sat-flat125-301/flat125-85.cnf,375,1403,SAT,192,19182,266,2,0.002053
testdata/satlib/sat-flat125-301/flat125-86.cnf,375,1403,SAT,66,6882,133,1,0.000686
testdata/satlib/sat-flat125-301/flat125-87.cnf,375,1403,SAT,77,7595,136,1,0.000842
testdata/satlib/sat-flat125-301/flat125-88.cnf,375,1403,SAT,106,9615,178,2,0.001116
testdata/satlib/sat-flat125-301/flat125-89.cnf,375,1403,SAT,127,13613,197,2,0.001574
testdata/satlib/sat-flat125-301/flat125-9.cnf,375,1403,SAT,49,4266,93,1,0.000435
testdata/satlib/sat-flat125-301/flat125-90.cnf,375,1403,SAT,138,13432,214,2,0.001508
testdata/satlib/sat-flat125-301/flat125-91.cnf,375,1403,SAT,103,10067,178,2,0.001324
testdata/satlib/sat-flat125-301/flat125-92.cnf,375,1403,SAT,130,12623,205,2,0.001452
testdata/satlib/sat-flat125-301/flat125-93.cnf,375,1403,SAT,167,16615,258,2,0.001877
testdata/satlib/sat-flat125-301/flat125-94.cnf,375,1403,SAT,234,21482,362,3,0.002500
testdata/satlib/sat-flat125-301/flat125-95.cnf,375,1403,SAT,118,10563,181,2,0.001117
testdata/satlib/sat-flat125-301/flat125-96.cnf,375,1403,SAT,539,49118,691,5,0.006375
testdata/satlib/sat-flat125-301/flat125-97.cnf,375,1403,SAT,51,6319,99,1,0.000698
testdata/satlib/sat-flat125-301/flat125-98.cnf,375,1403,SAT,26,2678,81,1,0.000280
testdata/satlib/sat-flat125-301/flat125-99.cnf,375,1403,SAT,274,27944,368,3,0.003241
testdata/satlib/sat-uniform-20-91/uf20-01.cnf,20,91,SAT,6,58,10,1,0.000017
testdata/satlib/sat-uniform-20-91/uf20-010.cnf,20,91,SAT,6,51,14,1,0.000014
testdata/satlib/sat-uniform-20-91/uf20-0100.cnf,20,91,SAT,4,40,9,1,0.000012
testdata/satlib/sat-uniform-20-91/uf20-01000.cnf,20,91,SAT,4,47,8,1,0.000015
testdata/satlib/sat-uniform-20-91/uf20-0101.cnf,20,91,SAT,11,100,15,1,0.000028
testdata/satlib/sat-uniform-20-91/uf20-0102.cnf,20,91,SAT,20,158,24,1,0.000039
testdata/satlib/sat-uniform-20-91/uf20-0103.cnf,20,91,SAT,1,30,8,1,0.000008
testdata/satlib/sat-uniform-20-91/uf20-0104.cnf,20,91,SAT,9,74,17,1,0.000019
testdata/satlib/sat-uniform-20-91/uf20-0105.cnf,20,91,SAT,7,70,10,1,0.000018
testdata/satlib/sat-uniform-20-91/uf20-0106.cnf,20,91,SAT,7,57,13,1,0.000016
testdata/satlib/sat-uniform-20-91/uf20-0107.cnf,20,91,SAT,6,70,8,1,0.000018
testdata/satlib/sat-uniform-20-91/uf20-0108.cnf,20,91,SAT,9,78,14,1,0.000057
testdata/satlib/sat-uniform-20-91/uf20-0109.cnf,20,91,SAT,14,98,18,1,0.000030
testdata/satlib/sat-uniform-20-91/uf20-011.cnf,20,91,SAT,2,25,10,1,0.000008
testdata/satlib/sat-uniform-20-91/uf20-0110.cnf,20,91,SAT,6,74,12,1,0.000018
testdata/satlib/sat-uniform-20-91/uf20-0111.cnf,20,91,SAT,3,37,10,1,0.000010
testdata/satlib/sat-uniform-20-91/uf20-0112.cnf,20,91,SAT,4,41,10,1,0.000012
testdata/satlib/sat-uniform-20-91/uf20-0113.cnf,20,91,SAT,11,98,15,1,0.000025
testdata/satlib/sat-uniform-20-91/uf20-0114.cnf,20,91,SAT,1,22,6,1,0.000006
testdata/satlib/sat-uniform-20-91/uf20-0115.cnf,20,91,SAT,5,51,12,1,0.000014
testdata/satlib/sat-uniform-20-91/uf20-0116.cnf,20,91,SAT,1,25,7,1,0.000006
testdata/satlib/sat-uniform-20-91/uf20-0117.cnf,20,91,SAT,5,54,10,1,0.000014
testdata/satlib/sat-uniform-20-91/uf20-0118.cnf,20,91,SAT,8,68,16,1,0.000018
testdata/satlib/sat-uniform-20-91/uf20-0119.cnf,20,91,SAT,13,98,18,1,0.000023
testdata/satlib/sat-uniform-20-91/uf20-012.cnf,20,91,SAT,4,49,11,1,0.000013
testdata/satlib/sat-uniform-20-91/uf20-0120.cnf,20,91,SAT,6,55,10,1,0.000015
testdata/satlib/sat-uniform-20-91/uf20-0121.cnf,20,91,SAT,5,42,16,1,0.000012
testdata/satlib/sat-uniform-20-91/uf20-0122.cnf,20,91,SAT,7,77,10,1,0.000018
testdata/satlib/sat-uniform-20-91/uf20-0123.cnf,20,91,SAT,9,74,13,1,0.000019
testdata/satlib/sat-uniform-20-91/uf20-0124.cnf,20,91,SAT,0,20,9,1,0.000006
testdata/satlib/sat-uniform-20-91/uf20-0125.cnf,20,91,SAT,7,63,14,1,0.000016
testdata/satlib/sat-uniform-20-91/uf20-0126.cnf,20,91,SAT,0,20,6,1,0.000006
testdata/satlib/sat-uniform-20-91/uf20-0127.cnf,20,91,SAT,4,31,9,1,0.000009
testdata/satlib/sat-uniform-20-91/uf20-0128.cnf,20,91,SAT,7,61,16,1,0.000017
testdata/satlib/sat-uniform-20-91/uf20-0129.cnf,20,91,SAT,10,83,15,1,0.000020
testdata/satlib/sat-uniform-20-91/uf20-013.cnf,20,91,SAT,1,22,5,1,0.000006
testdata/satlib/sat-uniform-20-91/uf20-0130.cnf,20,91,SAT,14,114,20,1,0.000026
testdata/satlib/sat-uniform-20-91/uf20-0131.cnf,20,91,SAT,0,20,6,1,0.000006
testdata/satlib/sat-uniform-20-91/uf20-0132.cnf,20,91,SAT,9,95,11,1,0.000023
testdata/satlib/sat-uniform-20-91/uf20-0133.cnf,20,91,SAT,13,93,17,1,0.000026
testdata/satlib/sat-uniform-20-91/uf20-0134.cnf,20,91,SAT,12,106,16,1,0.000025
testdata/satlib/sat-uniform-20-91/uf20-0135.cnf,20,91,SAT,8,70,12,1,0.000018
testdata/satlib/sat-uniform-20-91/uf20-0136.cnf,20,91,SAT,8,84,13,1,0.000021
testdata/satlib/sat-uniform-20-91/uf20-0137.cnf,20,91,SAT,1,22,10,1,0.000007
testdata/satlib/sat-uniform-20-91/uf20-0138.cnf,20,91,SAT,3,50,12,1,0.000013
testdata/satlib/sat-uniform-20-91/uf20-0139.cnf,20,91,SAT,1,25,10,1,0.000006
testdata/satlib/sat-uniform-20-91/uf20-014.cnf,20,91,SAT,3,51,9,1,0.000013
testdata/satlib/sat-uniform-20-91/uf20-0140.cnf,20,91,SAT,5,42,10,1,0.000011
testdata/satlib/sat-uniform-20-91/uf20-0141.cnf,20,91,SAT,6,60,10,1,0.000015
testdata/satlib/sat-uniform-20-91/uf20-0142.cnf,20,91,SAT,6,62,14,1,0.000016
testdata/satlib/sat-uniform-20-91/uf20-0143.cnf,20,91,SAT,0,20,7,1,0.000006
testdata/satlib/sat-uniform-20-91/uf20-0144.cnf,20,91,SAT,1,23,9,1,0.000006
testdata/satlib/sat-uniform-20-91/uf20-0145.cnf,20,91,SAT,4,64,10,1,0.000016
testdata/satlib/sat-uniform-20-91/uf20-0146.cnf,20,91,SAT,3,36,8,1,0.000009
testdata/satlib/sat-uniform-20-91/uf20-0147.cnf,20,91,SAT,11,74,16,1,0.000022
testdata/satlib/sat-uniform-20-91/uf20-0148.cnf,20,91,SAT,6,53,10,1,0.000014
testdata/satlib/sat-uniform-20-91/uf20-0149.cnf,20,91,SAT,2,29,11,1,0.000009
testdata/satlib/sat-uniform-20-91/uf20-015.cnf,20,91,SAT,1,26,11,1,0.000006
testdata/satlib/sat-uniform-20-91/uf20-0150.cnf,20,91,SAT,0,20,5,1,0.000005
testdata/satlib/sat-uniform-20-91/uf20-0151.cnf,20,91,SAT,14,112,19,1,0.000028
testdata/satlib/sat-uniform-20-91/uf20-0152.cnf,20,91,SAT,1,30,14,1,0.000007
testdata/satlib/sat-uniform-20-91/uf20-0153.cnf,20,91,SAT,1,22,9,1,0.000006
testdata/satlib/sat-uniform-20-91/uf20-0154.cnf,20,91,SAT,15,114,18,1,0.000027
testdata/satlib/sat-uniform-20-91/uf20-0155.cnf,20,91,SAT,4,46,12,1,0.000013
testdata/satlib/sat-uniform-20-91/uf20-0156.cnf,20,91,SAT,2,38,9,1,0.000009
testdata/satlib/sat-uniform-20-91/uf20-0157.cnf,20,91,SAT,1,22,10,1,0.000007
testdata/satlib/sat-uniform-20-91/uf20-0158.cnf,20,91,SAT,1,35,8,1,0.000009
testdata/satlib/sat-uniform-20-91/uf20-0159.cnf,20,91,SAT,8,66,13,1,0.000090
testdata/satlib/sat-uniform-20-91/uf20-016.cnf,20,91,SAT,3,47,13,1,0.000011
testdata/satlib/sat-uniform-20-91/uf20-0160.cnf,20,91,SAT,4,46,8,1,0.000012
testdata/satlib/sat-uniform-20-91/uf20-0161.cnf,20,91,SAT,3,37,10,1,0.000010
testdata/satlib/sat-uniform-20-91/uf20-0162.cnf,20,91,SAT,1,25,9,1,0.000006
testdata/satlib/sat-uniform-20-91/uf20-0163.cnf,20,91,SAT,1,34,8,1,0.000008
testdata/satlib/sat-uniform-20-91/uf20-0164.cnf,20,91,SAT,0,20,8,1,0.000005
testdata/satlib/sat-uniform-20-91/uf20-0165.cnf,20,91,SAT,3,35,8,1,0.000010
testdata/satlib/sat-uniform-20-91/uf20-0166.cnf,20,91,SAT,13,123,20,1,0.000029
testdata/satlib/sat-uniform-20-91/uf20-0167.cnf,20,91,SAT,0,20,6,1,0.000005
testdata/satlib/sat-uniform-20-91/uf20-0168.cnf,20,91,SAT,5,47,9,1,0.000014
testdata/satlib/sat-uniform-20-91/uf20-0169.cnf,20,91,SAT,5,49,13,1,0.000013
testdata/satlib/sat-uniform-20-91/uf20-017.cnf,20,91,SAT,17,134,24,1,0.000030
testdata/satlib/sat-uniform-20-91/uf20-0170.cnf,20,91,SAT,1,23,8,1,0.000007
testdata/satlib/sat-uniform-20-91/uf20-0171.cnf,20,91,SAT,6,50,12,1,0.000014
testdata/satlib/sat-uniform-20-91/uf20-0172.cnf,20,91,SAT,9,75,14,1,0.000019
testdata/satlib/sat-uniform-20-91/uf20-0173.cnf,20,91,SAT,3,30,9,1,0.000008
testdata/satlib/sat-uniform-20-91/uf20-0174.cnf,20,91,SAT,14,110,18,1,0.000026
testdata/satlib/sat-uniform-20-91/uf20-0175.cnf,20,91,SAT,10,90,17,1,0.000021
testdata/satlib/sat-uniform-20-91/uf20-0176.cnf,20,91,SAT,3,35,7,1,0.000010
testdata/satlib/sat-uniform-20-91/uf20-0177.cnf,20,91,SAT,4,40,9,1,0.000012
testdata/satlib/sat-uniform-20-91/uf20-0178.cnf,20,91,SAT,4,48,13,1,0.000012
testdata/satlib/sat-uniform-20-91/uf20-0179.cnf,20,91,SAT,7,56,13,1,0.000015
testdata/satlib/sat-uniform-20-91/uf20-018.cnf,20,91,SAT,6,58,11,1,0.000014
testdata/satlib/sat-uniform-20-91/uf20-0180.cnf,20,91,SAT,8,64,14,1,0.000017
testdata/satlib/sat-uniform-20-91/uf20-0181.cnf,20,91,SAT,2,27,7,1,0.000008
testdata/satlib/sat-uniform-20-91/uf20-0182.cnf,20,91,SAT,1,22,8,1,0.000007
testdata/satlib/sat-uniform-20-91/uf20-0183.cnf,20,91,SAT,14,116,20,1,0.000027
testdata/satlib/sat-uniform-20-91/uf20-0184.cnf,20,91,SAT,0,20,7,1,0.000005
testdata/satlib/sat-uniform-20-91/uf20-0185.cnf,20,91,SAT,4,39,7,1,0.000012
testdata/satlib/sat-uniform-20-91/uf20-0186.cnf,20,91,SAT,3,45,11,1,0.000012
testdata/satlib/sat-uniform-20-91/uf20-0187.cnf,20,91,SAT,1,31,7,1,0.000008
testdata/satlib/sat-uniform-20-91/uf20-0188.cnf,20,91,SAT,4,56,9,1,0.000013
testdata/satlib/sat-uniform-20-91/uf20-0189.cnf,20,91,SAT,2,28,11,1,0.000008
testdata/satlib/sat-uniform-20-91/uf20-019.cnf,20,91,SAT,2,32,8,1,0.000009
testdata/satlib/sat-uniform-20-91/uf20-0190.cnf,20,91,SAT,9,77,17,1,0.000019
testdata/satlib/sat-uniform-20-91/uf20-0191.cnf,20,91,SAT,4,39,10,1,0.000011
testdata/satlib/sat-uniform-20-91/uf20-0192.cnf,20,91,SAT,9,76,14,1,0.000019
testdata/satlib/sat-uniform-20-91/uf20-0193.cnf,20,91,SAT,9,67,13,1,0.000018
testdata/satlib/sat-uniform-20-91/uf20-0194.cnf,20,91,SAT,4,62,10,1,0.000014
testdata/satlib/sat-uniform-20-91/uf20-0195.cnf,20,91,SAT,14,102,23,1,0.000026
testdata/satlib/sat-uniform-20-91/uf20-0196.cnf,20,91,SAT,8,71,14,1,0.000016
testdata/satlib/sat-uniform-20-91/uf20-0197.cnf,20,91,SAT,15,103,18,1,0.000028
testdata/satlib/sat-uniform-20-91/uf20-0198.cnf,20,91,SAT,9,87,16,1,0.000021
testdata/satlib/sat-uniform-20-91/uf20-0199.cnf,20,91,SAT,6,50,14,1,0.000013
testdata/satlib/sat-uniform-20-91/uf20-02.cnf,20,91,SAT,3,39,14,1,0.000010
testdata/satlib/sat-uniform-20-91/uf20-020.cnf,20,91,SAT,1,25,5,1,0.000008
testdata/satlib/sat-uniform-20-91/uf20-0200.cnf,20,91,SAT,5,48,10,1,0.000013
testdata/satlib/sat-uniform-20-91/uf20-0201.cnf,20,91,SAT,0,20,8,1,0.000005
testdata/satlib/sat-uniform-20-91/uf20-0202.cnf,20,91,SAT,9,84,14,1,0.000020
testdata/satlib/sat-uniform-20-91/uf20-0203.cnf,20,91,SAT,14,101,16,1,0.000024
testdata/satlib/sat-uniform-20-91/uf20-0204.cnf,20,91,SAT,2,29,8,1,0.000008
testdata/satlib/sat-uniform-20-91/uf20-0205.cnf,20,91,SAT,3,38,11,1,0.000010
testdata/satlib/sat-uniform-20-91/uf20-0206.cnf,20,91,SAT,0,20,4,1,0.000006
testdata/satlib/sat-uniform-20-91/uf20-0207.cnf,20,91,SAT,7,70,11,1,0.000017
testdata/satlib/sat-uniform-20-91/uf20-0208.cnf,20,91,SAT,1,29,8,1,0.000015
testdata/satlib/sat-uniform-20-91/uf20-0209.cnf,20,91,SAT,9,65,13,1,0.000021
testdata/satlib/sat-uniform-20-91/uf20-021.cnf,20,91,SAT,11,75,17,1,0.000021
testdata/satlib/sat-uniform-20-91/uf20-0210.cnf,20,91,SAT,0,20,12,1,0.000006
testdata/satlib/sat-uniform-20-91/uf20-0211.cnf,20,91,SAT,5,43,11,1,0.000011
testdata/satlib/sat-uniform-20-91/uf20-0212.cnf,20,91,SAT,3,34,13,1,0.000009
testdata/satlib/sat-uniform-20-91/uf20-0213.cnf,20,91,SAT,10,72,17,1,0.000018
testdata/satlib/sat-uniform-20-91/uf20-0214.cnf,20,91,SAT,5,49,11,1,0.000014
testdata/satlib/sat-uniform-20-91/uf20-0215.cnf,20,91,SAT,2,32,7,1,0.000009
testdata/satlib/sat-uniform-20-91/uf20-0216.cnf,20,91,SAT,7,67,14,1,0.000018
testdata/satlib/sat-uniform-20-91/uf20-0217.cnf,20,91,SAT,8,87,14,1,0.000020
testdata/satlib/sat-uniform-20-91/uf20-0218.cnf,20,91,SAT,1,21,8,1,0.000006
testdata/satlib/sat-uniform-20-91/uf20-0219.cnf,20,91,SAT,10,108,13,1,0.000024
testdata/satlib/sat-uniform-20-91/uf20-022.cnf,20,91,SAT,0,20,5,1,0.000006
testdata/satlib/sat-uniform-20-91/uf20-0220.cnf,20,91,SAT,13,106,19,1,0.000026
testdata/satlib/sat-uniform-20-91/uf20-0221.cnf,20,91,SAT,8,85,12,1,0.000021
testdata/satlib/sat-uniform-20-91/uf20-0222.cnf,20,91,SAT,2,31,6,1,0.000009
testdata/satlib/sat-uniform-20-91/uf20-0223.cnf,20,91,SAT,9,69,13,1,0.000019
testdata/satlib/sat-uniform-20-91/uf20-0224.cnf,20,91,SAT,7,65,12,1,0.000017
testdata/satlib/sat-uniform-20-91/uf20-0225.cnf,20,91,SAT,3,40,7,1,0.000011
testdata/satlib/sat-uniform-20-91/uf20-0226.cnf,20,91,SAT,3,44,11,1,0.000011
testdata/satlib/sat-uniform-20-91/uf20-0227.cnf,20,91,SAT,1,31,4,1,0.000008
testdata/satlib/sat-uniform-20-91/uf20-0228.cnf,20,91,SAT,10,86,15,1,0.000022
testdata/satlib/sat-uniform-20-91/uf20-0229.cnf,20,91,SAT,6,59,9,1,0.000015
testdata/satlib/sat-uniform-20-91/uf20-023.cnf,20,91,SAT,1,26,9,1,0.000007
testdata/satlib/sat-uniform-20-91/uf20-0230.cnf,20,91,SAT,1,25,7,1,0.000007
testdata/satlib/sat-uniform-20-91/uf20-0231.cnf,20,91,SAT,5,67,9,1,0.000016
testdata/satlib/sat-uniform-20-91/uf20-0232.cnf,20,91,SAT,12,93,16,1,0.000023
testdata/satlib/sat-uniform-20-91/uf20-0233.cnf,20,91,SAT,7,67,11,1,0.000018
testdata/satlib/sat-uniform-20-91/uf20-0234.cnf,20,91,SAT,8,68,17,1,0.000019
testdata/satlib/sat-uniform-20-91/uf20-0235.cnf,20,91,SAT,8,80,19,1,0.000018
testdata/satlib/sat-uniform-20-91/uf20-0236.cnf,20,91,SAT,14,107,19,1,0.000027
testdata/satlib/sat-uniform-20-91/uf20-0237.cnf,20,91,SAT,10,107,14,1,0.000025
testdata/satlib/sat-uniform-20-91/uf20-0238.cnf,20,91,SAT,11,100,18,1,0.000024
testdata/satlib/sat-uniform-20-91/uf20-0239.cnf,20,91,SAT,0,20,8,1,0.000005
testdata/satlib/sat-uniform-20-91/uf20-024.cnf,20,91,SAT,1,26,6,1,0.000007
testdata/satlib/sat-uniform-20-91/uf20-0240.cnf,20,91,SAT,8,62,15,1,0.000017
testdata/satlib/sat-uniform-20-91/uf20-0241.cnf,20,91,SAT,4,45,12,1,0.000012
testdata/satlib/sat-uniform-20-91/uf20-0242.cnf,20,91,SAT,12,98,23,1,0.000024
testdata/satlib/sat-uniform-20-91/uf20-0243.cnf,20,91,SAT,8,53,16,1,0.000015
testdata/satlib/sat-uniform-20-91/uf20-0244.cnf,20,91,SAT,3,33,10,1,0.000009
testdata/satlib/sat-uniform-20-91/uf20-0245.cnf,20,91,SAT,7,60,14,1,0.000017
testdata/satlib/sat-uniform-20-91/uf20-0246.cnf,20,91,SAT,7,62,20,1,0.000016
testdata/satlib/sat-uniform-20-91/uf20-0247.cnf,20,91,SAT,11,82,15,1,0.000019
testdata/satlib/sat-uniform-20-91/uf20-0248.cnf,20,91,SAT,13,91,17,1,0.000024
testdata/satlib/sat-uniform-20-91/uf20-0249.cnf,20,91,SAT,5,48,11,1,0.000014
testdata/satlib/sat-uniform-20-91/uf20-025.cnf,20,91,SAT,7,83,12,1,0.000019
testdata/satlib/sat-uniform-20-91/uf20-0250.cnf,20,91,SAT,4,54,8,1,0.000014
testdata/satlib/sat-uniform-20-91/uf20-0251.cnf,20,91,SAT,8,73,11,1,0.000018
testdata/satlib/sat-uniform-20-91/uf20-0252.cnf,20,91,SAT,0,20,9,1,0.000006
testdata/satlib/sat-uniform-20-91/uf20-0253.cnf,20,91,SAT,9,77,11,1,0.000018
testdata/satlib/sat-uniform-20-91/uf20-0254.cnf,20,91,SAT,2,29,7,1,0.000008
testdata/satlib/sat-uniform-20-91/uf20-0255.cnf,20,91,SAT,6,68,12,1,0.000015
testdata/satlib/sat-uniform-20-91/uf20-0256.cnf,20,91,SAT,0,20,7,1,0.000005
testdata/satlib/sat-uniform-20-91/uf20-0257.cnf,20,91,SAT,11,95,17,1,0.000024
testdata/satlib/sat-uniform-20-91/uf20-0258.cnf,20,91,SAT,3,48,8,1,0.000044
testdata/satlib/sat-uniform-20-91/uf20-0259.cnf,20,91,SAT,10,96,16,1,0.000028
testdata/satlib/sat-uniform-20-91/uf20-026.cnf,20,91,SAT,8,87,12,1,0.000021
testdata/satlib/sat-uniform-20-91/uf20-0260.cnf,20,91,SAT,7,64,11,1,0.000018
testdata/satlib/sat-uniform-20-91/uf20-0261.cnf,20,91,SAT,4,41,11,1,0.000012
testdata/satlib/sat-uniform-20-91/uf20-0262.cnf,20,91,SAT,7,58,13,1,0.000016
testdata/satlib/sat-uniform-20-91/uf20-0263.cnf,20,91,SAT,8,73,15,1,0.000019
testdata/satlib/sat-uniform-20-91/uf20-0264.cnf,20,91,SAT,10,95,16,1,0.000023
testdata/satlib/sat-uniform-20-91/uf20-0265.cnf,20,91,SAT,4,45,11,1,0.000011
testdata/satlib/sat-uniform-20-91/uf20-0266.cnf,20,91,SAT,12,103,19,1,0.000023
testdata/satlib/sat-uniform-20-91/uf20-0267.cnf,20,91,SAT,1,21,6,1,0.000005
testdata/satlib/sat-uniform-20-91/uf20-0268.cnf,20,91,SAT,3,27,12,1,0.000008
testdata/satlib/sat-uniform-20-91/uf20-0269.cnf,20,91,SAT,2,32,11,1,0.000009
testdata/satlib/sat-uniform-20-91/uf20-027.cnf,20,91,SAT,5,56,10,1,0.000013
testdata/satlib/sat-uniform-20-91/uf20-0270.cnf,20,91,SAT,8,86,12,1,0.000022
testdata/satlib/sat-uniform-20-91/uf20-0271.cnf,20,91,SAT,1,21,7,1,0.000006
testdata/satlib/sat-uniform-20-91/uf20-0272.cnf,20,91,SAT,4,51,9,1,0.000013
testdata/satlib/sat-uniform-20-91/uf20-0273.cnf,20,91,SAT,1,23,6,1,0.000007
testdata/satlib/sat-uniform-20-91/uf20-0274.cnf,20,91,SAT,3,37,9,1,0.000009
testdata/satlib/sat-uniform-20-91/uf20-0275.cnf,20,91,SAT,0,20,12,1,0.000006
testdata/satlib/sat-uniform-20-91/uf20-0276.cnf,20,91,SAT,1,22,6,1,0.000007
testdata/satlib/sat-uniform-20-91/uf20-0277.cnf,20,91,SAT,13,110,20,1,0.000026
testdata/satlib/sat-uniform-20-91/uf20-0278.cnf,20,91,SAT,0,20,7,1,0.000005
testdata/satlib/sat-uniform-20-91/uf20-0279.cnf,20,91,SAT,5,65,9,1,0.000016
testdata/satlib/sat-uniform-20-91/uf20-028.cnf,20,91,SAT,9,88,22,1,0.000020
testdata/satlib/sat-uniform-20-91/uf20-0280.cnf,20,91,SAT,5,73,9,1,0.000017
testdata/satlib/sat-uniform-20-91/uf20-0281.cnf,20,91,SAT,3,35,10,1,0.000011
testdata/satlib/sat-uniform-20-91/uf20-0282.cnf,20,91,SAT,2,28,9,1,0.000009
testdata/satlib/sat-uniform-20-91/uf20-0283.cnf,20,91,SAT,1,25,7,1,0.000007
testdata/satlib/sat-uniform-20-91/uf20-0284.cnf,20,91,SAT,10,91,15,1,0.000022
testdata/satlib/sat-uniform-20-91/uf20-0285.cnf,20,91,SAT,6,56,12,1,0.000015
testdata/satlib/sat-uniform-20-91/uf20-0286.cnf,20,91,SAT,5,64,11,1,0.000017
testdata/satlib/sat-uniform-20-91/uf20-0287.cnf,20,91,SAT,4,47,9,1,0.000013
testdata/satlib/sat-uniform-20-91/uf20-0288.cnf,20,91,SAT,0,20,6,1,0.000005
testdata/satlib/sat-uniform-20-91/uf20-0289.cnf,20,91,SAT,12,110,16,1,0.000026
testdata/satlib/sat-uniform-20-91/uf20-029.cnf,20,91,SAT,2,33,8,1,0.000008
testdata/satlib/sat-uniform-20-91/uf20-0290.cnf,20,91,SAT,3,39,7,1,0.000011
testdata/satlib/sat-uniform-20-91/uf20-0291.cnf,20,91,SAT,7,81,15,1,0.000020
testdata/satlib/sat-uniform-20-91/uf20-0292.cnf,20,91,SAT,0,20,4,1,0.000006
testdata/satlib/sat-uniform-20-91/uf20-0293.cnf,20,91,SAT,4,52,9,1,0.000013
testdata/satlib/sat-uniform-20-91/uf20-0294.cnf,20,91,SAT,11,107,18,1,0.000024
testdata/satlib/sat-uniform-20-91/uf20-0295.cnf,20,91,SAT,9,77,13,1,0.000020
testdata/satlib/sat-uniform-20-91/uf20-0296.cnf,20,91,SAT,2,31,8,1,0.000008
testdata/satlib/sat-uniform-20-91/uf20-0297.cnf,20,91,SAT,6,59,10,1,0.000014
testdata/satlib/sat-uniform-20-91/uf20-0298.cnf,20,91,SAT,4,49,7,1,0.000012
testdata/satlib/sat-uniform-20-91/uf20-0299.cnf,20,91,SAT,6,47,11,1,0.000013
testdata/satlib/sat-uniform-20-91/uf20-03.cnf,20,91,SAT,7,85,10,1,0.000019
testdata/satlib/sat-uniform-20-91/uf20-030.cnf,20,91,SAT,3,48,9,1,0.000012
testdata/satlib/sat-uniform-20-91/uf20-0300.cnf,20,91,SAT,3,38,9,1,0.000010
testdata/satlib/sat-uniform-20-91/uf20-0301.cnf,20,91,SAT,5,57,10,1,0.000015
testdata/satlib/sat-uniform-20-91/uf20-0302.cnf,20,91,SAT,0,20,5,1,0.000006
testdata/satlib/sat-uniform-20-91/uf20-0303.cnf,20,91,SAT,14,93,17,1,0.000024
testdata/satlib/sat-uniform-20-91/uf20-0304.cnf,20,91,SAT,7,55,14,1,0.000015
testdata/satlib/sat-uniform-20-91/uf20-0305.cnf,20,91,SAT,9,76,16,1,0.000019
testdata/satlib/sat-uniform-20-91/uf20-0306.cnf,20,91,SAT,3,28,12,1,0.000009
testdata/satlib/sat-uniform-20-91/uf20-0307.cnf,20,91,SAT,16,129,23,1,0.000032
testdata/satlib/sat-uniform-20-91/uf20-0308.cnf,20,91,SAT,4,51,9,1,0.000044
testdata/satlib/sat-uniform-20-91/uf20-0309.cnf,20,91,SAT,6,57,16,1,0.000015
testdata/satlib/sat-uniform-20-91/uf20-031.cnf,20,91,SAT,9,78,12,1,0.000019
testdata/satlib/sat-uniform-20-91/uf20-0310.cnf,20,91,SAT,7,65,13,1,0.000017
testdata/satlib/sat-uniform-20-91/uf20-0311.cnf,20,91,SAT,4,44,9,1,0.000012
testdata/satlib/sat-uniform-20-91/uf20-0312.cnf,20,91,SAT,1,22,6,1,0.000006
testdata/satlib/sat-uniform-20-91/uf20-0313.cnf,20,91,SAT,7,74,12,1,0.000016
testdata/satlib/sat-uniform-20-91/uf20-0314.cnf,20,91,SAT,2,38,7,1,0.000011
testdata/satlib/sat-uniform-20-91/uf20-0315.cnf,20,91,SAT,7,58,13,1,0.000017
testdata/satlib/sat-uniform-20-91/uf20-0316.cnf,20,91,SAT,1,26,5,1,0.000008
testdata/satlib/sat-uniform-20-91/uf20-0317.cnf,20,91,SAT,6,66,12,1,0.000015
testdata/satlib/sat-uniform-20-91/uf20-0318.cnf,20,91,SAT,9,84,15,1,0.000021
testdata/satlib/sat-uniform-20-91/uf20-0319.cnf,20,91,SAT,3,34,9,1,0.000009
testdata/satlib/sat-uniform-20-91/uf20-032.cnf,20,91,SAT,6,66,8,1,0.000016
testdata/satlib/sat-uniform-20-91/uf20-0320.cnf,20,91,SAT,10,79,15,1,0.000019
testdata/satlib/sat-uniform-20-91/uf20-0321.cnf,20,91,SAT,1,29,10,1,0.000007
testdata/satlib/sat-uniform-20-91/uf20-0322.cnf,20,91,SAT,2,27,6,1,0.000008
testdata/satlib/sat-uniform-20-91/uf20-0323.cnf,20,91,SAT,2,36,10,1,0.000010
testdata/satlib/sat-uniform-20-91/uf20-0324.cnf,20,91,SAT,5,52,9,1,0.000014
testdata/satlib/sat-uniform-20-91/uf20-0325.cnf,20,91,SAT,9,91,13,1,0.000023
testdata/satlib/sat-uniform-20-91/uf20-0326.cnf,20,91,SAT,4,45,7,1,0.000013
testdata/satlib/sat-uniform-20-91/uf20-0327.cnf,20,91,SAT,8,67,15,1,0.000018
testdata/satlib/sat-uniform-20-91/uf20-0328.cnf,20,91,SAT,0,20,5,1,0.000005
testdata/satlib/sat-uniform-20-91/uf20-0329.cnf,20,91,SAT,2,33,6,1,0.000009
testdata/satlib/sat-uniform-20-91/uf20-033.cnf,20,91,SAT,0,20,8,1,0.000006
testdata/satlib/sat-uniform-20-91/uf20-0330.cnf,20,91,SAT,0,20,6,1,0.000005
testdata/satlib/sat-uniform-20-91/uf20-0331.cnf,20,91,SAT,8,86,14,1,0.000021
testdata/satlib/sat-uniform-20-91/uf20-0332.cnf,20,91,SAT,11,86,15,1,0.000020
testdata/satlib/sat-uniform-20-91/uf20-0333.cnf,20,91,SAT,9,73,14,1,0.000019
testdata/satlib/sat-uniform-20-91/uf20-0334.cnf,20,91,SAT,6,47,16,1,0.000013
testdata/satlib/sat-uniform-20-91/uf20-0335.cnf,20,91,SAT,0,20,4,1,0.000006
testdata/satlib/sat-uniform-20-91/uf20-0336.cnf,20,91,SAT,11,102,17,1,0.000025
testdata/satlib/sat-uniform-20-91/uf20-0337.cnf,20,91,SAT,5,56,11,1,0.000014
testdata/satlib/sat-uniform-20-91/uf20-0338.cnf,20,91,SAT,0,20,4,1,0.000005
testdata/satlib/sat-uniform-20-91/uf20-0339.cnf,20,91,SAT,12,91,20,1,0.000023
testdata/satlib/sat-uniform-20-91/uf20-034.cnf,20,91,SAT,6,54,15,1,0.000014
testdata/satlib/sat-uniform-20-91/uf20-0340.cnf,20,91,SAT,7,63,14,1,0.000016
testdata/satlib/sat-uniform-20-91/uf20-0341.cnf,20,91,SAT,3,29,12,1,0.000008
testdata/satlib/sat-uniform-20-91/uf20-0342.cnf,20,91,SAT,3,45,11,1,0.000013
testdata/satlib/sat-uniform-20-91/uf20-0343.cnf,20,91,SAT,10,100,17,1,0.000023
testdata/satlib/sat-uniform-20-91/uf20-0344.cnf,20,91,SAT,10,102,17,1,0.000024
testdata/satlib/sat-uniform-20-91/uf20-0345.cnf,20,91,SAT,3,49,7,1,0.000012
testdata/satlib/sat-uniform-20-91/uf20-0346.cnf,20,91,SAT,0,20,5,1,0.000005
testdata/satlib/sat-uniform-20-91/uf20-0347.cnf,20,91,SAT,9,88,18,1,0.000023
testdata/satlib/sat-uniform-20-91/uf20-0348.cnf,20,91,SAT,8,83,14,1,0.000020
testdata/satlib/sat-uniform-20-91/uf20-0349.cnf,20,91,SAT,0,20,6,1,0.000005
testdata/satlib/sat-uniform-20-91/uf20-035.cnf,20,91,SAT,6,69,11,1,0.000017
testdata/satlib/sat-uniform-20-91/uf20-0350.cnf,20,91,SAT,8,74,12,1,0.000018
testdata/satlib/sat-uniform-20-91/uf20-0351.cnf,20,91,SAT,2,35,8,1,0.000011
testdata/satlib/sat-uniform-20-91/uf20-0352.cnf,20,91,SAT,3,31,8,1,0.000009
testdata/satlib/sat-uniform-20-91/uf20-0353.cnf,20,91,SAT,1,28,7,1,0.000008
testdata/satlib/sat-uniform-20-91/uf20-0354.cnf,20,91,SAT,2,26,9,1,0.000007
testdata/satlib/sat-uniform-20-91/uf20-0355.cnf,20,91,SAT,9,81,17,1,0.000020
testdata/satlib/sat-uniform-20-91/uf20-0356.cnf,20,91,SAT,3,42,7,1,0.000011
testdata/satlib/sat-uniform-20-91/uf20-0357.cnf,20,91,SAT,2,41,9,1,0.000011
testdata/satlib/sat-uniform-20-91/uf20-0358.cnf,20,91,SAT,14,120,23,1,0.000027
testdata/satlib/sat-uniform-20-91/uf20-0359.cnf,20,91,SAT,6,56,13,1,0.000016
testdata/satlib/sat-uniform-20-91/uf20-036.cnf,20,91,SAT,5,56,11,1,0.000015
testdata/satlib/sat-uniform-20-91/uf20-0360.cnf,20,91,SAT,3,32,12,1,0.000020
testdata/satlib/sat-uniform-20-91/uf20-0361.cnf,20,91,SAT,1,26,6,1,0.000008
testdata/satlib/sat-uniform-20-91/uf20-0362.cnf,20,91,SAT,11,92,15,1,0.000024
testdata/satlib/sat-uniform-20-91/uf20-0363.cnf,20,91,SAT,1,30,7,1,0.000008
testdata/satlib/sat-uniform-20-91/uf20-0364.cnf,20,91,SAT,8,74,11,1,0.000018
testdata/satlib/sat-uniform-20-91/uf20-0365.cnf,20,91,SAT,3,39,11,1,0.000010
testdata/satlib/sat-uniform-20-91/uf20-0366.cnf,20,91,SAT,6,59,15,1,0.000014
testdata/satlib/sat-uniform-20-91/uf20-0367.cnf,20,91,SAT,3,37,10,1,0.000010
testdata/satlib/sat-uniform-20-91/uf20-0368.cnf,20,91,SAT,1,29,6,1,0.000008
testdata/satlib/sat-uniform-20-91/uf20-0369.cnf,20,91,SAT,5,55,11,1,0.000015
testdata/satlib/sat-uniform-20-91/uf20-037.cnf,20,91,SAT,4,38,7,1,0.000012
testdata/satlib/sat-uniform-20-91/uf20-0370.cnf,20,91,SAT,5,53,10,1,0.000014
testdata/satlib/sat-uniform-20-91/uf20-0371.cnf,20,91,SAT,12,110,18,1,0.000027
testdata/satlib/sat-uniform-20-91/uf20-0372.cnf,20,91,SAT,1,32,8,1,0.000008
testdata/satlib/sat-uniform-20-91/uf20-0373.cnf,20,91,SAT,0,20,9,1,0.000006
testdata/satlib/sat-uniform-20-91/uf20-0374.cnf,20,91,SAT,10,99,13,1,0.000023
testdata/satlib/sat-uniform-20-91/uf20-0375.cnf,20,91,SAT,6,59,16,1,0.000014
testdata/satlib/sat-uniform-20-91/uf20-0376.cnf,20,91,SAT,2,33,9,1,0.000009
testdata/satlib/sat-uniform-20-91/uf20-0377.cnf,20,91,SAT,3,36,7,1,0.000010
testdata/satlib/sat-uniform-20-91/uf20-0378.cnf,20,91,SAT,0,20,5,1,0.000005
testdata/satlib/sat-uniform-20-91/uf20-0379.cnf,20,91,SAT,2,42,7,1,0.000010
testdata/satlib/sat-uniform-20-91/uf20-038.cnf,20,91,SAT,1,27,11,1,0.000008
testdata/satlib/sat-uniform-20-91/uf20-0380.cnf,20,91,SAT,0,20,6,1,0.000006
testdata/satlib/sat-uniform-20-91/uf20-0381.cnf,20,91,SAT,14,111,16,1,0.000028
testdata/satlib/sat-uniform-20-91/uf20-0382.cnf,20,91,SAT,1,23,7,1,0.000006
testdata/satlib/sat-uniform-20-91/uf20-0383.cnf,20,91,SAT,5,45,13,1,0.000012
testdata/satlib/sat-uniform-20-91/uf20-0384.cnf,20,91,SAT,14,119,24,1,0.000027
testdata/satlib/sat-uniform-20-91/uf20-0385.cnf,20,91,SAT,10,94,14,1,0.000024
testdata/satlib/sat-uniform-20-91/uf20-0386.cnf,20,91,SAT,18,158,20,1,0.000034
testdata/satlib/sat-uniform-20-91/uf20-0387.cnf,20,91,SAT,5,46,12,1,0.000013
testdata/satlib/sat-uniform-20-91/uf20-0388.cnf,20,91,SAT,14,110,20,1,0.000027
testdata/satlib/sat-uniform-20-91/uf20-0389.cnf,20,91,SAT,0,20,5,1,0.000006
testdata/satlib/sat-uniform-20-91/uf20-039.cnf,20,91,SAT,4,53,9,1,0.000013
testdata/satlib/sat-uniform-20-91/uf20-0390.cnf,20,91,SAT,2,31,7,1,0.000009
testdata/satlib/sat-uniform-20-91/uf20-0391.cnf,20,91,SAT,4,45,9,1,0.000012
testdata/satlib/sat-uniform-20-91/uf20-0392.cnf,20,91,SAT,3,49,7,1,0.000012
testdata/satlib/sat-uniform-20-91/uf20-0393.cnf,20,91,SAT,1,26,11,1,0.000008
testdata/satlib/sat-uniform-20-91/uf20-0394.cnf,20,91,SAT,7,76,12,1,0.000018
testdata/satlib/sat-uniform-20-91/uf20-0395.cnf,20,91,SAT,1,21,7,1,0.000006
testdata/satlib/sat-uniform-20-91/uf20-0396.cnf,20,91,SAT,0,20,8,1,0.000006
testdata/satlib/sat-uniform-20-91/uf20-0397.cnf,20,91,SAT,7,77,15,1,0.000018
testdata/satlib/sat-uniform-20-91/uf20-0398.cnf,20,91,SAT,4,43,7,1,0.000011
testdata/satlib/sat-uniform-20-91/uf20-0399.cnf,20,91,SAT,2,35,7,1,0.000009
testdata/satlib/sat-uniform-20-91/uf20-04.cnf,20,91,SAT,7,69,11,1,0.000018
testdata/satlib/sat-uniform-20-91/uf20-040.cnf,20,91,SAT,3,25,11,1,0.000008
testdata/satlib/sat-uniform-20-91/uf20-0400.cnf,20,91,SAT,1,23,8,1,0.000007
testdata/satlib/sat-uniform-20-91/uf20-0401.cnf,20,91,SAT,2,32,11,1,0.000009
testdata/satlib/sat-uniform-20-91/uf20-0402.cnf,20,91,SAT,4,56,8,1,0.000014
testdata/satlib/sat-uniform-20-91/uf20-0403.cnf,20,91,SAT,6,63,17,1,0.000015
testdata/satlib/sat-uniform-20-91/uf20-0404.cnf,20,91,SAT,8,72,13,1,0.000019
testdata/satlib/sat-uniform-20-91/uf20-0405.cnf,20,91,SAT,3,41,13,1,0.000010
testdata/satlib/sat-uniform-20-91/uf20-0406.cnf,20,91,SAT,8,64,14,1,0.000016
testdata/satlib/sat-uniform-20-91/uf20-0407.cnf,20,91,SAT,4,49,8,1,0.000012
testdata/satlib/sat-uniform-20-91/uf20-0408.cnf,20,91,SAT,10,89,18,1,0.000022
testdata/satlib/sat-uniform-20-91/uf20-0409.cnf,20,91,SAT,11,88,16,1,0.000022
testdata/satlib/sat-uniform-20-91/uf20-041.cnf,20,91,SAT,7,62,10,1,0.000016
testdata/satlib/sat-uniform-20-91/uf20-0410.cnf,20,91,SAT,10,82,14,1,0.000021
testdata/satlib/sat-uniform-20-91/uf20-0411.cnf,20,91,SAT,11,87,17,1,0.000128
testdata/satlib/sat-uniform-20-91/uf20-0412.cnf,20,91,SAT,3,32,9,1,0.000011
testdata/satlib/sat-uniform-20-91/uf20-0413.cnf,20,91,SAT,10,102,18,1,0.000025
testdata/satlib/sat-uniform-20-91/uf20-0414.cnf,20,91,SAT,13,111,19,1,0.000028
testdata/satlib/sat-uniform-20-91/uf20-0415.cnf,20,91,SAT,5,55,11,1,0.000015
testdata/satlib/sat-uniform-20-91/uf20-0416.cnf,20,91,SAT,4,47,10,1,0.000012
testdata/satlib/sat-uniform-20-91/uf20-0417.cnf,20,91,SAT,1,26,7,1,0.000007
testdata/satlib/sat-uniform-20-91/uf20-0418.cnf,20,91,SAT,1,22,7,1,0.000006
testdata/satlib/sat-uniform-20-91/uf20-0419.cnf,20,91,SAT,7,65,8,1,0.000017
testdata/satlib/sat-uniform-20-91/uf20-042.cnf,20,91,SAT,2,33,9,1,0.000009
testdata/satlib/sat-uniform-20-91/uf20-0420.cnf,20,91,SAT,15,117,22,1,0.000029
testdata/satlib/sat-uniform-20-91/uf20-0421.cnf,20,91,SAT,2,30,9,1,0.000008
testdata/satlib/sat-uniform-20-91/uf20-0422.cnf,20,91,SAT,7,64,13,1,0.000016
testdata/satlib/sat-uniform-20-91/uf20-0423.cnf,20,91,SAT,2,33,10,1,0.000009
testdata/satlib/sat-uniform-20-91/uf20-0424.cnf,20,91,SAT,6,68,12,1,0.000018
testdata/satlib/sat-uniform-20-91/uf20-0425.cnf,20,91,SAT,7,85,12,1,0.000020
testdata/satlib/sat-uniform-20-91/uf20-0426.cnf,20,91,SAT,10,84,16,1,0.000021
testdata/satlib/sat-uniform-20-91/uf20-0427.cnf,20,91,SAT,4,42,11,1,0.000011
testdata/satlib/sat-uniform-20-91/uf20-0428.cnf,20,91,SAT,12,97,23,1,0.000023
testdata/satlib/sat-uniform-20-91/uf20-0429.cnf,20,91,SAT,8,65,16,1,0.000017
testdata/satlib/sat-uniform-20-91/uf20-043.cnf,20,91,SAT,12,102,17,1,0.000027
testdata/satlib/sat-uniform-20-91/uf20-0430.cnf,20,91,SAT,2,40,8,1,0.000010
testdata/satlib/sat-uniform-20-91/uf20-0431.cnf,20,91,SAT,2,27,7,1,0.000008
testdata/satlib/sat-uniform-20-91/uf20-0432.cnf,20,91,SAT,3,35,8,1,0.000009
testdata/satlib/sat-uniform-20-91/uf20-0433.cnf,20,91,SAT,1,31,11,1,0.000008
testdata/satlib/sat-uniform-20-91/uf20-0434.cnf,20,91,SAT,2,33,7,1,0.000009
testdata/satlib/sat-uniform-20-91/uf20-0435.cnf,20,91,SAT,12,105,15,1,0.000026
testdata/satlib/sat-uniform-20-91/uf20-0436.cnf,20,91,SAT,1,29,6,1,0.000008
testdata/satlib/sat-uniform-20-91/uf20-0437.cnf,20,91,SAT,5,58,13,1,0.000014
testdata/satlib/sat-uniform-20-91/uf20-0438.cnf,20,91,SAT,1,25,8,1,0.000007
testdata/satlib/sat-uniform-20-91/uf20-0439.cnf,20,91,SAT,4,52,11,1,0.000012
testdata/satlib/sat-uniform-20-91/uf20-044.cnf,20,91,SAT,2,29,11,1,0.000009
testdata/satlib/sat-uniform-20-91/uf20-0440.cnf,20,91,SAT,9,91,12,1,0.000022
testdata/satlib/sat-uniform-20-91/uf20-0441.cnf,20,91,SAT,0,20,11,1,0.000005
testdata/satlib/sat-uniform-20-91/uf20-0442.cnf,20,91,SAT,1,28,7,1,0.000008
testdata/satlib/sat-uniform-20-91/uf20-0443.cnf,20,91,SAT,3,42,10,1,0.000011
testdata/satlib/sat-uniform-20-91/uf20-0444.cnf,20,91,SAT,1,28,8,1,0.000007
testdata/satlib/sat-uniform-20-91/uf20-0445.cnf,20,91,SAT,0,20,6,1,0.000005
testdata/satlib/sat-uniform-20-91/uf20-0446.cnf,20,91,SAT,0,20,9,1,0.000005
testdata/satlib/sat-uniform-20-91/uf20-0447.cnf,20,91,SAT,2,31,9,1,0.000009
testdata/satlib/sat-uniform-20-91/uf20-0448.cnf,20,91,SAT,8,64,16,1,0.000017
testdata/satlib/sat-uniform-20-91/uf20-0449.cnf,20,91,SAT,6,55,12,1,0.000015
testdata/satlib/sat-uniform-20-91/uf20-045.cnf,20,91,SAT,7,68,11,1,0.000017
testdata/satlib/sat-uniform-20-91/uf20-0450.cnf,20,91,SAT,1,22,10,1,0.000006
testdata/satlib/sat-uniform-20-91/uf20-0451.cnf,20,91,SAT,3,43,10,1,0.000011
testdata/satlib/sat-uniform-20-91/uf20-0452.cnf,20,91,SAT,0,20,6,1,0.000006
testdata/satlib/sat-uniform-20-91/uf20-0453.cnf,20,91,SAT,14,100,18,1,0.000028
testdata/satlib/sat-uniform-20-91/uf20-0454.cnf,20,91,SAT,10,78,15,1,0.000021
testdata/satlib/sat-uniform-20-91/uf20-0455.cnf,20,91,SAT,7,82,14,1,0.000018
testdata/satlib/sat-uniform-20-91/uf20-0456.cnf,20,91,SAT,0,20,7,1,0.000006
testdata/satlib/sat-uniform-20-91/uf20-0457.cnf,20,91,SAT,2,24,9,1,0.000007
testdata/satlib/sat-uniform-20-91/uf20-0458.cnf,20,91,SAT,16,128,18,1,0.000032
testdata/satlib/sat-uniform-20-91/uf20-0459.cnf,20,91,SAT,5,50,12,1,0.000014
testdata/satlib/sat-uniform-20-91/uf20-046.cnf,20,91,SAT,8,65,15,1,0.000016
testdata/satlib/sat-uniform-20-91/uf20-0460.cnf,20,91,SAT,2,35,10,1,0.000009
testdata/satlib/sat-uniform-20-91/uf20-0461.cnf,20,91,SAT,5,45,8,1,0.000012
testdata/satlib/sat-uniform-20-91/uf20-0462.cnf,20,91,SAT,3,45,9,1,0.000012
testdata/satlib/sat-uniform-20-91/uf20-0463.cnf,20,91,SAT,6,71,10,1,0.000017
testdata/satlib/sat-uniform-20-91/uf20-0464.cnf,20,91,SAT,12,95,17,1,0.000065
testdata/satlib/sat-uniform-20-91/uf20-0465.cnf,20,91,SAT,14,120,19,1,0.000030
testdata/satlib/sat-uniform-20-91/uf20-0466.cnf,20,91,SAT,2,31,7,1,0.000010
testdata/satlib/sat-uniform-20-91/uf20-0467.cnf,20,91,SAT,8,59,15,1,0.000015
testdata/satlib/sat-uniform-20-91/uf20-0468.cnf,20,91,SAT,4,56,8,1,0.000014
testdata/satlib/sat-uniform-20-91/uf20-0469.cnf,20,91,SAT,4,34,11,1,0.000010
testdata/satlib/sat-uniform-20-91/uf20-047.cnf,20,91,SAT,1,21,7,1,0.000007
testdata/satlib/sat-uniform-20-91/uf20-0470.cnf,20,91,SAT,0,20,6,1,0.000005
testdata/satlib/sat-uniform-20-91/uf20-0471.cnf,20,91,SAT,9,74,13,1,0.000020
testdata/satlib/sat-uniform-20-91/uf20-0472.cnf,20,91,SAT,5,54,13,1,0.000013
testdata/satlib/sat-uniform-20-91/uf20-0473.cnf,20,91,SAT,9,80,15,1,0.000019
testdata/satlib/sat-uniform-20-91/uf20-0474.cnf,20,91,SAT,3,31,9,1,0.000009
testdata/satlib/sat-uniform-20-91/uf20-0475.cnf,20,91,SAT,6,60,12,1,0.000017
testdata/satlib/sat-uniform-20-91/uf20-0476.cnf,20,91,SAT,3,40,7,1,0.000011
testdata/satlib/sat-uniform-20-91/uf20-0477.cnf,20,91,SAT,7,64,9,1,0.000016
testdata/satlib/sat-uniform-20-91/uf20-0478.cnf,20,91,SAT,10,77,18,1,0.000021
testdata/satlib/sat-uniform-20-91/uf20-0479.cnf,20,91,SAT,6,60,13,1,0.000015
testdata/satlib/sat-uniform-20-91/uf20-048.cnf,20,91,SAT,9,71,11,1,0.000018
testdata/satlib/sat-uniform-20-91/uf20-0480.cnf,20,91,SAT,2,33,8,1,0.000009
testdata/satlib/sat-uniform-20-91/uf20-0481.cnf,20,91,SAT,12,109,18,1,0.000024
testdata/satlib/sat-uniform-20-91/uf20-0482.cnf,20,91,SAT,8,65,20,1,0.000017
testdata/satlib/sat-uniform-20-91/uf20-0483.cnf,20,91,SAT,3,37,10,1,0.000010
testdata/satlib/sat-uniform-20-91/uf20-0484.cnf,20,91,SAT,0,20,5,1,0.000005
testdata/satlib/sat-uniform-20-91/uf20-0485.cnf,20,91,SAT,9,91,19,1,0.000022
testdata/satlib/sat-uniform-20-91/uf20-0486.cnf,20,91,SAT,6,52,10,1,0.000015
testdata/satlib/sat-uniform-20-91/uf20-0487.cnf,20,91,SAT,7,68,14,1,0.000016
testdata/satlib/sat-uniform-20-91/uf20-0488.cnf,20,91,SAT,9,66,14,1,0.000017
testdata/satlib/sat-uniform-20-91/uf20-0489.cnf,20,91,SAT,7,59,13,1,0.000016
testdata/satlib/sat-uniform-20-91/uf20-049.cnf,20,91,SAT,0,20,7,1,0.000006
testdata/satlib/sat-uniform-20-91/uf20-0490.cnf,20,91,SAT,7,68,11,1,0.000016
testdata/satlib/sat-uniform-20-91/uf20-0491.cnf,20,91,SAT,12,106,19,1,0.000026
testdata/satlib/sat-uniform-20-91/uf20-0492.cnf,20,91,SAT,2,33,8,1,0.000009
testdata/satlib/sat-uniform-20-91/uf20-0493.cnf,20,91,SAT,7,74,12,1,0.000016
testdata/satlib/sat-uniform-20-91/uf20-0494.cnf,20,91,SAT,3,49,9,1,0.000012
testdata/satlib/sat-uniform-20-91/uf20-0495.cnf,20,91,SAT,17,113,24,1,0.000029
testdata/satlib/sat-uniform-20-91/uf20-0496.cnf,20,91,SAT,5,43,12,1,0.000012
testdata/satlib/sat-uniform-20-91/uf20-0497.cnf,20,91,SAT,1,23,8,1,0.000007
testdata/satlib/sat-uniform-20-91/uf20-0498.cnf,20,91,SAT,10,96,18,1,0.000023
testdata/satlib/sat-uniform-20-91/uf20-0499.cnf,20,91,SAT,2,33,10,1,0.000008
testdata/satlib/sat-uniform-20-91/uf20-05.cnf,20,91,SAT,4,47,11,1,0.000014
testdata/satlib/sat-uniform-20-91/uf20-050.cnf,20,91,SAT,5,59,9,1,0.000014
testdata/satlib/sat-uniform-20-91/uf20-0500.cnf,20,91,SAT,4,55,9,1,0.000014
testdata/satlib/sat-uniform-20-91/uf20-0501.cnf,20,91,SAT,8,67,13,1,0.000017
testdata/satlib/sat-uniform-20-91/uf20-0502.cnf,20,91,SAT,5,43,14,1,0.000012
testdata/satlib/sat-uniform-20-91/uf20-0503.cnf,20,91,SAT,2,36,13,1,0.000009
testdata/satlib/sat-uniform-20-91/uf20-0504.cnf,20,91,SAT,2,34,7,1,0.000010
testdata/satlib/sat-uniform-20-91/uf20-0505.cnf,20,91,SAT,2,35,6,1,0.000009
testdata/satlib/sat-uniform-20-91/uf20-0506.cnf,20,91,SAT,4,48,13,1,0.000011
testdata/satlib/sat-uniform-20-91/uf20-0507.cnf,20,91,SAT,4,39,20,1,0.000011
testdata/satlib/sat-uniform-20-91/uf20-0508.cnf,20,91,SAT,4,52,10,1,0.000012
testdata/satlib/sat-uniform-20-91/uf20-0509.cnf,20,91,SAT,8,82,16,1,0.000019
testdata/satlib/sat-uniform-20-91/uf20-051.cnf,20,91,SAT,5,53,9,1,0.000013
testdata/satlib/sat-uniform-20-91/uf20-0510.cnf,20,91,SAT,6,58,12,1,0.000015
testdata/satlib/sat-uniform-20-91/uf20-0511.cnf,20,91,SAT,2,26,10,1,0.000007
testdata/satlib/sat-uniform-20-91/uf20-0512.cnf,20,91,SAT,3,31,12,1,0.000009
testdata/satlib/sat-uniform-20-91/uf20-0513.cnf,20,91,SAT,9,80,12,1,0.000019
testdata/satlib/sat-uniform-20-91/uf20-0514.cnf,20,91,SAT,3,41,6,1,0.000037
testdata/satlib/sat-uniform-20-91/uf20-0515.cnf,20,91,SAT,4,61,10,1,0.000016
testdata/satlib/sat-uniform-20-91/uf20-0516.cnf,20,91,SAT,7,52,16,1,0.000015
testdata/satlib/sat-uniform-20-91/uf20-0517.cnf,20,91,SAT,9,92,16,1,0.000022
testdata/satlib/sat-uniform-20-91/uf20-0518.cnf,20,91,SAT,9,79,13,1,0.000019
testdata/satlib/sat-uniform-20-91/uf20-0519.cnf,20,91,SAT,3,36,8,1,0.000010
testdata/satlib/sat-uniform-20-91/uf20-052.cnf,20,91,SAT,2,28,4,1,0.000009
testdata/satlib/sat-uniform-20-91/uf20-0520.cnf,20,91,SAT,3,40,8,1,0.000011
testdata/satlib/sat-uniform-20-91/uf20-0521.cnf,20,91,SAT,12,103,15,1,0.000025
testdata/satlib/sat-uniform-20-91/uf20-0522.cnf,20,91,SAT,6,67,12,1,0.000017
testdata/satlib/sat-uniform-20-91/uf20-0523.cnf,20,91,SAT,6,64,12,1,0.000016
testdata/satlib/sat-uniform-20-91/uf20-0524.cnf,20,91,SAT,5,63,10,1,0.000016
testdata/satlib/sat-uniform-20-91/uf20-0525.cnf,20,91,SAT,0,20,7,1,0.000005
testdata/satlib/sat-uniform-20-91/uf20-0526.cnf,20,91,SAT,2,29,8,1,0.000008
testdata/satlib/sat-uniform-20-91/uf20-0527.cnf,20,91,SAT,6,60,16,1,0.000015
testdata/satlib/sat-uniform-20-91/uf20-0528.cnf,20,91,SAT,1,25,5,1,0.000007
testdata/satlib/sat-uniform-20-91/uf20-0529.cnf,20,91,SAT,7,70,15,1,0.000019
testdata/satlib/sat-uniform-20-91/uf20-053.cnf,20,91,SAT,17,127,23,1,0.000032
testdata/satlib/sat-uniform-20-91/uf20-0530.cnf,20,91,SAT,9,74,13,1,0.000018
testdata/satlib/sat-uniform-20-91/uf20-0531.cnf,20,91,SAT,2,32,10,1,0.000010
testdata/satlib/sat-uniform-20-91/uf20-0532.cnf,20,91,SAT,6,59,11,1,0.000015
testdata/satlib/sat-uniform-20-91/uf20-0533.cnf,20,91,SAT,7,61,14,1,0.000016
testdata/satlib/sat-uniform-20-91/uf20-0534.cnf,20,91,SAT,2,46,6,1,0.000011
testdata/satlib/sat-uniform-20-91/uf20-0535.cnf,20,91,SAT,6,60,14,1,0.000016
testdata/satlib/sat-uniform-20-91/uf20-0536.cnf,20,91,SAT,8,75,12,1,0.000017
testdata/satlib/sat-uniform-20-91/uf20-0537.cnf,20,91,SAT,7,58,13,1,0.000016
testdata/satlib/sat-uniform-20-91/uf20-0538.cnf,20,91,SAT,7,62,12,1,0.000015
testdata/satlib/sat-uniform-20-91/uf20-0539.cnf,20,91,SAT,6,58,13,1,0.000014
testdata/satlib/sat-uniform-20-91/uf20-054.cnf,20,91,SAT,1,27,10,1,0.000008
testdata/satlib/sat-uniform-20-91/uf20-0540.cnf,20,91,SAT,3,32,8,1,0.000009
testdata/satlib/sat-uniform-20-91/uf20-0541.cnf,20,91,SAT,3,36,10,1,0.000010
testdata/satlib/sat-uniform-20-91/uf20-0542.cnf,20,91,SAT,11,108,13,1,0.000024
testdata/satlib/sat-uniform-20-91/uf20-0543.cnf,20,91,SAT,3,38,8,1,0.000010
testdata/satlib/sat-uniform-20-91/uf20-0544.cnf,20,91,SAT,3,36,12,1,0.000010
testdata/satlib/sat-uniform-20-91/uf20-0545.cnf,20,91,SAT,9,89,12,1,0.000021
testdata/satlib/sat-uniform-20-91/uf20-0546.cnf,20,91,SAT,14,110,22,1,0.000027
testdata/satlib/sat-uniform-20-91/uf20-0547.cnf,20,91,SAT,4,44,9,1,0.000013
testdata/satlib/sat-uniform-20-91/uf20-0548.cnf,20,91,SAT,2,47,7,1,0.000012
testdata/satlib/sat-uniform-20-91/uf20-0549.cnf,20,91,SAT,4,48,10,1,0.000013
testdata/satlib/sat-uniform-20-91/uf20-055.cnf,20,91,SAT,7,65,12,1,0.000017
testdata/satlib/sat-uniform-20-91/uf20-0550.cnf,20,91,SAT,8,75,11,1,0.000019
testdata/satlib/sat-uniform-20-91/uf20-0551.cnf,20,91,SAT,7,73,12,1,0.000019
testdata/satlib/sat-uniform-20-91/uf20-0552.cnf,20,91,SAT,12,96,16,1,0.000026
testdata/satlib/sat-uniform-20-91/uf20-0553.cnf,20,91,SAT,4,49,8,1,0.000013
testdata/satlib/sat-uniform-20-91/uf20-0554.cnf,20,91,SAT,7,56,15,1,0.000015
testdata/satlib/sat-uniform-20-91/uf20-0555.cnf,20,91,SAT,5,59,15,1,0.000014
testdata/satlib/sat-uniform-20-91/uf20-0556.cnf,20,91,SAT,3,38,9,1,0.000010
testdata/satlib/sat-uniform-20-91/uf20-0557.cnf,20,91,SAT,4,30,11,1,0.000010
testdata/satlib/sat-uniform-20-91/uf20-0558.cnf,20,91,SAT,0,20,7,1,0.000005
testdata/satlib/sat-uniform-20-91/uf20-0559.cnf,20,91,SAT,4,41,9,1,0.000011
testdata/satlib/sat-uniform-20-91/uf20-056.cnf,20,91,SAT,0,20,5,1,0.000006
testdata/satlib/sat-uniform-20-91/uf20-0560.cnf,20,91,SAT,7,70,13,1,0.000018
testdata/satlib/sat-uniform-20-91/uf20-0561.cnf,20,91,SAT,3,32,6,1,0.000009
testdata/satlib/sat-uniform-20-91/uf20-0562.cnf,20,91,SAT,4,38,8,1,0.000010
testdata/satlib/sat-uniform-20-91/uf20-0563.cnf,20,91,SAT,7,68,13,1,0.000017
testdata/satlib/sat-uniform-20-91/uf20-0564.cnf,20,91,SAT,4,56,13,1,0.000013
testdata/satlib/sat-uniform-20-91/uf20-0565.cnf,20,91,SAT,11,79,17,1,0.000019
testdata/satlib/sat-uniform-20-91/uf20-0566.cnf,20,91,SAT,8,85,17,1,0.000084
testdata/satlib/sat-uniform-20-91/uf20-0567.cnf,20,91,SAT,0,20,10,1,0.000007
testdata/satlib/sat-uniform-20-91/uf20-0568.cnf,20,91,SAT,3,38,9,1,0.000013
testdata/satlib/sat-uniform-20-91/uf20-0569.cnf,20,91,SAT,2,27,10,1,0.000009
testdata/satlib/sat-uniform-20-91/uf20-057.cnf,20,91,SAT,7,68,12,1,0.000019
testdata/satlib/sat-uniform-20-91/uf20-0570.cnf,20,91,SAT,2,32,9,1,0.000008
testdata/satlib/sat-uniform-20-91/uf20-0571.cnf,20,91,SAT,0,20,7,1,0.000005
testdata/satlib/sat-uniform-20-91/uf20-0572.cnf,20,91,SAT,1,29,5,1,0.000008
testdata/satlib/sat-uniform-20-91/uf20-0573.cnf,20,91,SAT,5,68,10,1,0.000017
testdata/satlib/sat-uniform-20-91/uf20-0574.cnf,20,91,SAT,3,38,8,1,0.000010
testdata/satlib/sat-uniform-20-91/uf20-0575.cnf,20,91,SAT,11,109,15,1,0.000026
testdata/satlib/sat-uniform-20-91/uf20-0576.cnf,20,91,SAT,11,91,12,1,0.000024
testdata/satlib/sat-uniform-20-91/uf20-0577.cnf,20,91,SAT,2,32,11,1,0.000009
testdata/satlib/sat-uniform-20-91/uf20-0578.cnf,20,91,SAT,1,25,8,1,0.000007
testdata/satlib/sat-uniform-20-91/uf20-0579.cnf,20,91,SAT,10,88,16,1,0.000021
testdata/satlib/sat-uniform-20-91/uf20-058.cnf,20,91,SAT,1,29,7,1,0.000008
testdata/satlib/sat-uniform-20-91/uf20-0580.cnf,20,91,SAT,5,60,12,1,0.000014
testdata/satlib/sat-uniform-20-91/uf20-0581.cnf,20,91,SAT,2,36,7,1,0.000010
testdata/satlib/sat-uniform-20-91/uf20-0582.cnf,20,91,SAT,11,85,14,1,0.000023
testdata/satlib/sat-uniform-20-91/uf20-0583.cnf,20,91,SAT,8,67,15,1,0.000017
testdata/satlib/sat-uniform-20-91/uf20-0584.cnf,20,91,SAT,14,117,17,1,0.000029
testdata/satlib/sat-uniform-20-91/uf20-0585.cnf,20,91,SAT,2,45,8,1,0.000012
testdata/satlib/sat-uniform-20-91/uf20-0586.cnf,20,91,SAT,2,24,7,1,0.000008
testdata/satlib/sat-uniform-20-91/uf20-0587.cnf,20,91,SAT,5,49,12,1,0.000014
testdata/satlib/sat-uniform-20-91/uf20-0588.cnf,20,91,SAT,1,31,9,1,0.000008
testdata/satlib/sat-uniform-20-91/uf20-0589.cnf,20,91,SAT,7,70,14,1,0.000018
testdata/satlib/sat-uniform-20-91/uf20-059.cnf,20,91,SAT,6,45,11,1,0.000014
testdata/satlib/sat-uniform-20-91/uf20-0590.cnf,20,91,SAT,15,110,21,1,0.000029
testdata/satlib/sat-uniform-20-91/uf20-0591.cnf,20,91,SAT,18,116,24,1,0.000031
testdata/satlib/sat-uniform-20-91/uf20-0592.cnf,20,91,SAT,4,59,9,1,0.000015
testdata/satlib/sat-uniform-20-91/uf20-0593.cnf,20,91,SAT,4,59,12,1,0.000014
testdata/satlib/sat-uniform-20-91/uf20-0594.cnf,20,91,SAT,14,110,15,1,0.000026
testdata/satlib/sat-uniform-20-91/uf20-0595.cnf,20,91,SAT,4,41,9,1,0.000011
testdata/satlib/sat-uniform-20-91/uf20-0596.cnf,20,91,SAT,7,67,15,1,0.000017
testdata/satlib/sat-uniform-20-91/uf20-0597.cnf,20,91,SAT,10,106,16,1,0.000024
testdata/satlib/sat-uniform-20-91/uf20-0598.cnf,20,91,SAT,6,68,12,1,0.000017
testdata/satlib/sat-uniform-20-91/uf20-0599.cnf,20,91,SAT,18,145,22,1,0.000034
testdata/satlib/sat-uniform-20-91/uf20-06.cnf,20,91,SAT,14,108,17,1,0.000027
testdata/satlib/sat-uniform-20-91/uf20-060.cnf,20,91,SAT,10,91,18,1,0.000023
testdata/satlib/sat-uniform-20-91/uf20-0600.cnf,20,91,SAT,11,72,14,1,0.000018
testdata/satlib/sat-uniform-20-91/uf20-0601.cnf,20,91,SAT,6,75,11,1,0.000017
testdata/satlib/sat-uniform-20-91/uf20-0602.cnf,20,91,SAT,9,69,16,1,0.000017
testdata/satlib/sat-uniform-20-91/uf20-0603.cnf,20,91,SAT,0,20,6,1,0.000006
testdata/satlib/sat-uniform-20-91/uf20-0604.cnf,20,91,SAT,3,34,10,1,0.000009
testdata/satlib/sat-uniform-20-91/uf20-0605.cnf,20,91,SAT,2,32,6,1,0.000009
testdata/satlib/sat-uniform-20-91/uf20-0606.cnf,20,91,SAT,6,61,9,1,0.000015
testdata/satlib/sat-uniform-20-91/uf20-0607.cnf,20,91,SAT,3,35,7,1,0.000009
testdata/satlib/sat-uniform-20-91/uf20-0608.cnf,20,91,SAT,6,60,11,1,0.000015
testdata/satlib/sat-uniform-20-91/uf20-0609.cnf,20,91,SAT,1,24,6,1,0.000007
testdata/satlib/sat-uniform-20-91/uf20-061.cnf,20,91,SAT,15,117,17,1,0.000026
testdata/satlib/sat-uniform-20-91/uf20-0610.cnf,20,91,SAT,8,66,13,1,0.000019
testdata/satlib/sat-uniform-20-91/uf20-0611.cnf,20,91,SAT,0,20,5,1,0.000005
testdata/satlib/sat-uniform-20-91/uf20-0612.cnf,20,91,SAT,11,79,16,1,0.000021
testdata/satlib/sat-uniform-20-91/uf20-0613.cnf,20,91,SAT,8,50,13,1,0.000016
testdata/satlib/sat-uniform-20-91/uf20-0614.cnf,20,91,SAT,10,81,13,1,0.000021
testdata/satlib/sat-uniform-20-91/uf20-0615.cnf,20,91,SAT,1,29,7,1,0.000007
testdata/satlib/sat-uniform-20-91/uf20-0616.cnf,20,91,SAT,3,33,9,1,0.000011
testdata/satlib/sat-uniform-20-91/uf20-0617.cnf,20,91,SAT,1,23,5,1,0.000006
testdata/satlib/sat-uniform-20-91/uf20-0618.cnf,20,91,SAT,2,30,6,1,0.000073
testdata/satlib/sat-uniform-20-91/uf20-0619.cnf,20,91,SAT,2,31,10,1,0.000010
testdata/satlib/sat-uniform-20-91/uf20-062.cnf,20,91,SAT,8,82,14,1,0.000019
testdata/satlib/sat-uniform-20-91/uf20-0620.cnf,20,91,SAT,0,20,11,1,0.000005
testdata/satlib/sat-uniform-20-91/uf20-0621.cnf,20,91,SAT,4,52,8,1,0.000013
testdata/satlib/sat-uniform-20-91/uf20-0622.cnf,20,91,SAT,2,26,9,1,0.000008
testdata/satlib/sat-uniform-20-91/uf20-0623.cnf,20,91,SAT,9,73,14,1,0.000020
testdata/satlib/sat-uniform-20-91/uf20-0624.cnf,20,91,SAT,2,37,5,1,0.000009
testdata/satlib/sat-uniform-20-91/uf20-0625.cnf,20,91,SAT,6,64,9,1,0.000016
testdata/satlib/sat-uniform-20-91/uf20-0626.cnf,20,91,SAT,7,55,12,1,0.000014
testdata/satlib/sat-uniform-20-91/uf20-0627.cnf,20,91,SAT,14,110,20,1,0.000028
testdata/satlib/sat-uniform-20-91/uf20-0628.cnf,20,91,SAT,0,20,5,1,0.000006
testdata/satlib/sat-uniform-20-91/uf20-0629.cnf,20,91,SAT,7,70,10,1,0.000017
testdata/satlib/sat-uniform-20-91/uf20-063.cnf,20,91,SAT,8,88,14,1,0.000021
testdata/satlib/sat-uniform-20-91/uf20-0630.cnf,20,91,SAT,2,35,7,1,0.000010
testdata/satlib/sat-uniform-20-91/uf20-0631.cnf,20,91,SAT,12,108,20,1,0.000027
testdata/satlib/sat-uniform-20-91/uf20-0632.cnf,20,91,SAT,0,20,7,1,0.000005
testdata/satlib/sat-uniform-20-91/uf20-0633.cnf,20,91,SAT,6,76,10,1,0.000018
testdata/satlib/sat-uniform-20-91/uf20-0634.cnf,20,91,SAT,1,21,10,1,0.000006
testdata/satlib/sat-uniform-20-91/uf20-0635.cnf,20,91,SAT,13,94,21,1,0.000023
testdata/satlib/sat-uniform-20-91/uf20-0636.cnf,20,91,SAT,9,89,14,1,0.000022
testdata/satlib/sat-uniform-20-91/uf20-0637.cnf,20,91,SAT,8,64,13,1,0.000017
testdata/satlib/sat-uniform-20-91/uf20-0638.cnf,20,91,SAT,1,29,8,1,0.000008
testdata/satlib/sat-uniform-20-91/uf20-0639.cnf,20,91,SAT,4,57,14,1,0.000014
testdata/satlib/sat-uniform-20-91/uf20-064.cnf,20,91,SAT,10,91,15,1,0.000022
testdata/satlib/sat-uniform-20-91/uf20-0640.cnf,20,91,SAT,0,20,5,1,0.000005
testdata/satlib/sat-uniform-20-91/uf20-0641.cnf,20,91,SAT,0,20,6,1,0.000005
testdata/satlib/sat-uniform-20-91/uf20-0642.cnf,20,91,SAT,3,35,9,1,0.000011
testdata/satlib/sat-uniform-20-91/uf20-0643.cnf,20,91,SAT,4,55,12,1,0.000013
testdata/satlib/sat-uniform-20-91/uf20-0644.cnf,20,91,SAT,2,25,7,1,0.000007
testdata/satlib/sat-uniform-20-91/uf20-0645.cnf,20,91,SAT,5,55,14,1,0.000013
testdata/satlib/sat-uniform-20-91/uf20-0646.cnf,20,91,SAT,9,90,11,1,0.000021
testdata/satlib/sat-uniform-20-91/uf20-0647.cnf,20,91,SAT,13,101,18,1,0.000024
testdata/satlib/sat-uniform-20-91/uf20-0648.cnf,20,91,SAT,4,63,12,1,0.000015
testdata/satlib/sat-uniform-20-91/uf20-0649.cnf,20,91,SAT,0,20,5,1,0.000005
testdata/satlib/sat-uniform-20-91/uf20-065.cnf,20,91,SAT,12,89,16,1,0.000021
testdata/satlib/sat-uniform-20-91/uf20-0650.cnf,20,91,SAT,6,65,16,1,0.000016
testdata/satlib/sat-uniform-20-91/uf20-0651.cnf,20,91,SAT,2,33,14,1,0.000009
testdata/satlib/sat-uniform-20-91/uf20-0652.cnf,20,91,SAT,7,60,11,1,0.000016
testdata/satlib/sat-uniform-20-91/uf20-0653.cnf,20,91,SAT,2,29,7,1,0.000009
testdata/satlib/sat-uniform-20-91/uf20-0654.cnf,20,91,SAT,9,69,14,1,0.000017
testdata/satlib/sat-uniform-20-91/uf20-0655.cnf,20,91,SAT,5,47,11,1,0.000013
testdata/satlib/sat-uniform-20-91/uf20-0656.cnf,20,91,SAT,10,83,13,1,0.000021
testdata/satlib/sat-uniform-20-91/uf20-0657.cnf,20,91,SAT,3,31,14,1,0.000008
testdata/satlib/sat-uniform-20-91/uf20-0658.cnf,20,91,SAT,15,104,20,1,0.000025
testdata/satlib/sat-uniform-20-91/uf20-0659.cnf,20,91,SAT,9,81,12,1,0.000020
testdata/satlib/sat-uniform-20-91/uf20-066.cnf,20,91,SAT,14,115,22,1,0.000029
testdata/satlib/sat-uniform-20-91/uf20-0660.cnf,20,91,SAT,6,64,16,1,0.000015
testdata/satlib/sat-uniform-20-91/uf20-0661.cnf,20,91,SAT,2,28,8,1,0.000008
testdata/satlib/sat-uniform-20-91/uf20-0662.cnf,20,91,SAT,5,59,16,1,0.000014
testdata/satlib/sat-uniform-20-91/uf20-0663.cnf,20,91,SAT,9,69,17,1,0.000018
testdata/satlib/sat-uniform-20-91/uf20-0664.cnf,20,91,SAT,13,100,17,1,0.000025
testdata/satlib/sat-uniform-20-91/uf20-0665.cnf,20,91,SAT,3,33,10,1,0.000010
testdata/satlib/sat-uniform-20-91/uf20-0666.cnf,20,91,SAT,6,61,11,1,0.000015
testdata/satlib/sat-uniform-20-91/uf20-0667.cnf,20,91,SAT,2,31,7,1,0.000009
testdata/satlib/sat-uniform-20-91/uf20-0668.cnf,20,91,SAT,6,55,11,1,0.000015
testdata/satlib/sat-uniform-20-91/uf20-0669.cnf,20,91,SAT,13,119,16,1,0.000028
testdata/satlib/sat-uniform-20-91/uf20-067.cnf,20,91,SAT,4,44,7,1,0.000023
testdata/satlib/sat-uniform-20-91/uf20-0670.cnf,20,91,SAT,1,25,6,1,0.000008
testdata/satlib/sat-uniform-20-91/uf20-0671.cnf,20,91,SAT,1,21,8,1,0.000007
testdata/satlib/sat-uniform-20-91/uf20-0672.cnf,20,91,SAT,10,72,14,1,0.000019
testdata/satlib/sat-uniform-20-91/uf20-0673.cnf,20,91,SAT,0,20,10,1,0.000005
testdata/satlib/sat-uniform-20-91/uf20-0674.cnf,20,91,SAT,3,42,7,1,0.000010
testdata/satlib/sat-uniform-20-91/uf20-0675.cnf,20,91,SAT,13,100,22,1,0.000025
testdata/satlib/sat-uniform-20-91/uf20-0676.cnf,20,91,SAT,1,29,9,1,0.000007
testdata/satlib/sat-uniform-20-91/uf20-0677.cnf,20,91,SAT,1,23,5,1,0.000006
testdata/satlib/sat-uniform-20-91/uf20-0678.cnf,20,91,SAT,5,65,8,1,0.000014
testdata/satlib/sat-uniform-20-91/uf20-0679.cnf,20,91,SAT,6,52,13,1,0.000015
testdata/satlib/sat-uniform-20-91/uf20-068.cnf,20,91,SAT,6,51,12,1,0.000014
testdata/satlib/sat-uniform-20-91/uf20-0680.cnf,20,91,SAT,4,33,9,1,0.000009
testdata/satlib/sat-uniform-20-91/uf20-0681.cnf,20,91,SAT,6,56,13,1,0.000015
testdata/satlib/sat-uniform-20-91/uf20-0682.cnf,20,91,SAT,3,36,10,1,0.000010
testdata/satlib/sat-uniform-20-91/uf20-0683.cnf,20,91,SAT,5,51,9,1,0.000013
testdata/satlib/sat-uniform-20-91/uf20-0684.cnf,20,91,SAT,2,30,9,1,0.000008
testdata/satlib/sat-uniform-20-91/uf20-0685.cnf,20,91,SAT,4,45,10,1,0.000012
testdata/satlib/sat-uniform-20-91/uf20-0686.cnf,20,91,SAT,1,24,4,1,0.000007
testdata/satlib/sat-uniform-20-91/uf20-0687.cnf,20,91,SAT,4,44,10,1,0.000012
testdata/satlib/sat-uniform-20-91/uf20-0688.cnf,20,91,SAT,0,20,7,1,0.000006
testdata/satlib/sat-uniform-20-91/uf20-0689.cnf,20,91,SAT,2,33,10,1,0.000008
testdata/satlib/sat-uniform-20-91/uf20-069.cnf,20,91,SAT,2,33,5,1,0.000009
testdata/satlib/sat-uniform-20-91/uf20-0690.cnf,20,91,SAT,4,46,17,1,0.000012
testdata/satlib/sat-uniform-20-91/uf20-0691.cnf,20,91,SAT,9,97,12,1,0.000022
testdata/satlib/sat-uniform-20-91/uf20-0692.cnf,20,91,SAT,8,86,12,1,0.000020
testdata/satlib/sat-uniform-20-91/uf20-0693.cnf,20,91,SAT,7,63,12,1,0.000015
testdata/satlib/sat-uniform-20-91/uf20-0694.cnf,20,91,SAT,7,74,14,1,0.000017
testdata/satlib/sat-uniform-20-91/uf20-0695.cnf,20,91,SAT,10,80,14,1,0.000022
testdata/satlib/sat-uniform-20-91/uf20-0696.cnf,20,91,SAT,9,84,14,1,0.000020
testdata/satlib/sat-uniform-20-91/uf20-0697.cnf,20,91,SAT,2,30,8,1,0.000008
testdata/satlib/sat-uniform-20-91/uf20-0698.cnf,20,91,SAT,12,94,20,1,0.000024
testdata/satlib/sat-uniform-20-91/uf20-0699.cnf,20,91,SAT,0,20,8,1,0.000005
testdata/satlib/sat-uniform-20-91/uf20-07.cnf,20,91,SAT,5,58,13,1,0.000015
testdata/satlib/sat-uniform-20-91/uf20-070.cnf,20,91,SAT,2,32,10,1,0.000010
testdata/satlib/sat-uniform-20-91/uf20-0700.cnf,20,91,SAT,2,34,5,1,0.000008
testdata/satlib/sat-uniform-20-91/uf20-0701.cnf,20,91,SAT,12,97,14,1,0.000023
testdata/satlib/sat-uniform-20-91/uf20-0702.cnf,20,91,SAT,3,33,11,1,0.000010
testdata/satlib/sat-uniform-20-91/uf20-0703.cnf,20,91,SAT,2,31,11,1,0.000009
testdata/satlib/sat-uniform-20-91/uf20-0704.cnf,20,91,SAT,2,38,7,1,0.000010
testdata/satlib/sat-uniform-20-91/uf20-0705.cnf,20,91,SAT,3,43,9,1,0.000010
testdata/satlib/sat-uniform-20-91/uf20-0706.cnf,20,91,SAT,2,34,8,1,0.000009
testdata/satlib/sat-uniform-20-91/uf20-0707.cnf,20,91,SAT,7,63,13,1,0.000015
testdata/satlib/sat-uniform-20-91/uf20-0708.cnf,20,91,SAT,18,133,22,1,0.000032
testdata/satlib/sat-uniform-20-91/uf20-0709.cnf,20,91,SAT,6,53,9,1,0.000014
testdata/satlib/sat-uniform-20-91/uf20-071.cnf,20,91,SAT,7,70,12,1,0.000017
testdata/satlib/sat-uniform-20-91/uf20-0710.cnf,20,91,SAT,0,20,8,1,0.000006
testdata/satlib/sat-uniform-20-91/uf20-0711.cnf,20,91,SAT,5,54,13,1,0.000014
testdata/satlib/sat-uniform-20-91/uf20-0712.cnf,20,91,SAT,6,70,10,1,0.000019
testdata/satlib/sat-uniform-20-91/uf20-0713.cnf,20,91,SAT,2,35,8,1,0.000009
testdata/satlib/sat-uniform-20-91/uf20-0714.cnf,20,91,SAT,3,42,11,1,0.000011
testdata/satlib/sat-uniform-20-91/uf20-0715.cnf,20,91,SAT,18,144,20,1,0.000036
testdata/satlib/sat-uniform-20-91/uf20-0716.cnf,20,91,SAT,13,97,17,1,0.000024
testdata/satlib/sat-uniform-20-91/uf20-0717.cnf,20,91,SAT,12,103,17,1,0.000023
testdata/satlib/sat-uniform-20-91/uf20-0718.cnf,20,91,SAT,2,36,7,1,0.000010
testdata/satlib/sat-uniform-20-91/uf20-0719.cnf,20,91,SAT,4,54,12,1,0.000014
testdata/satlib/sat-uniform-20-91/uf20-072.cnf,20,91,SAT,5,62,10,1,0.000016
testdata/satlib/sat-uniform-20-91/uf20-0720.cnf,20,91,SAT,12,103,15,1,0.000094
testdata/satlib/sat-uniform-20-91/uf20-0721.cnf,20,91,SAT,2,32,10,1,0.000009
testdata/satlib/sat-uniform-20-91/uf20-0722.cnf,20,91,SAT,5,53,11,1,0.000015
testdata/satlib/sat-uniform-20-91/uf20-0723.cnf,20,91,SAT,11,103,17,1,0.000025
testdata/satlib/sat-uniform-20-91/uf20-0724.cnf,20,91,SAT,6,56,12,1,0.000015
testdata/satlib/sat-uniform-20-91/uf20-0725.cnf,20,91,SAT,10,84,13,1,0.000020
testdata/satlib/sat-uniform-20-91/uf20-0726.cnf,20,91,SAT,0,20,5,1,0.000005
testdata/satlib/sat-uniform-20-91/uf20-0727.cnf,20,91,SAT,3,32,7,1,0.000011
testdata/satlib/sat-uniform-20-91/uf20-0728.cnf,20,91,SAT,11,86,17,1,0.000022
testdata/satlib/sat-uniform-20-91/uf20-0729.cnf,20,91,SAT,12,94,16,1,0.000025
testdata/satlib/sat-uniform-20-91/uf20-073.cnf,20,91,SAT,10,90,16,1,0.000021
testdata/satlib/sat-uniform-20-91/uf20-0730.cnf,20,91,SAT,6,57,14,1,0.000014
testdata/satlib/sat-uniform-20-91/uf20-0731.cnf,20,91,SAT,4,34,12,1,0.000010
testdata/satlib/sat-uniform-20-91/uf20-0732.cnf,20,91,SAT,8,60,17,1,0.000016
testdata/satlib/sat-uniform-20-91/uf20-0733.cnf,20,91,SAT,5,50,7,1,0.000013
testdata/satlib/sat-uniform-20-91/uf20-0734.cnf,20,91,SAT,10,78,14,1,0.000019
testdata/satlib/sat-uniform-20-91/uf20-0735.cnf,20,91,SAT,7,69,13,1,0.000017
testdata/satlib/sat-uniform-20-91/uf20-0736.cnf,20,91,SAT,12,98,17,1,0.000024
testdata/satlib/sat-uniform-20-91/uf20-0737.cnf,20,91,SAT,9,86,17,1,0.000020
testdata/satlib/sat-uniform-20-91/uf20-0738.cnf,20,91,SAT,4,53,8,1,0.000013
testdata/satlib/sat-uniform-20-91/uf20-0739.cnf,20,91,SAT,13,93,17,1,0.000024
testdata/satlib/sat-uniform-20-91/uf20-074.cnf,20,91,SAT,13,125,19,1,0.000028
testdata/satlib/sat-uniform-20-91/uf20-0740.cnf,20,91,SAT,5,67,9,1,0.000017
testdata/satlib/sat-uniform-20-91/uf20-0741.cnf,20,91,SAT,0,20,3,1,0.000006
testdata/satlib/sat-uniform-20-91/uf20-0742.cnf,20,91,SAT,3,35,11,1,0.000009
testdata/satlib/sat-uniform-20-91/uf20-0743.cnf,20,91,SAT,6,63,11,1,0.000016
testdata/satlib/sat-uniform-20-91/uf20-0744.cnf,20,91,SAT,7,52,10,1,0.000016
testdata/satlib/sat-uniform-20-91/uf20-0745.cnf,20,91,SAT,5,43,12,1,0.000013
testdata/satlib/sat-uniform-20-91/uf20-0746.cnf,20,91,SAT,10,63,13,1,0.000018
testdata/satlib/sat-uniform-20-91/uf20-0747.cnf,20,91,SAT,10,97,16,1,0.000023
testdata/satlib/sat-uniform-20-91/uf20-0748.cnf,20,91,SAT,1,28,9,1,0.000008
testdata/satlib/sat-uniform-20-91/uf20-0749.cnf,20,91,SAT,9,80,13,1,0.000021
testdata/satlib/sat-uniform-20-91/uf20-075.cnf,20,91,SAT,8,90,12,1,0.000020
testdata/satlib/sat-uniform-20-91/uf20-0750.cnf,20,91,SAT,6,72,11,1,0.000016
testdata/satlib/sat-uniform-20-91/uf20-0751.cnf,20,91,SAT,8,62,15,1,0.000017
testdata/satlib/sat-uniform-20-91/uf20-0752.cnf,20,91,SAT,6,57,17,1,0.000014
testdata/satlib/sat-uniform-20-91/uf20-0753.cnf,20,91,SAT,5,56,10,1,0.000014
testdata/satlib/sat-uniform-20-91/uf20-0754.cnf,20,91,SAT,13,122,22,1,0.000027
testdata/satlib/sat-uniform-20-91/uf20-0755.cnf,20,91,SAT,5,46,10,1,0.000012
testdata/satlib/sat-uniform-20-91/uf20-0756.cnf,20,91,SAT,10,84,15,1,0.000021
testdata/satlib/sat-uniform-20-91/uf20-0757.cnf,20,91,SAT,14,112,19,1,0.000028
testdata/satlib/sat-uniform-20-91/uf20-0758.cnf,20,91,SAT,5,48,10,1,0.000013
testdata/satlib/sat-uniform-20-91/uf20-0759.cnf,20,91,SAT,7,64,9,1,0.000017
testdata/satlib/sat-uniform-20-91/uf20-076.cnf,20,91,SAT,2,36,8,1,0.000009
testdata/satlib/sat-uniform-20-91/uf20-0760.cnf,20,91,SAT,5,51,14,1,0.000013
testdata/satlib/sat-uniform-20-91/uf20-0761.cnf,20,91,SAT,2,36,6,1,0.000009
testdata/satlib/sat-uniform-20-91/uf20-0762.cnf,20,91,SAT,6,65,9,1,0.000016
testdata/satlib/sat-uniform-20-91/uf20-0763.cnf,20,91,SAT,5,72,9,1,0.000017
testdata/satlib/sat-uniform-20-91/uf20-0764.cnf,20,91,SAT,8,67,10,1,0.000016
testdata/satlib/sat-uniform-20-91/uf20-0765.cnf,20,91,SAT,2,32,5,1,0.000008
testdata/satlib/sat-uniform-20-91/uf20-0766.cnf,20,91,SAT,7,80,13,1,0.000019
testdata/satlib/sat-uniform-20-91/uf20-0767.cnf,20,91,SAT,7,69,12,1,0.000015
testdata/satlib/sat-uniform-20-91/uf20-0768.cnf,20,91,SAT,3,43,9,1,0.000011
testdata/satlib/sat-uniform-20-91/uf20-0769.cnf,20,91,SAT,2,24,7,1,0.000008
testdata/satlib/sat-uniform-20-91/uf20-077.cnf,20,91,SAT,6,43,9,1,0.000013
testdata/satlib/sat-uniform-20-91/uf20-0770.cnf,20,91,SAT,6,71,13,1,0.000017
testdata/satlib/sat-uniform-20-91/uf20-0771.cnf,20,91,SAT,6,64,10,1,0.000041
testdata/satlib/sat-uniform-20-91/uf20-0772.cnf,20,91,SAT,0,20,5,1,0.000007
testdata/satlib/sat-uniform-20-91/uf20-0773.cnf,20,91,SAT,5,54,9,1,0.000014
testdata/satlib/sat-uniform-20-91/uf20-0774.cnf,20,91,SAT,19,169,23,1,0.000043
testdata/satlib/sat-uniform-20-91/uf20-0775.cnf,20,91,SAT,9,81,13,1,0.000019
testdata/satlib/sat-uniform-20-91/uf20-0776.cnf,20,91,SAT,3,35,9,1,0.000010
testdata/satlib/sat-uniform-20-91/uf20-0777.cnf,20,91,SAT,2,28,6,1,0.000008
testdata/satlib/sat-uniform-20-91/uf20-0778.cnf,20,91,SAT,9,80,14,1,0.000019
testdata/satlib/sat-uniform-20-91/uf20-0779.cnf,20,91,SAT,7,75,14,1,0.000018
testdata/satlib/sat-uniform-20-91/uf20-078.cnf,20,91,SAT,7,79,17,1,0.000019
testdata/satlib/sat-uniform-20-91/uf20-0780.cnf,20,91,SAT,1,26,11,1,0.000007
testdata/satlib/sat-uniform-20-91/uf20-0781.cnf,20,91,SAT,13,97,17,1,0.000024
testdata/satlib/sat-uniform-20-91/uf20-0782.cnf,20,91,SAT,14,120,17,1,0.000030
testdata/satlib/sat-uniform-20-91/uf20-0783.cnf,20,91,SAT,7,66,12,1,0.000016
testdata/satlib/sat-uniform-20-91/uf20-0784.cnf,20,91,SAT,8,68,12,1,0.000017
testdata/satlib/sat-uniform-20-91/uf20-0785.cnf,20,91,SAT,0,20,7,1,0.000005
testdata/satlib/sat-uniform-20-91/uf20-0786.cnf,20,91,SAT,11,93,23,1,0.000024
testdata/satlib/sat-uniform-20-91/uf20-0787.cnf,20,91,SAT,1,29,12,1,0.000007
testdata/satlib/sat-uniform-20-91/uf20-0788.cnf,20,91,SAT,14,117,20,1,0.000028
testdata/satlib/sat-uniform-20-91/uf20-0789.cnf,20,91,SAT,9,81,15,1,0.000020
testdata/satlib/sat-uniform-20-91/uf20-079.cnf,20,91,SAT,7,62,16,1,0.000016
testdata/satlib/sat-uniform-20-91/uf20-0790.cnf,20,91,SAT,5,62,9,1,0.000016
testdata/satlib/sat-uniform-20-91/uf20-0791.cnf,20,91,SAT,0,20,6,1,0.000005
testdata/satlib/sat-uniform-20-91/uf20-0792.cnf,20,91,SAT,1,24,10,1,0.000006
testdata/satlib/sat-uniform-20-91/uf20-0793.cnf,20,91,SAT,0,20,7,1,0.000006
testdata/satlib/sat-uniform-20-91/uf20-0794.cnf,20,91,SAT,10,81,17,1,0.000020
testdata/satlib/sat-uniform-20-91/uf20-0795.cnf,20,91,SAT,4,45,17,1,0.000012
testdata/satlib/sat-uniform-20-91/uf20-0796.cnf,20,91,SAT,3,36,7,1,0.000010
testdata/satlib/sat-uniform-20-91/uf20-0797.cnf,20,91,SAT,11,94,20,1,0.000022
testdata/satlib/sat-uniform-20-91/uf20-0798.cnf,20,91,SAT,10,83,18,1,0.000021
testdata/satlib/sat-uniform-20-91/uf20-0799.cnf,20,91,SAT,9,75,12,1,0.000020
testdata/satlib/sat-uniform-20-91/uf20-08.cnf,20,91,SAT,0,20,9,1,0.000005
testdata/satlib/sat-uniform-20-91/uf20-080.cnf,20,91,SAT,8,71,16,1,0.000019
testdata/satlib/sat-uniform-20-91/uf20-0800.cnf,20,91,SAT,8,91,14,1,0.000022
testdata/satlib/sat-uniform-20-91/uf20-0801.cnf,20,91,SAT,3,35,7,1,0.000011
testdata/satlib/sat-uniform-20-91/uf20-0802.cnf,20,91,SAT,9,62,16,1,0.000016
testdata/satlib/sat-uniform-20-91/uf20-0803.cnf,20,91,SAT,7,73,14,1,0.000017
testdata/satlib/sat-uniform-20-91/uf20-0804.cnf,20,91,SAT,4,45,12,1,0.000011
testdata/satlib/sat-uniform-20-91/uf20-0805.cnf,20,91,SAT,1,27,8,1,0.000008
testdata/satlib/sat-uniform-20-91/uf20-0806.cnf,20,91,SAT,2,28,5,1,0.000008
testdata/satlib/sat-uniform-20-91/uf20-0807.cnf,20,91,SAT,6,66,9,1,0.000015
testdata/satlib/sat-uniform-20-91/uf20-0808.cnf,20,91,SAT,8,56,12,1,0.000016
testdata/satlib/sat-uniform-20-91/uf20-0809.cnf,20,91,SAT,4,46,11,1,0.000012
testdata/satlib/sat-uniform-20-91/uf20-081.cnf,20,91,SAT,10,107,16,1,0.000025
testdata/satlib/sat-uniform-20-91/uf20-0810.cnf,20,91,SAT,5,46,14,1,0.000013
testdata/satlib/sat-uniform-20-91/uf20-0811.cnf,20,91,SAT,6,70,13,1,0.000016
testdata/satlib/sat-uniform-20-91/uf20-0812.cnf,20,91,SAT,11,88,13,1,0.000022
testdata/satlib/sat-uniform-20-91/uf20-0813.cnf,20,91,SAT,0,20,6,1,0.000005
testdata/satlib/sat-uniform-20-91/uf20-0814.cnf,20,91,SAT,12,104,17,1,0.000024
testdata/satlib/sat-uniform-20-91/uf20-0815.cnf,20,91,SAT,6,42,10,1,0.000012
testdata/satlib/sat-uniform-20-91/uf20-0816.cnf,20,91,SAT,16,140,21,1,0.000033
testdata/satlib/sat-uniform-20-91/uf20-0817.cnf,20,91,SAT,8,80,12,1,0.000020
testdata/satlib/sat-uniform-20-91/uf20-0818.cnf,20,91,SAT,5,62,8,1,0.000016
testdata/satlib/sat-uniform-20-91/uf20-0819.cnf,20,91,SAT,2,30,8,1,0.000009
testdata/satlib/sat-uniform-20-91/uf20-082.cnf,20,91,SAT,9,90,19,1,0.000019
testdata/satlib/sat-uniform-20-91/uf20-0820.cnf,20,91,SAT,1,22,6,1,0.000006
testdata/satlib/sat-uniform-20-91/uf20-0821.cnf,20,91,SAT,2,26,7,1,0.000008
testdata/satlib/sat-uniform-20-91/uf20-0822.cnf,20,91,SAT,1,24,8,1,0.000036
testdata/satlib/sat-uniform-20-91/uf20-0823.cnf,20,91,SAT,3,40,9,1,0.000013
testdata/satlib/sat-uniform-20-91/uf20-0824.cnf,20,91,SAT,11,89,19,1,0.000024
testdata/satlib/sat-uniform-20-91/uf20-0825.cnf,20,91,SAT,1,24,5,1,0.000007
testdata/satlib/sat-uniform-20-91/uf20-0826.cnf,20,91,SAT,23,172,27,1,0.000042
testdata/satlib/sat-uniform-20-91/uf20-0827.cnf,20,91,SAT,9,85,14,1,0.000022
testdata/satlib/sat-uniform-20-91/uf20-0828.cnf,20,91,SAT,7,67,15,1,0.000018
testdata/satlib/sat-uniform-20-91/uf20-0829.cnf,20,91,SAT,4,45,10,1,0.000012
testdata/satlib/sat-uniform-20-91/uf20-083.cnf,20,91,SAT,7,63,17,1,0.000016
testdata/satlib/sat-uniform-20-91/uf20-0830.cnf,20,91,SAT,6,61,10,1,0.000016
testdata/satlib/sat-uniform-20-91/uf20-0831.cnf,20,91,SAT,6,52,10,1,0.000014
testdata/satlib/sat-uniform-20-91/uf20-0832.cnf,20,91,SAT,1,28,6,1,0.000007
testdata/satlib/sat-uniform-20-91/uf20-0833.cnf,20,91,SAT,2,26,9,1,0.000008
testdata/satlib/sat-uniform-20-91/uf20-0834.cnf,20,91,SAT,2,33,10,1,0.000009
testdata/satlib/sat-uniform-20-91/uf20-0835.cnf,20,91,SAT,1,26,9,1,0.000008
testdata/satlib/sat-uniform-20-91/uf20-0836.cnf,20,91,SAT,14,114,21,1,0.000027
testdata/satlib/sat-uniform-20-91/uf20-0837.cnf,20,91,SAT,2,36,5,1,0.000010
testdata/satlib/sat-uniform-20-91/uf20-0838.cnf,20,91,SAT,5,50,11,1,0.000013
testdata/satlib/sat-uniform-20-91/uf20-0839.cnf,20,91,SAT,1,23,7,1,0.000007
testdata/satlib/sat-uniform-20-91/uf20-084.cnf,20,91,SAT,7,66,13,1,0.000017
testdata/satlib/sat-uniform-20-91/uf20-0840.cnf,20,91,SAT,6,57,10,1,0.000016
testdata/satlib/sat-uniform-20-91/uf20-0841.cnf,20,91,SAT,11,106,18,1,0.000025
testdata/satlib/sat-uniform-20-91/uf20-0842.cnf,20,91,SAT,13,115,17,1,0.000026
testdata/satlib/sat-uniform-20-91/uf20-0843.cnf,20,91,SAT,3,39,8,1,0.000010
testdata/satlib/sat-uniform-20-91/uf20-0844.cnf,20,91,SAT,2,36,11,1,0.000010
testdata/satlib/sat-uniform-20-91/uf20-0845.cnf,20,91,SAT,4,58,10,1,0.000014
testdata/satlib/sat-uniform-20-91/uf20-0846.cnf,20,91,SAT,4,45,9,1,0.000014
testdata/satlib/sat-uniform-20-91/uf20-0847.cnf,20,91,SAT,1,25,8,1,0.000007
testdata/satlib/sat-uniform-20-91/uf20-0848.cnf,20,91,SAT,14,137,19,1,0.000031
testdata/satlib/sat-uniform-20-91/uf20-0849.cnf,20,91,SAT,9,97,12,1,0.000022
testdata/satlib/sat-uniform-20-91/uf20-085.cnf,20,91,SAT,10,101,15,1,0.000024
testdata/satlib/sat-uniform-20-91/uf20-0850.cnf,20,91,SAT,9,90,14,1,0.000020
testdata/satlib/sat-uniform-20-91/uf20-0851.cnf,20,91,SAT,3,31,10,1,0.000009
testdata/satlib/sat-uniform-20-91/uf20-0852.cnf,20,91,SAT,7,84,17,1,0.000019
testdata/satlib/sat-uniform-20-91/uf20-0853.cnf,20,91,SAT,18,144,23,1,0.000033
testdata/satlib/sat-uniform-20-91/uf20-0854.cnf,20,91,SAT,0,20,5,1,0.000006
testdata/satlib/sat-uniform-20-91/uf20-0855.cnf,20,91,SAT,1,31,5,1,0.000009
testdata/satlib/sat-uniform-20-91/uf20-0856.cnf,20,91,SAT,0,20,13,1,0.000005
testdata/satlib/sat-uniform-20-91/uf20-0857.cnf,20,91,SAT,1,27,10,1,0.000007
testdata/satlib/sat-uniform-20-91/uf20-0858.cnf,20,91,SAT,12,93,17,1,0.000022
testdata/satlib/sat-uniform-20-91/uf20-0859.cnf,20,91,SAT,6,73,12,1,0.000017
testdata/satlib/sat-uniform-20-91/uf20-086.cnf,20,91,SAT,0,20,6,1,0.000005
testdata/satlib/sat-uniform-20-91/uf20-0860.cnf,20,91,SAT,6,64,13,1,0.000016
testdata/satlib/sat-uniform-20-91/uf20-0861.cnf,20,91,SAT,1,21,9,1,0.000006
testdata/satlib/sat-uniform-20-91/uf20-0862.cnf,20,91,SAT,6,60,9,1,0.000016
testdata/satlib/sat-uniform-20-91/uf20-0863.cnf,20,91,SAT,0,20,8,1,0.000005
testdata/satlib/sat-uniform-20-91/uf20-0864.cnf,20,91,SAT,6,63,13,1,0.000015
testdata/satlib/sat-uniform-20-91/uf20-0865.cnf,20,91,SAT,12,88,16,1,0.000023
testdata/satlib/sat-uniform-20-91/uf20-0866.cnf,20,91,SAT,6,64,14,1,0.000015
testdata/satlib/sat-uniform-20-91/uf20-0867.cnf,20,91,SAT,4,46,8,1,0.000013
testdata/satlib/sat-uniform-20-91/uf20-0868.cnf,20,91,SAT,2,33,12,1,0.000009
testdata/satlib/sat-uniform-20-91/uf20-0869.cnf,20,91,SAT,0,20,5,1,0.000006
testdata/satlib/sat-uniform-20-91/uf20-087.cnf,20,91,SAT,3,38,8,1,0.000011
testdata/satlib/sat-uniform-20-91/uf20-0870.cnf,20,91,SAT,10,91,15,1,0.000021
testdata/satlib/sat-uniform-20-91/uf20-0871.cnf,20,91,SAT,6,61,13,1,0.000016
testdata/satlib/sat-uniform-20-91/uf20-0872.cnf,20,91,SAT,1,24,8,1,0.000007
testdata/satlib/sat-uniform-20-91/uf20-0873.cnf,20,91,SAT,17,163,23,1,0.000039
testdata/satlib/sat-uniform-20-91/uf20-0874.cnf,20,91,SAT,4,46,14,1,0.000013
testdata/satlib/sat-uniform-20-91/uf20-0875.cnf,20,91,SAT,0,20,6,1,0.000011
testdata/satlib/sat-uniform-20-91/uf20-0876.cnf,20,91,SAT,4,40,9,1,0.000014
testdata/satlib/sat-uniform-20-91/uf20-0877.cnf,20,91,SAT,8,102,12,1,0.000023
testdata/satlib/sat-uniform-20-91/uf20-0878.cnf,20,91,SAT,3,34,11,1,0.000011
testdata/satlib/sat-uniform-20-91/uf20-0879.cnf,20,91,SAT,9,77,15,1,0.000019
testdata/satlib/sat-uniform-20-91/uf20-088.cnf,20,91,SAT,8,84,14,1,0.000020
testdata/satlib/sat-uniform-20-91/uf20-0880.cnf,20,91,SAT,0,20,6,1,0.000005
testdata/satlib/sat-uniform-20-91/uf20-0881.cnf,20,91,SAT,12,92,19,1,0.000023
testdata/satlib/sat-uniform-20-91/uf20-0882.cnf,20,91,SAT,2,36,8,1,0.000010
testdata/satlib/sat-uniform-20-91/uf20-0883.cnf,20,91,SAT,0,20,5,1,0.000006
testdata/satlib/sat-uniform-20-91/uf20-0884.cnf,20,91,SAT,7,62,15,1,0.000015
testdata/satlib/sat-uniform-20-91/uf20-0885.cnf,20,91,SAT,15,117,19,1,0.000030
testdata/satlib/sat-uniform-20-91/uf20-0886.cnf,20,91,SAT,10,96,15,1,0.000022
testdata/satlib/sat-uniform-20-91/uf20-0887.cnf,20,91,SAT,5,51,8,1,0.000014
testdata/satlib/sat-uniform-20-91/uf20-0888.cnf,20,91,SAT,12,92,20,1,0.000024
testdata/satlib/sat-uniform-20-91/uf20-0889.cnf,20,91,SAT,13,101,23,1,0.000023
testdata/satlib/sat-uniform-20-91/uf20-089.cnf,20,91,SAT,11,101,18,1,0.000024
testdata/satlib/sat-uniform-20-91/uf20-0890.cnf,20,91,SAT,10,101,19,1,0.000022
testdata/satlib/sat-uniform-20-91/uf20-0891.cnf,20,91,SAT,0,20,7,1,0.000006
testdata/satlib/sat-uniform-20-91/uf20-0892.cnf,20,91,SAT,1,35,12,1,0.000008
testdata/satlib/sat-uniform-20-91/uf20-0893.cnf,20,91,SAT,4,41,10,1,0.000011
testdata/satlib/sat-uniform-20-91/uf20-0894.cnf,20,91,SAT,15,135,20,1,0.000031
testdata/satlib/sat-uniform-20-91/uf20-0895.cnf,20,91,SAT,9,86,18,1,0.000021
testdata/satlib/sat-uniform-20-91/uf20-0896.cnf,20,91,SAT,0,20,7,1,0.000005
testdata/satlib/sat-uniform-20-91/uf20-0897.cnf,20,91,SAT,2,29,9,1,0.000008
testdata/satlib/sat-uniform-20-91/uf20-0898.cnf,20,91,SAT,2,39,10,1,0.000009
testdata/satlib/sat-uniform-20-91/uf20-0899.cnf,20,91,SAT,13,112,20,1,0.000026
testdata/satlib/sat-uniform-20-91/uf20-09.cnf,20,91,SAT,2,26,8,1,0.000008
testdata/satlib/sat-uniform-20-91/uf20-090.cnf,20,91,SAT,0,20,4,1,0.000006
testdata/satlib/sat-uniform-20-91/uf20-0900.cnf,20,91,SAT,1,26,9,1,0.000007
testdata/satlib/sat-uniform-20-91/uf20-0901.cnf,20,91,SAT,18,138,23,1,0.000033
testdata/satlib/sat-uniform-20-91/uf20-0902.cnf,20,91,SAT,2,32,10,1,0.000008
testdata/satlib/sat-uniform-20-91/uf20-0903.cnf,20,91,SAT,5,46,12,1,0.000011
testdata/satlib/sat-uniform-20-91/uf20-0904.cnf,20,91,SAT,7,69,15,1,0.000018
testdata/satlib/sat-uniform-20-91/uf20-0905.cnf,20,91,SAT,6,65,16,1,0.000015
testdata/satlib/sat-uniform-20-91/uf20-0906.cnf,20,91,SAT,5,51,10,1,0.000013
testdata/satlib/sat-uniform-20-91/uf20-0907.cnf,20,91,SAT,4,39,10,1,0.000010
testdata/satlib/sat-uniform-20-91/uf20-0908.cnf,20,91,SAT,4,56,9,1,0.000014
testdata/satlib/sat-uniform-20-91/uf20-0909.cnf,20,91,SAT,13,116,21,1,0.000026
testdata/satlib/sat-uniform-20-91/uf20-091.cnf,20,91,SAT,3,40,7,1,0.000010
testdata/satlib/sat-uniform-20-91/uf20-0910.cnf,20,91,SAT,0,20,7,1,0.000006
testdata/satlib/sat-uniform-20-91/uf20-0911.cnf,20,91,SAT,1,23,8,1,0.000006
testdata/satlib/sat-uniform-20-91/uf20-0912.cnf,20,91,SAT,10,85,14,1,0.000022
testdata/satlib/sat-uniform-20-91/uf20-0913.cnf,20,91,SAT,8,95,11,1,0.000024
testdata/satlib/sat-uniform-20-91/uf20-0914.cnf,20,91,SAT,10,81,16,1,0.000020
testdata/satlib/sat-uniform-20-91/uf20-0915.cnf,20,91,SAT,0,20,6,1,0.000006
testdata/satlib/sat-uniform-20-91/uf20-0916.cnf,20,91,SAT,8,80,14,1,0.000018
testdata/satlib/sat-uniform-20-91/uf20-0917.cnf,20,91,SAT,8,65,18,1,0.000017
testdata/satlib/sat-uniform-20-91/uf20-0918.cnf,20,91,SAT,11,73,15,1,0.000019
testdata/satlib/sat-uniform-20-91/uf20-0919.cnf,20,91,SAT,4,35,9,1,0.000011
testdata/satlib/sat-uniform-20-91/uf20-092.cnf,20,91,SAT,5,47,13,1,0.000012
testdata/satlib/sat-uniform-20-91/uf20-0920.cnf,20,91,SAT,3,37,8,1,0.000010
testdata/satlib/sat-uniform-20-91/uf20-0921.cnf,20,91,SAT,10,77,19,1,0.000019
testdata/satlib/sat-uniform-20-91/uf20-0922.cnf,20,91,SAT,4,38,9,1,0.000011
testdata/satlib/sat-uniform-20-91/uf20-0923.cnf,20,91,SAT,2,24,7,1,0.000007
testdata/satlib/sat-uniform-20-91/uf20-0924.cnf,20,91,SAT,10,92,13,1,0.000023
testdata/satlib/sat-uniform-20-91/uf20-0925.cnf,20,91,SAT,0,20,9,1,0.000006
testdata/satlib/sat-uniform-20-91/uf20-0926.cnf,20,91,SAT,3,30,8,1,0.000010
testdata/satlib/sat-uniform-20-91/uf20-0927.cnf,20,91,SAT,3,33,8,1,0.000018
testdata/satlib/sat-uniform-20-91/uf20-0928.cnf,20,91,SAT,3,37,7,1,0.000017
testdata/satlib/sat-uniform-20-91/uf20-0929.cnf,20,91,SAT,9,75,16,1,0.000031
testdata/satlib/sat-uniform-20-91/uf20-093.cnf,20,91,SAT,7,63,13,1,0.000017
testdata/satlib/sat-uniform-20-91/uf20-0930.cnf,20,91,SAT,3,42,7,1,0.000011
testdata/satlib/sat-uniform-20-91/uf20-0931.cnf,20,91,SAT,3,46,9,1,0.000012
testdata/satlib/sat-uniform-20-91/uf20-0932.cnf,20,91,SAT,8,85,18,1,0.000022
testdata/satlib/sat-uniform-20-91/uf20-0933.cnf,20,91,SAT,9,77,14,1,0.000021
testdata/satlib/sat-uniform-20-91/uf20-0934.cnf,20,91,SAT,0,20,7,1,0.000005
testdata/satlib/sat-uniform-20-91/uf20-0935.cnf,20,91,SAT,10,84,14,1,0.000021
testdata/satlib/sat-uniform-20-91/uf20-0936.cnf,20,91,SAT,7,82,12,1,0.000019
testdata/satlib/sat-uniform-20-91/uf20-0937.cnf,20,91,SAT,7,72,11,1,0.000019
testdata/satlib/sat-uniform-20-91/uf20-0938.cnf,20,91,SAT,3,44,7,1,0.000010
testdata/satlib/sat-uniform-20-91/uf20-0939.cnf,20,91,SAT,1,26,9,1,0.000007
testdata/satlib/sat-uniform-20-91/uf20-094.cnf,20,91,SAT,9,81,14,1,0.000020
testdata/satlib/sat-uniform-20-91/uf20-0940.cnf,20,91,SAT,2,34,8,1,0.000010
testdata/satlib/sat-uniform-20-91/uf20-0941.cnf,20,91,SAT,3,52,10,1,0.000012
testdata/satlib/sat-uniform-20-91/uf20-0942.cnf,20,91,SAT,9,74,15,1,0.000018
testdata/satlib/sat-uniform-20-91/uf20-0943.cnf,20,91,SAT,0,20,6,1,0.000005
testdata/satlib/sat-uniform-20-91/uf20-0944.cnf,20,91,SAT,6,62,11,1,0.000016
testdata/satlib/sat-uniform-20-91/uf20-0945.cnf,20,91,SAT,3,39,6,1,0.000010
testdata/satlib/sat-uniform-20-91/uf20-0946.cnf,20,91,SAT,6,65,11,1,0.000016
testdata/satlib/sat-uniform-20-91/uf20-0947.cnf,20,91,SAT,0,20,7,1,0.000006
testdata/satlib/sat-uniform-20-91/uf20-0948.cnf,20,91,SAT,1,26,5,1,0.000007
testdata/satlib/sat-uniform-20-91/uf20-0949.cnf,20,91,SAT,8,79,13,1,0.000020
testdata/satlib/sat-uniform-20-91/uf20-095.cnf,20,91,SAT,5,52,9,1,0.000014
testdata/satlib/sat-uniform-20-91/uf20-0950.cnf,20,91,SAT,10,93,13,1,0.000023
testdata/satlib/sat-uniform-20-91/uf20-0951.cnf,20,91,SAT,1,26,4,1,0.000009
testdata/satlib/sat-uniform-20-91/uf20-0952.cnf,20,91,SAT,8,65,14,1,0.000017
testdata/satlib/sat-uniform-20-91/uf20-0953.cnf,20,91,SAT,5,64,13,1,0.000015
testdata/satlib/sat-uniform-20-91/uf20-0954.cnf,20,91,SAT,1,27,4,1,0.000007
testdata/satlib/sat-uniform-20-91/uf20-0955.cnf,20,91,SAT,7,68,11,1,0.000016
testdata/satlib/sat-uniform-20-91/uf20-0956.cnf,20,91,SAT,3,46,8,1,0.000013
testdata/satlib/sat-uniform-20-91/uf20-0957.cnf,20,91,SAT,2,36,7,1,0.000010
testdata/satlib/sat-uniform-20-91/uf20-0958.cnf,20,91,SAT,13,111,17,1,0.000027
testdata/satlib/sat-uniform-20-91/uf20-0959.cnf,20,91,SAT,1,28,3,1,0.000007
testdata/satlib/sat-uniform-20-91/uf20-096.cnf,20,91,SAT,3,34,9,1,0.000009
testdata/satlib/sat-uniform-20-91/uf20-0960.cnf,20,91,SAT,11,98,13,1,0.000024
testdata/satlib/sat-uniform-20-91/uf20-0961.cnf,20,91,SAT,2,32,11,1,0.000008
testdata/satlib/sat-uniform-20-91/uf20-0962.cnf,20,91,SAT,11,98,15,1,0.000023
testdata/satlib/sat-uniform-20-91/uf20-0963.cnf,20,91,SAT,7,60,17,1,0.000015
testdata/satlib/sat-uniform-20-91/uf20-0964.cnf,20,91,SAT,5,58,12,1,0.000014
testdata/satlib/sat-uniform-20-91/uf20-0965.cnf,20,91,SAT,5,56,10,1,0.000014
testdata/satlib/sat-uniform-20-91/uf20-0966.cnf,20,91,SAT,1,26,9,1,0.000007
testdata/satlib/sat-uniform-20-91/uf20-0967.cnf,20,91,SAT,11,89,17,1,0.000024
testdata/satlib/sat-uniform-20-91/uf20-0968.cnf,20,91,SAT,8,69,18,1,0.000018
testdata/satlib/sat-uniform-20-91/uf20-0969.cnf,20,91,SAT,4,48,10,1,0.000012
testdata/satlib/sat-uniform-20-91/uf20-097.cnf,20,91,SAT,12,89,19,1,0.000023
testdata/satlib/sat-uniform-20-91/uf20-0970.cnf,20,91,SAT,6,54,13,1,0.000015
testdata/satlib/sat-uniform-20-91/uf20-0971.cnf,20,91,SAT,12,112,16,1,0.000026
testdata/satlib/sat-uniform-20-91/uf20-0972.cnf,20,91,SAT,6,63,12,1,0.000017
testdata/satlib/sat-uniform-20-91/uf20-0973.cnf,20,91,SAT,1,26,10,1,0.000007
testdata/satlib/sat-uniform-20-91/uf20-0974.cnf,20,91,SAT,9,89,13,1,0.000022
testdata/satlib/sat-uniform-20-91/uf20-0975.cnf,20,91,SAT,14,95,20,1,0.000024
testdata/satlib/sat-uniform-20-91/uf20-0976.cnf,20,91,SAT,6,63,12,1,0.000016
testdata/satlib/sat-uniform-20-91/uf20-0977.cnf,20,91,SAT,16,152,21,1,0.000034
testdata/satlib/sat-uniform-20-91/uf20-0978.cnf,20,91,SAT,15,106,20,1,0.000093
testdata/satlib/sat-uniform-20-91/uf20-0979.cnf,20,91,SAT,8,80,12,1,0.000021
testdata/satlib/sat-uniform-20-91/uf20-098.cnf,20,91,SAT,6,55,14,1,0.000015
testdata/satlib/sat-uniform-20-91/uf20-0980.cnf,20,91,SAT,9,86,12,1,0.000022
testdata/satlib/sat-uniform-20-91/uf20-0981.cnf,20,91,SAT,2,23,8,1,0.000008
testdata/satlib/sat-uniform-20-91/uf20-0982.cnf,20,91,SAT,12,96,19,1,0.000024
testdata/satlib/sat-uniform-20-91/uf20-0983.cnf,20,91,SAT,6,70,11,1,0.000018
testdata/satlib/sat-uniform-20-91/uf20-0984.cnf,20,91,SAT,10,73,14,1,0.000019
testdata/satlib/sat-uniform-20-91/uf20-0985.cnf,20,91,SAT,9,81,15,1,0.000019
testdata/satlib/sat-uniform-20-91/uf20-0986.cnf,20,91,SAT,3,40,13,1,0.000009
testdata/satlib/sat-uniform-20-91/uf20-0987.cnf,20,91,SAT,1,28,10,1,0.000007
testdata/satlib/sat-uniform-20-91/uf20-0988.cnf,20,91,SAT,7,65,14,1,0.000015
testdata/satlib/sat-uniform-20-91/uf20-0989.cnf,20,91,SAT,1,25,9,1,0.000008
testdata/satlib/sat-uniform-20-91/uf20-099.cnf,20,91,SAT,0,20,9,1,0.000006
testdata/satlib/sat-uniform-20-91/uf20-0990.cnf,20,91,SAT,10,92,15,1,0.000022
testdata/satlib/sat-uniform-20-91/uf20-0991.cnf,20,91,SAT,2,23,9,1,0.000007
testdata/satlib/sat-uniform-20-91/uf20-0992.cnf,20,91,SAT,5,57,11,1,0.000014
testdata/satlib/sat-uniform-20-91/uf20-0993.cnf,20,91,SAT,5,55,11,1,0.000013
testdata/satlib/sat-uniform-20-91/uf20-0994.cnf,20,91,SAT,3,39,11,1,0.000010
testdata/satlib/sat-uniform-20-91/uf20-0995.cnf,20,91,SAT,0,20,6,1,0.000005
testdata/satlib/sat-uniform-20-91/uf20-0996.cnf,20,91,SAT,15,149,21,1,0.000035
testdata/satlib/sat-uniform-20-91/uf20-0997.cnf,20,91,SAT,5,53,15,1,0.000013
testdata/satlib/sat-uniform-20-91/uf20-0998.cnf,20,91,SAT,2,33,7,1,0.000008
testdata/satlib/sat-uniform-20-91/uf20-0999.cnf,20,91,SAT,3,35,8,1,0.000010
testdata/satlib/unsat-dimacs-dubois/dubois100.cnf,300,800,UNSAT,3373,188066,6888,17,0.027319
testdata/satlib/unsat-dimacs-dubois/dubois20.cnf,60,160,UNSAT,1109,26702,1344,7,0.004090
testdata/satlib/unsat-dimacs-dubois/dubois21.cnf,63,168,UNSAT,1012,25648,1251,7,0.003822
testdata/satlib/unsat-dimacs-dubois/dubois22.cnf,66,176,UNSAT,1378,33761,1722,9,0.005257
testdata/satlib/unsat-dimacs-dubois/dubois23.cnf,69,184,UNSAT,1062,29069,1436,7,0.003984
testdata/satlib/unsat-dimacs-dubois/dubois24.cnf,72,192,UNSAT,1114,20681,1429,7,0.003108
testdata/satlib/unsat-dimacs-dubois/dubois25.cnf,75,200,UNSAT,897,21047,1232,7,0.003372
testdata/satlib/unsat-dimacs-dubois/dubois26.cnf,78,208,UNSAT,1373,38767,1704,9,0.005351
testdata/satlib/unsat-dimacs-dubois/dubois27.cnf,81,216,UNSAT,1357,36140,1740,9,0.005587
testdata/satlib/unsat-dimacs-dubois/dubois28.cnf,84,224,UNSAT,2429,72828,2904,15,0.010545
testdata/satlib/unsat-dimacs-dubois/dubois29.cnf,87,232,UNSAT,1095,39436,1478,7,0.005937
testdata/satlib/unsat-dimacs-dubois/dubois30.cnf,90,240,UNSAT,1451,44367,1983,10,0.006572
testdata/satlib/unsat-dimacs-dubois/dubois50.cnf,150,400,UNSAT,3100,123732,4189,15,0.018099
testdata/satlib/unsat-uniform-50-218/uuf50-01.cnf,50,218,UNSAT,60,840,68,1,0.000177
testdata/satlib/unsat-uniform-50-218/uuf50-010.cnf,50,218,UNSAT,34,439,46,1,0.000092
testdata/satlib/unsat-uniform-50-218/uuf50-0100.cnf,50,218,UNSAT,55,651,64,1,0.000132
testdata/satlib/unsat-uniform-50-218/uuf50-01000.cnf,50,218,UNSAT,41,583,54,1,0.000115
testdata/satlib/unsat-uniform-50-218/uuf50-0101.cnf,50,218,UNSAT,56,778,62,1,0.000160
testdata/satlib/unsat-uniform-50-218/uuf50-0102.cnf,50,218,UNSAT,88,1080,97,1,0.000246
testdata/satlib/unsat-uniform-50-218/uuf50-0103.cnf,50,218,UNSAT,71,956,88,1,0.000201
testdata/satlib/unsat-uniform-50-218/uuf50-0104.cnf,50,218,UNSAT,75,973,82,1,0.000223
testdata/satlib/unsat-uniform-50-218/uuf50-0105.cnf,50,218,UNSAT,59,853,75,1,0.000175
testdata/satlib/unsat-uniform-50-218/uuf50-0106.cnf,50,218,UNSAT,82,1237,99,1,0.000350
testdata/satlib/unsat-uniform-50-218/uuf50-0107.cnf,50,218,UNSAT,73,931,80,1,0.000217
testdata/satlib/unsat-uniform-50-218/uuf50-0108.cnf,50,218,UNSAT,33,530,45,1,0.000112
testdata/satlib/unsat-uniform-50-218/uuf50-0109.cnf,50,218,UNSAT,91,1314,100,1,0.000271
testdata/satlib/unsat-uniform-50-218/uuf50-011.cnf,50,218,UNSAT,80,1087,88,1,0.000240
testdata/satlib/unsat-uniform-50-218/uuf50-0110.cnf,50,218,UNSAT,62,1026,71,1,0.000214
testdata/satlib/unsat-uniform-50-218/uuf50-0111.cnf,50,218,UNSAT,51,753,64,1,0.000160
testdata/satlib/unsat-uniform-50-218/uuf50-0112.cnf,50,218,UNSAT,82,1072,95,1,0.000231
testdata/satlib/unsat-uniform-50-218/uuf50-0113.cnf,50,218,UNSAT,41,595,44,1,0.000122
testdata/satlib/unsat-uniform-50-218/uuf50-0114.cnf,50,218,UNSAT,59,826,66,1,0.000173
testdata/satlib/unsat-uniform-50-218/uuf50-0115.cnf,50,218,UNSAT,83,1196,94,1,0.000253
testdata/satlib/unsat-uniform-50-218/uuf50-0116.cnf,50,218,UNSAT,72,959,78,1,0.000200
testdata/satlib/unsat-uniform-50-218/uuf50-0117.cnf,50,218,UNSAT,71,1048,76,1,0.000204
testdata/satlib/unsat-uniform-50-218/uuf50-0118.cnf,50,218,UNSAT,68,969,76,1,0.000219
testdata/satlib/unsat-uniform-50-218/uuf50-0119.cnf,50,218,UNSAT,78,1095,84,1,0.000235
testdata/satlib/unsat-uniform-50-218/uuf50-012.cnf,50,218,UNSAT,71,999,77,1,0.000219
testdata/satlib/unsat-uniform-50-218/uuf50-0120.cnf,50,218,UNSAT,84,1102,91,1,0.000240
testdata/satlib/unsat-uniform-50-218/uuf50-0121.cnf,50,218,UNSAT,51,643,51,1,0.000124
testdata/satlib/unsat-uniform-50-218/uuf50-0122.cnf,50,218,UNSAT,63,812,80,1,0.000175
testdata/satlib/unsat-uniform-50-218/uuf50-0123.cnf,50,218,UNSAT,57,770,68,1,0.000169
testdata/satlib/unsat-uniform-50-218/uuf50-0124.cnf,50,218,UNSAT,71,1162,75,1,0.000223
testdata/satlib/unsat-uniform-50-218/uuf50-0125.cnf,50,218,UNSAT,59,783,62,1,0.000167
testdata/satlib/unsat-uniform-50-218/uuf50-0126.cnf,50,218,UNSAT,58,714,63,1,0.000155
testdata/satlib/unsat-uniform-50-218/uuf50-0127.cnf,50,218,UNSAT,94,1452,104,1,0.000305
testdata/satlib/unsat-uniform-50-218/uuf50-0128.cnf,50,218,UNSAT,65,990,66,1,0.000209
testdata/satlib/unsat-uniform-50-218/uuf50-0129.cnf,50,218,UNSAT,67,973,74,1,0.000205
testdata/satlib/unsat-uniform-50-218/uuf50-013.cnf,50,218,UNSAT,52,740,66,1,0.000165
testdata/satlib/unsat-uniform-50-218/uuf50-0130.cnf,50,218,UNSAT,77,1094,80,1,0.000224
testdata/satlib/unsat-uniform-50-218/uuf50-0131.cnf,50,218,UNSAT,56,735,60,1,0.000162
testdata/satlib/unsat-uniform-50-218/uuf50-0132.cnf,50,218,UNSAT,94,1296,112,1,0.000281
testdata/satlib/unsat-uniform-50-218/uuf50-0133.cnf,50,218,UNSAT,76,1003,83,1,0.000233
testdata/satlib/unsat-uniform-50-218/uuf50-0134.cnf,50,218,UNSAT,86,1090,95,1,0.000235
testdata/satlib/unsat-uniform-50-218/uuf50-0135.cnf,50,218,UNSAT,52,630,66,1,0.000141
testdata/satlib/unsat-uniform-50-218/uuf50-0136.cnf,50,218,UNSAT,65,992,72,1,0.000215
testdata/satlib/unsat-uniform-50-218/uuf50-0137.cnf,50,218,UNSAT,53,725,66,1,0.000160
testdata/satlib/unsat-uniform-50-218/uuf50-0138.cnf,50,218,UNSAT,42,617,43,1,0.000123
testdata/satlib/unsat-uniform-50-218/uuf50-0139.cnf,50,218,UNSAT,38,470,42,1,0.000106
testdata/satlib/unsat-uniform-50-218/uuf50-014.cnf,50,218,UNSAT,45,581,48,1,0.000132
testdata/satlib/unsat-uniform-50-218/uuf50-0140.cnf,50,218,UNSAT,48,636,51,1,0.000136
testdata/satlib/unsat-uniform-50-218/uuf50-0141.cnf,50,218,UNSAT,72,1057,80,1,0.000227
testdata/satlib/unsat-uniform-50-218/uuf50-0142.cnf,50,218,UNSAT,133,1795,144,2,0.000589
testdata/satlib/unsat-uniform-50-218/uuf50-0143.cnf,50,218,UNSAT,109,1571,120,2,0.000324
testdata/satlib/unsat-uniform-50-218/uuf50-0144.cnf,50,218,UNSAT,50,682,53,1,0.000163
testdata/satlib/unsat-uniform-50-218/uuf50-0145.cnf,50,218,UNSAT,31,492,34,1,0.000111
testdata/satlib/unsat-uniform-50-218/uuf50-0146.cnf,50,218,UNSAT,30,418,31,1,0.000093
testdata/satlib/unsat-uniform-50-218/uuf50-0147.cnf,50,218,UNSAT,68,989,75,1,0.000196
testdata/satlib/unsat-uniform-50-218/uuf50-0148.cnf,50,218,UNSAT,70,1080,75,1,0.000238
testdata/satlib/unsat-uniform-50-218/uuf50-0149.cnf,50,218,UNSAT,64,958,70,1,0.000209
testdata/satlib/unsat-uniform-50-218/uuf50-015.cnf,50,218,UNSAT,37,510,38,1,0.000113
testdata/satlib/unsat-uniform-50-218/uuf50-0150.cnf,50,218,UNSAT,82,1314,92,1,0.000260
testdata/satlib/unsat-uniform-50-218/uuf50-0151.cnf,50,218,UNSAT,40,586,44,1,0.000127
testdata/satlib/unsat-uniform-50-218/uuf50-0152.cnf,50,218,UNSAT,46,670,60,1,0.000137
testdata/satlib/unsat-uniform-50-218/uuf50-0153.cnf,50,218,UNSAT,87,1261,106,1,0.000268
testdata/satlib/unsat-uniform-50-218/uuf50-0154.cnf,50,218,UNSAT,74,1062,77,1,0.000233
testdata/satlib/unsat-uniform-50-218/uuf50-0155.cnf,50,218,UNSAT,94,1251,108,1,0.000266
testdata/satlib/unsat-uniform-50-218/uuf50-0156.cnf,50,218,UNSAT,32,522,40,1,0.000108
testdata/satlib/unsat-uniform-50-218/uuf50-0157.cnf,50,218,UNSAT,49,785,57,1,0.000163
testdata/satlib/unsat-uniform-50-218/uuf50-0158.cnf,50,218,UNSAT,41,539,46,1,0.000119
testdata/satlib/unsat-uniform-50-218/uuf50-0159.cnf,50,218,UNSAT,89,1195,93,1,0.000242
testdata/satlib/unsat-uniform-50-218/uuf50-016.cnf,50,218,UNSAT,28,455,35,1,0.000090
testdata/satlib/unsat-uniform-50-218/uuf50-0160.cnf,50,218,UNSAT,81,1174,89,1,0.000235
testdata/satlib/unsat-uniform-50-218/uuf50-0161.cnf,50,218,UNSAT,55,798,57,1,0.000174
testdata/satlib/unsat-uniform-50-218/uuf50-0162.cnf,50,218,UNSAT,50,686,58,1,0.000151
testdata/satlib/unsat-uniform-50-218/uuf50-0163.cnf,50,218,UNSAT,97,1395,104,1,0.000315
testdata/satlib/unsat-uniform-50-218/uuf50-0164.cnf,50,218,UNSAT,49,746,53,1,0.000154
testdata/satlib/unsat-uniform-50-218/uuf50-0165.cnf,50,218,UNSAT,64,800,75,1,0.000184
testdata/satlib/unsat-uniform-50-218/uuf50-0166.cnf,50,218,UNSAT,39,559,45,1,0.000121
testdata/satlib/unsat-uniform-50-218/uuf50-0167.cnf,50,218,UNSAT,63,887,72,1,0.000177
testdata/satlib/unsat-uniform-50-218/uuf50-0168.cnf,50,218,UNSAT,46,717,53,1,0.000142
testdata/satlib/unsat-uniform-50-218/uuf50-0169.cnf,50,218,UNSAT,57,700,68,1,0.000161
testdata/satlib/unsat-uniform-50-218/uuf50-017.cnf,50,218,UNSAT,39,547,42,1,0.000115
testdata/satlib/unsat-uniform-50-218/uuf50-0170.cnf,50,218,UNSAT,53,730,61,1,0.000147
testdata/satlib/unsat-uniform-50-218/uuf50-0171.cnf,50,218,UNSAT,86,1105,95,1,0.000244
testdata/satlib/unsat-uniform-50-218/uuf50-0172.cnf,50,218,UNSAT,60,789,65,1,0.000164
testdata/satlib/unsat-uniform-50-218/uuf50-0173.cnf,50,218,UNSAT,48,678,53,1,0.000139
testdata/satlib/unsat-uniform-50-218/uuf50-0174.cnf,50,218,UNSAT,50,597,53,1,0.000131
testdata/satlib/unsat-uniform-50-218/uuf50-0175.cnf,50,218,UNSAT,79,1000,83,1,0.000210
testdata/satlib/unsat-uniform-50-218/uuf50-0176.cnf,50,218,UNSAT,85,1255,99,1,0.000259
testdata/satlib/unsat-uniform-50-218/uuf50-0177.cnf,50,218,UNSAT,56,784,62,1,0.000167
testdata/satlib/unsat-uniform-50-218/uuf50-0178.cnf,50,218,UNSAT,94,1335,101,1,0.000290
testdata/satlib/unsat-uniform-50-218/uuf50-0179.cnf,50,218,UNSAT,56,716,61,1,0.000174
testdata/satlib/unsat-uniform-50-218/uuf50-018.cnf,50,218,UNSAT,48,601,50,1,0.000137
testdata/satlib/unsat-uniform-50-218/uuf50-0180.cnf,50,218,UNSAT,65,978,77,1,0.000210
testdata/satlib/unsat-uniform-50-218/uuf50-0181.cnf,50,218,UNSAT,67,824,73,1,0.000175
testdata/satlib/unsat-uniform-50-218/uuf50-0182.cnf,50,218,UNSAT,74,1087,92,1,0.000232
testdata/satlib/unsat-uniform-50-218/uuf50-0183.cnf,50,218,UNSAT,61,881,76,1,0.000188
testdata/satlib/unsat-uniform-50-218/uuf50-0184.cnf,50,218,UNSAT,97,1423,103,1,0.000292
testdata/satlib/unsat-uniform-50-218/uuf50-0185.cnf,50,218,UNSAT,54,724,60,1,0.000150
testdata/satlib/unsat-uniform-50-218/uuf50-0186.cnf,50,218,UNSAT,42,551,44,1,0.000115
testdata/satlib/unsat-uniform-50-218/uuf50-0187.cnf,50,218,UNSAT,101,1420,113,1,0.000306
testdata/satlib/unsat-uniform-50-218/uuf50-0188.cnf,50,218,UNSAT,60,780,68,1,0.000170
testdata/satlib/unsat-uniform-50-218/uuf50-0189.cnf,50,218,UNSAT,68,993,76,1,0.000212
testdata/satlib/unsat-uniform-50-218/uuf50-019.cnf,50,218,UNSAT,46,618,50,1,0.000134
testdata/satlib/unsat-uniform-50-218/uuf50-0190.cnf,50,218,UNSAT,63,821,76,1,0.000171
testdata/satlib/unsat-uniform-50-218/uuf50-0191.cnf,50,218,UNSAT,57,701,67,1,0.000158
testdata/satlib/unsat-uniform-50-218/uuf50-0192.cnf,50,218,UNSAT,65,907,65,1,0.000195
testdata/satlib/unsat-uniform-50-218/uuf50-0193.cnf,50,218,UNSAT,44,555,53,1,0.000116
testdata/satlib/unsat-uniform-50-218/uuf50-0194.cnf,50,218,UNSAT,64,890,71,1,0.000176
testdata/satlib/unsat-uniform-50-218/uuf50-0195.cnf,50,218,UNSAT,79,1126,86,1,0.000237
testdata/satlib/unsat-uniform-50-218/uuf50-0196.cnf,50,218,UNSAT,54,725,57,1,0.000146
testdata/satlib/unsat-uniform-50-218/uuf50-0197.cnf,50,218,UNSAT,44,629,52,1,0.000129
testdata/satlib/unsat-uniform-50-218/uuf50-0198.cnf,50,218,UNSAT,47,623,50,1,0.000129
testdata/satlib/unsat-uniform-50-218/uuf50-0199.cnf,50,218,UNSAT,96,1292,113,1,0.000269
testdata/satlib/unsat-uniform-50-218/uuf50-02.cnf,50,218,UNSAT,49,666,54,1,0.000144
testdata/satlib/unsat-uniform-50-218/uuf50-020.cnf,50,218,UNSAT,53,777,57,1,0.000161
testdata/satlib/unsat-uniform-50-218/uuf50-0200.cnf,50,218,UNSAT,35,535,42,1,0.000109
testdata/satlib/unsat-uniform-50-218/uuf50-0201.cnf,50,218,UNSAT,44,682,46,1,0.000135
testdata/satlib/unsat-uniform-50-218/uuf50-0202.cnf,50,218,UNSAT,77,1010,84,1,0.000370
testdata/satlib/unsat-uniform-50-218/uuf50-0203.cnf,50,218,UNSAT,44,628,50,1,0.000184
testdata/satlib/unsat-uniform-50-218/uuf50-0204.cnf,50,218,UNSAT,37,518,45,1,0.000168
testdata/satlib/unsat-uniform-50-218/uuf50-0205.cnf,50,218,UNSAT,83,1301,103,1,0.000260
testdata/satlib/unsat-uniform-50-218/uuf50-0206.cnf,50,218,UNSAT,55,773,58,1,0.000164
testdata/satlib/unsat-uniform-50-218/uuf50-0207.cnf,50,218,UNSAT,96,1357,121,1,0.000282
testdata/satlib/unsat-uniform-50-218/uuf50-0208.cnf,50,218,UNSAT,70,917,84,1,0.000204
testdata/satlib/unsat-uniform-50-218/uuf50-0209.cnf,50,218,UNSAT,73,952,80,1,0.000205
testdata/satlib/unsat-uniform-50-218/uuf50-021.cnf,50,218,UNSAT,77,1133,79,1,0.000238
testdata/satlib/unsat-uniform-50-218/uuf50-0210.cnf,50,218,UNSAT,44,756,47,1,0.000151
testdata/satlib/unsat-uniform-50-218/uuf50-0211.cnf,50,218,UNSAT,62,794,72,1,0.000174
testdata/satlib/unsat-uniform-50-218/uuf50-0212.cnf,50,218,UNSAT,37,546,42,1,0.000115
testdata/satlib/unsat-uniform-50-218/uuf50-0213.cnf,50,218,UNSAT,58,794,70,1,0.000164
testdata/satlib/unsat-uniform-50-218/uuf50-0214.cnf,50,218,UNSAT,74,1093,89,1,0.000229
testdata/satlib/unsat-uniform-50-218/uuf50-0215.cnf,50,218,UNSAT,54,716,57,1,0.000167
testdata/satlib/unsat-uniform-50-218/uuf50-0216.cnf,50,218,UNSAT,54,573,60,1,0.000122
testdata/satlib/unsat-uniform-50-218/uuf50-0217.cnf,50,218,UNSAT,101,1466,111,1,0.000303
testdata/satlib/unsat-uniform-50-218/uuf50-0218.cnf,50,218,UNSAT,75,1035,81,1,0.000220
testdata/satlib/unsat-uniform-50-218/uuf50-0219.cnf,50,218,UNSAT,86,1230,98,1,0.000270
testdata/satlib/unsat-uniform-50-218/uuf50-022.cnf,50,218,UNSAT,63,830,65,1,0.000183
testdata/satlib/unsat-uniform-50-218/uuf50-0220.cnf,50,218,UNSAT,52,697,58,1,0.000149
testdata/satlib/unsat-uniform-50-218/uuf50-0221.cnf,50,218,UNSAT,41,508,48,1,0.000115
testdata/satlib/unsat-uniform-50-218/uuf50-0222.cnf,50,218,UNSAT,41,562,58,1,0.000113
testdata/satlib/unsat-uniform-50-218/uuf50-0223.cnf,50,218,UNSAT,93,1397,106,1,0.000292
testdata/satlib/unsat-uniform-50-218/uuf50-0224.cnf,50,218,UNSAT,62,869,69,1,0.000192
testdata/satlib/unsat-uniform-50-218/uuf50-0225.cnf,50,218,UNSAT,93,1313,115,1,0.000276
testdata/satlib/unsat-uniform-50-218/uuf50-0226.cnf,50,218,UNSAT,79,1149,88,1,0.000245
testdata/satlib/unsat-uniform-50-218/uuf50-0227.cnf,50,218,UNSAT,45,629,47,1,0.000125
testdata/satlib/unsat-uniform-50-218/uuf50-0228.cnf,50,218,UNSAT,61,821,75,1,0.000175
testdata/satlib/unsat-uniform-50-218/uuf50-0229.cnf,50,218,UNSAT,55,807,57,1,0.000179
testdata/satlib/unsat-uniform-50-218/uuf50-023.cnf,50,218,UNSAT,68,928,82,1,0.000189
testdata/satlib/unsat-uniform-50-218/uuf50-0230.cnf,50,218,UNSAT,109,1661,127,2,0.000351
testdata/satlib/unsat-uniform-50-218/uuf50-0231.cnf,50,218,UNSAT,39,634,42,1,0.000126
testdata/satlib/unsat-uniform-50-218/uuf50-0232.cnf,50,218,UNSAT,41,587,48,1,0.000107
testdata/satlib/unsat-uniform-50-218/uuf50-0233.cnf,50,218,UNSAT,64,755,71,1,0.000163
testdata/satlib/unsat-uniform-50-218/uuf50-0234.cnf,50,218,UNSAT,66,839,71,1,0.000192
testdata/satlib/unsat-uniform-50-218/uuf50-0235.cnf,50,218,UNSAT,58,843,64,1,0.000175
testdata/satlib/unsat-uniform-50-218/uuf50-0236.cnf,50,218,UNSAT,79,1132,91,1,0.000242
testdata/satlib/unsat-uniform-50-218/uuf50-0237.cnf,50,218,UNSAT,60,922,81,1,0.000184
testdata/satlib/unsat-uniform-50-218/uuf50-0238.cnf,50,218,UNSAT,38,558,48,1,0.000111
testdata/satlib/unsat-uniform-50-218/uuf50-0239.cnf,50,218,UNSAT,68,863,76,1,0.000187
testdata/satlib/unsat-uniform-50-218/uuf50-024.cnf,50,218,UNSAT,48,635,61,1,0.000137
testdata/satlib/unsat-uniform-50-218/uuf50-0240.cnf,50,218,UNSAT,66,975,76,1,0.000207
testdata/satlib/unsat-uniform-50-218/uuf50-0241.cnf,50,218,UNSAT,42,514,44,1,0.000117
testdata/satlib/unsat-uniform-50-218/uuf50-0242.cnf,50,218,UNSAT,56,762,68,1,0.000160
testdata/satlib/unsat-uniform-50-218/uuf50-0243.cnf,50,218,UNSAT,53,682,58,1,0.000149
testdata/satlib/unsat-uniform-50-218/uuf50-0244.cnf,50,218,UNSAT,70,926,80,1,0.000206
testdata/satlib/unsat-uniform-50-218/uuf50-0245.cnf,50,218,UNSAT,79,1077,91,1,0.000229
testdata/satlib/unsat-uniform-50-218/uuf50-0246.cnf,50,218,UNSAT,54,796,57,1,0.000165
testdata/satlib/unsat-uniform-50-218/uuf50-0247.cnf,50,218,UNSAT,76,1083,84,1,0.000231
testdata/satlib/unsat-uniform-50-218/uuf50-0248.cnf,50,218,UNSAT,37,584,44,1,0.000117
testdata/satlib/unsat-uniform-50-218/uuf50-0249.cnf,50,218,UNSAT,60,943,64,1,0.000187
testdata/satlib/unsat-uniform-50-218/uuf50-025.cnf,50,218,UNSAT,79,1007,89,1,0.000218
testdata/satlib/unsat-uniform-50-218/uuf50-0250.cnf,50,218,UNSAT,33,411,33,1,0.000091
testdata/satlib/unsat-uniform-50-218/uuf50-0251.cnf,50,218,UNSAT,77,1051,77,1,0.000220
testdata/satlib/unsat-uniform-50-218/uuf50-0252.cnf,50,218,UNSAT,84,1040,103,1,0.000229
testdata/satlib/unsat-uniform-50-218/uuf50-0253.cnf,50,218,UNSAT,47,652,59,1,0.000145
testdata/satlib/unsat-uniform-50-218/uuf50-0254.cnf,50,218,UNSAT,78,1042,88,1,0.000218
testdata/satlib/unsat-uniform-50-218/uuf50-0255.cnf,50,218,UNSAT,69,954,80,1,0.000198
testdata/satlib/unsat-uniform-50-218/uuf50-0256.cnf,50,218,UNSAT,96,1390,105,1,0.000292
testdata/satlib/unsat-uniform-50-218/uuf50-0257.cnf,50,218,UNSAT,51,744,62,1,0.000154
testdata/satlib/unsat-uniform-50-218/uuf50-0258.cnf,50,218,UNSAT,68,889,72,1,0.000198
testdata/satlib/unsat-uniform-50-218/uuf50-0259.cnf,50,218,UNSAT,46,632,51,1,0.000131
testdata/satlib/unsat-uniform-50-218/uuf50-026.cnf,50,218,UNSAT,40,470,42,1,0.000107
testdata/satlib/unsat-uniform-50-218/uuf50-0260.cnf,50,218,UNSAT,44,560,52,1,0.000114
testdata/satlib/unsat-uniform-50-218/uuf50-0261.cnf,50,218,UNSAT,65,810,75,1,0.000164
testdata/satlib/unsat-uniform-50-218/uuf50-0262.cnf,50,218,UNSAT,66,994,85,1,0.000201
testdata/satlib/unsat-uniform-50-218/uuf50-0263.cnf,50,218,UNSAT,72,934,89,1,0.000273
testdata/satlib/unsat-uniform-50-218/uuf50-0264.cnf,50,218,UNSAT,35,483,35,1,0.000104
testdata/satlib/unsat-uniform-50-218/uuf50-0265.cnf,50,218,UNSAT,79,994,85,1,0.000213
testdata/satlib/unsat-uniform-50-218/uuf50-0266.cnf,50,218,UNSAT,23,426,25,1,0.000087
testdata/satlib/unsat-uniform-50-218/uuf50-0267.cnf,50,218,UNSAT,135,1986,155,2,0.000412
testdata/satlib/unsat-uniform-50-218/uuf50-0268.cnf,50,218,UNSAT,50,679,59,1,0.000133
testdata/satlib/unsat-uniform-50-218/uuf50-0269.cnf,50,218,UNSAT,51,700,60,1,0.000149
testdata/satlib/unsat-uniform-50-218/uuf50-027.cnf,50,218,UNSAT,68,947,78,1,0.000189
testdata/satlib/unsat-uniform-50-218/uuf50-0270.cnf,50,218,UNSAT,39,529,50,1,0.000107
testdata/satlib/unsat-uniform-50-218/uuf50-0271.cnf,50,218,UNSAT,54,859,66,1,0.000169
testdata/satlib/unsat-uniform-50-218/uuf50-0272.cnf,50,218,UNSAT,75,964,81,1,0.000216
testdata/satlib/unsat-uniform-50-218/uuf50-0273.cnf,50,218,UNSAT,62,855,70,1,0.000186
testdata/satlib/unsat-uniform-50-218/uuf50-0274.cnf,50,218,UNSAT,50,682,53,1,0.000145
testdata/satlib/unsat-uniform-50-218/uuf50-0275.cnf,50,218,UNSAT,114,1626,128,2,0.000356
testdata/satlib/unsat-uniform-50-218/uuf50-0276.cnf,50,218,UNSAT,58,846,67,1,0.000173
testdata/satlib/unsat-uniform-50-218/uuf50-0277.cnf,50,218,UNSAT,50,709,55,1,0.000150
testdata/satlib/unsat-uniform-50-218/uuf50-0278.cnf,50,218,UNSAT,41,592,46,1,0.000122
testdata/satlib/unsat-uniform-50-218/uuf50-0279.cnf,50,218,UNSAT,52,759,60,1,0.000153
testdata/satlib/unsat-uniform-50-218/uuf50-028.cnf,50,218,UNSAT,61,966,66,1,0.000193
testdata/satlib/unsat-uniform-50-218/uuf50-0280.cnf,50,218,UNSAT,67,795,82,1,0.000182
testdata/satlib/unsat-uniform-50-218/uuf50-0281.cnf,50,218,UNSAT,90,1174,94,1,0.000257
testdata/satlib/unsat-uniform-50-218/uuf50-0282.cnf,50,218,UNSAT,52,685,67,1,0.000147
testdata/satlib/unsat-uniform-50-218/uuf50-0283.cnf,50,218,UNSAT,60,797,62,1,0.000259
testdata/satlib/unsat-uniform-50-218/uuf50-0284.cnf,50,218,UNSAT,67,897,71,1,0.000184
testdata/satlib/unsat-uniform-50-218/uuf50-0285.cnf,50,218,UNSAT,78,1122,81,1,0.000226
testdata/satlib/unsat-uniform-50-218/uuf50-0286.cnf,50,218,UNSAT,69,903,76,1,0.000188
testdata/satlib/unsat-uniform-50-218/uuf50-0287.cnf,50,218,UNSAT,73,972,82,1,0.000203
testdata/satlib/unsat-uniform-50-218/uuf50-0288.cnf,50,218,UNSAT,62,785,69,1,0.000173
testdata/satlib/unsat-uniform-50-218/uuf50-0289.cnf,50,218,UNSAT,55,814,63,1,0.000171
testdata/satlib/unsat-uniform-50-218/uuf50-029.cnf,50,218,UNSAT,59,789,68,1,0.000171
testdata/satlib/unsat-uniform-50-218/uuf50-0290.cnf,50,218,UNSAT,40,522,41,1,0.000104
testdata/satlib/unsat-uniform-50-218/uuf50-0291.cnf,50,218,UNSAT,54,750,59,1,0.000161
testdata/satlib/unsat-uniform-50-218/uuf50-0292.cnf,50,218,UNSAT,68,953,78,1,0.000201
testdata/satlib/unsat-uniform-50-218/uuf50-0293.cnf,50,218,UNSAT,63,788,69,1,0.000170
testdata/satlib/unsat-uniform-50-218/uuf50-0294.cnf,50,218,UNSAT,29,339,35,1,0.000074
testdata/satlib/unsat-uniform-50-218/uuf50-0295.cnf,50,218,UNSAT,87,1160,95,1,0.000243
testdata/satlib/unsat-uniform-50-218/uuf50-0296.cnf,50,218,UNSAT,45,680,52,1,0.000135
testdata/satlib/unsat-uniform-50-218/uuf50-0297.cnf,50,218,UNSAT,58,849,67,1,0.000183
testdata/satlib/unsat-uniform-50-218/uuf50-0298.cnf,50,218,UNSAT,36,435,42,1,0.000095
testdata/satlib/unsat-uniform-50-218/uuf50-0299.cnf,50,218,UNSAT,83,1126,87,1,0.000241
testdata/satlib/unsat-uniform-50-218/uuf50-03.cnf,50,218,UNSAT,35,624,46,1,0.000122
testdata/satlib/unsat-uniform-50-218/uuf50-030.cnf,50,218,UNSAT,39,533,44,1,0.000107
testdata/satlib/unsat-uniform-50-218/uuf50-0300.cnf,50,218,UNSAT,79,1057,86,1,0.000228
testdata/satlib/unsat-uniform-50-218/uuf50-0301.cnf,50,218,UNSAT,73,1015,93,1,0.000213
testdata/satlib/unsat-uniform-50-218/uuf50-0302.cnf,50,218,UNSAT,73,1007,81,1,0.000224
testdata/satlib/unsat-uniform-50-218/uuf50-0303.cnf,50,218,UNSAT,46,635,56,1,0.000138
testdata/satlib/unsat-uniform-50-218/uuf50-0304.cnf,50,218,UNSAT,69,907,74,1,0.000206
testdata/satlib/unsat-uniform-50-218/uuf50-0305.cnf,50,218,UNSAT,50,742,58,1,0.000155
testdata/satlib/unsat-uniform-50-218/uuf50-0306.cnf,50,218,UNSAT,60,844,71,1,0.000183
testdata/satlib/unsat-uniform-50-218/uuf50-0307.cnf,50,218,UNSAT,44,535,50,1,0.000116
testdata/satlib/unsat-uniform-50-218/uuf50-0308.cnf,50,218,UNSAT,65,860,70,1,0.000173
testdata/satlib/unsat-uniform-50-218/uuf50-0309.cnf,50,218,UNSAT,72,1140,83,1,0.000230
testdata/satlib/unsat-uniform-50-218/uuf50-031.cnf,50,218,UNSAT,70,909,77,1,0.000200
testdata/satlib/unsat-uniform-50-218/uuf50-0310.cnf,50,218,UNSAT,54,858,58,1,0.000180
testdata/satlib/unsat-uniform-50-218/uuf50-0311.cnf,50,218,UNSAT,62,948,67,1,0.000204
testdata/satlib/unsat-uniform-50-218/uuf50-0312.cnf,50,218,UNSAT,59,768,71,1,0.000162
testdata/satlib/unsat-uniform-50-218/uuf50-0313.cnf,50,218,UNSAT,67,932,81,1,0.000200
testdata/satlib/unsat-uniform-50-218/uuf50-0314.cnf,50,218,UNSAT,89,1302,100,1,0.000259
testdata/satlib/unsat-uniform-50-218/uuf50-0315.cnf,50,218,UNSAT,78,1099,91,1,0.000222
testdata/satlib/unsat-uniform-50-218/uuf50-0316.cnf,50,218,UNSAT,58,810,66,1,0.000172
testdata/satlib/unsat-uniform-50-218/uuf50-0317.cnf,50,218,UNSAT,34,422,42,1,0.000088
testdata/satlib/unsat-uniform-50-218/uuf50-0318.cnf,50,218,UNSAT,57,776,66,1,0.000169
testdata/satlib/unsat-uniform-50-218/uuf50-0319.cnf,50,218,UNSAT,51,685,61,1,0.000142
testdata/satlib/unsat-uniform-50-218/uuf50-032.cnf,50,218,UNSAT,55,777,60,1,0.000161
testdata/satlib/unsat-uniform-50-218/uuf50-0320.cnf,50,218,UNSAT,57,819,62,1,0.000185
testdata/satlib/unsat-uniform-50-218/uuf50-0321.cnf,50,218,UNSAT,55,725,57,1,0.000159
testdata/satlib/unsat-uniform-50-218/uuf50-0322.cnf,50,218,UNSAT,90,1353,104,1,0.000437
testdata/satlib/unsat-uniform-50-218/uuf50-0323.cnf,50,218,UNSAT,71,1039,80,1,0.000220
testdata/satlib/unsat-uniform-50-218/uuf50-0324.cnf,50,218,UNSAT,78,1160,89,1,0.000225
testdata/satlib/unsat-uniform-50-218/uuf50-0325.cnf,50,218,UNSAT,59,780,66,1,0.000155
testdata/satlib/unsat-uniform-50-218/uuf50-0326.cnf,50,218,UNSAT,82,1171,98,1,0.000237
testdata/satlib/unsat-uniform-50-218/uuf50-0327.cnf,50,218,UNSAT,68,881,81,1,0.000179
testdata/satlib/unsat-uniform-50-218/uuf50-0328.cnf,50,218,UNSAT,90,1302,107,1,0.000268
testdata/satlib/unsat-uniform-50-218/uuf50-0329.cnf,50,218,UNSAT,104,1428,133,2,0.000291
testdata/satlib/unsat-uniform-50-218/uuf50-033.cnf,50,218,UNSAT,51,727,51,1,0.000153
testdata/satlib/unsat-uniform-50-218/uuf50-0330.cnf,50,218,UNSAT,49,674,54,1,0.000149
testdata/satlib/unsat-uniform-50-218/uuf50-0331.cnf,50,218,UNSAT,91,1156,97,1,0.000250
testdata/satlib/unsat-uniform-50-218/uuf50-0332.cnf,50,218,UNSAT,93,1273,101,1,0.000256
testdata/satlib/unsat-uniform-50-218/uuf50-0333.cnf,50,218,UNSAT,60,973,68,1,0.000190
testdata/satlib/unsat-uniform-50-218/uuf50-0334.cnf,50,218,UNSAT,83,1158,96,1,0.000236
testdata/satlib/unsat-uniform-50-218/uuf50-0335.cnf,50,218,UNSAT,53,729,55,1,0.000147
testdata/satlib/unsat-uniform-50-218/uuf50-0336.cnf,50,218,UNSAT,74,1213,88,1,0.000236
testdata/satlib/unsat-uniform-50-218/uuf50-0337.cnf,50,218,UNSAT,62,843,73,1,0.000188
testdata/satlib/unsat-uniform-50-218/uuf50-0338.cnf,50,218,UNSAT,66,1009,79,1,0.000205
testdata/satlib/unsat-uniform-50-218/uuf50-0339.cnf,50,218,UNSAT,58,863,67,1,0.000173
testdata/satlib/unsat-uniform-50-218/uuf50-034.cnf,50,218,UNSAT,57,697,68,1,0.000149
testdata/satlib/unsat-uniform-50-218/uuf50-0340.cnf,50,218,UNSAT,52,749,58,1,0.000163
testdata/satlib/unsat-uniform-50-218/uuf50-0341.cnf,50,218,UNSAT,65,999,69,1,0.000196
testdata/satlib/unsat-uniform-50-218/uuf50-0342.cnf,50,218,UNSAT,66,863,84,1,0.000179
testdata/satlib/unsat-uniform-50-218/uuf50-0343.cnf,50,218,UNSAT,88,1257,99,1,0.000295
testdata/satlib/unsat-uniform-50-218/uuf50-0344.cnf,50,218,UNSAT,56,915,69,1,0.000180
testdata/satlib/unsat-uniform-50-218/uuf50-0345.cnf,50,218,UNSAT,86,1119,106,1,0.000248
testdata/satlib/unsat-uniform-50-218/uuf50-0346.cnf,50,218,UNSAT,39,462,46,1,0.000102
testdata/satlib/unsat-uniform-50-218/uuf50-0347.cnf,50,218,UNSAT,63,883,74,1,0.000183
testdata/satlib/unsat-uniform-50-218/uuf50-0348.cnf,50,218,UNSAT,54,809,59,1,0.000168
testdata/satlib/unsat-uniform-50-218/uuf50-0349.cnf,50,218,UNSAT,83,1164,92,1,0.000259
testdata/satlib/unsat-uniform-50-218/uuf50-035.cnf,50,218,UNSAT,76,1158,81,1,0.000240
testdata/satlib/unsat-uniform-50-218/uuf50-0350.cnf,50,218,UNSAT,66,1051,68,1,0.000207
testdata/satlib/unsat-uniform-50-218/uuf50-0351.cnf,50,218,UNSAT,70,903,87,1,0.000185
testdata/satlib/unsat-uniform-50-218/uuf50-0352.cnf,50,218,UNSAT,45,582,46,1,0.000127
testdata/satlib/unsat-uniform-50-218/uuf50-0353.cnf,50,218,UNSAT,109,1589,119,2,0.000314
testdata/satlib/unsat-uniform-50-218/uuf50-0354.cnf,50,218,UNSAT,80,1088,86,1,0.000222
testdata/satlib/unsat-uniform-50-218/uuf50-0355.cnf,50,218,UNSAT,127,1821,139,2,0.000383
testdata/satlib/unsat-uniform-50-218/uuf50-0356.cnf,50,218,UNSAT,65,859,76,1,0.000178
testdata/satlib/unsat-uniform-50-218/uuf50-0357.cnf,50,218,UNSAT,51,766,62,1,0.000155
testdata/satlib/unsat-uniform-50-218/uuf50-0358.cnf,50,218,UNSAT,68,830,73,1,0.000174
testdata/satlib/unsat-uniform-50-218/uuf50-0359.cnf,50,218,UNSAT,63,903,68,1,0.000186
testdata/satlib/unsat-uniform-50-218/uuf50-036.cnf,50,218,UNSAT,81,1141,91,1,0.000234
testdata/satlib/unsat-uniform-50-218/uuf50-0360.cnf,50,218,UNSAT,41,461,45,1,0.000099
testdata/satlib/unsat-uniform-50-218/uuf50-0361.cnf,50,218,UNSAT,45,610,59,1,0.000116
testdata/satlib/unsat-uniform-50-218/uuf50-0362.cnf,50,218,UNSAT,60,916,64,1,0.000178
testdata/satlib/unsat-uniform-50-218/uuf50-0363.cnf,50,218,UNSAT,75,1078,80,1,0.000237
testdata/satlib/unsat-uniform-50-218/uuf50-0364.cnf,50,218,UNSAT,105,1318,120,2,0.000292
testdata/satlib/unsat-uniform-50-218/uuf50-0365.cnf,50,218,UNSAT,80,1121,89,1,0.000244
testdata/satlib/unsat-uniform-50-218/uuf50-0366.cnf,50,218,UNSAT,51,732,59,1,0.000148
testdata/satlib/unsat-uniform-50-218/uuf50-0367.cnf,50,218,UNSAT,100,1302,119,1,0.000295
testdata/satlib/unsat-uniform-50-218/uuf50-0368.cnf,50,218,UNSAT,55,854,67,1,0.000177
testdata/satlib/unsat-uniform-50-218/uuf50-0369.cnf,50,218,UNSAT,85,1226,100,1,0.000254
testdata/satlib/unsat-uniform-50-218/uuf50-037.cnf,50,218,UNSAT,74,1017,92,1,0.000216
testdata/satlib/unsat-uniform-50-218/uuf50-0370.cnf,50,218,UNSAT,57,736,64,1,0.000167
testdata/satlib/unsat-uniform-50-218/uuf50-0371.cnf,50,218,UNSAT,71,1017,76,1,0.000213
testdata/satlib/unsat-uniform-50-218/uuf50-0372.cnf,50,218,UNSAT,55,711,65,1,0.000148
testdata/satlib/unsat-uniform-50-218/uuf50-0373.cnf,50,218,UNSAT,39,504,39,1,0.000111
testdata/satlib/unsat-uniform-50-218/uuf50-0374.cnf,50,218,UNSAT,63,801,72,1,0.000179
testdata/satlib/unsat-uniform-50-218/uuf50-0375.cnf,50,218,UNSAT,82,1031,101,1,0.000224
testdata/satlib/unsat-uniform-50-218/uuf50-0376.cnf,50,218,UNSAT,52,623,61,1,0.000131
testdata/satlib/unsat-uniform-50-218/uuf50-0377.cnf,50,218,UNSAT,53,835,66,1,0.000177
testdata/satlib/unsat-uniform-50-218/uuf50-0378.cnf,50,218,UNSAT,46,596,53,1,0.000131
testdata/satlib/unsat-uniform-50-218/uuf50-0379.cnf,50,218,UNSAT,45,624,48,1,0.000151
testdata/satlib/unsat-uniform-50-218/uuf50-038.cnf,50,218,UNSAT,47,595,53,1,0.000139
testdata/satlib/unsat-uniform-50-218/uuf50-0380.cnf,50,218,UNSAT,46,638,50,1,0.000138
testdata/satlib/unsat-uniform-50-218/uuf50-0381.cnf,50,218,UNSAT,43,704,44,1,0.000153
testdata/satlib/unsat-uniform-50-218/uuf50-0382.cnf,50,218,UNSAT,41,557,43,1,0.000114
testdata/satlib/unsat-uniform-50-218/uuf50-0383.cnf,50,218,UNSAT,39,538,51,1,0.000170
testdata/satlib/unsat-uniform-50-218/uuf50-0384.cnf,50,218,UNSAT,52,821,52,1,0.000268
testdata/satlib/unsat-uniform-50-218/uuf50-0385.cnf,50,218,UNSAT,45,510,48,1,0.000117
testdata/satlib/unsat-uniform-50-218/uuf50-0386.cnf,50,218,UNSAT,66,1050,82,1,0.000215
testdata/satlib/unsat-uniform-50-218/uuf50-0387.cnf,50,218,UNSAT,35,504,41,1,0.000108
testdata/satlib/unsat-uniform-50-218/uuf50-0388.cnf,50,218,UNSAT,56,746,58,1,0.000161
testdata/satlib/unsat-uniform-50-218/uuf50-0389.cnf,50,218,UNSAT,69,1105,75,1,0.000226
testdata/satlib/unsat-uniform-50-218/uuf50-039.cnf,50,218,UNSAT,42,595,46,1,0.000123
testdata/satlib/unsat-uniform-50-218/uuf50-0390.cnf,50,218,UNSAT,43,618,48,1,0.000133
testdata/satlib/unsat-uniform-50-218/uuf50-0391.cnf,50,218,UNSAT,81,1150,89,1,0.000272
testdata/satlib/unsat-uniform-50-218/uuf50-0392.cnf,50,218,UNSAT,49,593,54,1,0.000132
testdata/satlib/unsat-uniform-50-218/uuf50-0393.cnf,50,218,UNSAT,43,664,46,1,0.000139
testdata/satlib/unsat-uniform-50-218/uuf50-0394.cnf,50,218,UNSAT,66,796,71,1,0.000205
testdata/satlib/unsat-uniform-50-218/uuf50-0395.cnf,50,218,UNSAT,54,784,58,1,0.000162
testdata/satlib/unsat-uniform-50-218/uuf50-0396.cnf,50,218,UNSAT,69,905,72,1,0.000198
testdata/satlib/unsat-uniform-50-218/uuf50-0397.cnf,50,218,UNSAT,60,813,73,1,0.000169
testdata/satlib/unsat-uniform-50-218/uuf50-0398.cnf,50,218,UNSAT,86,1286,97,1,0.000270
testdata/satlib/unsat-uniform-50-218/uuf50-0399.cnf,50,218,UNSAT,62,836,72,1,0.000271
testdata/satlib/unsat-uniform-50-218/uuf50-04.cnf,50,218,UNSAT,86,1210,96,1,0.000326
testdata/satlib/unsat-uniform-50-218/uuf50-040.cnf,50,218,UNSAT,58,743,64,1,0.000172
testdata/satlib/unsat-uniform-50-218/uuf50-0400.cnf,50,218,UNSAT,63,846,65,1,0.000204
testdata/satlib/unsat-uniform-50-218/uuf50-0401.cnf,50,218,UNSAT,97,1286,111,1,0.000291
testdata/satlib/unsat-uniform-50-218/uuf50-0402.cnf,50,218,UNSAT,61,793,68,1,0.000706
testdata/satlib/unsat-uniform-50-218/uuf50-0403.cnf,50,218,UNSAT,63,857,76,1,0.000198
testdata/satlib/unsat-uniform-50-218/uuf50-0404.cnf,50,218,UNSAT,41,535,42,1,0.000130
testdata/satlib/unsat-uniform-50-218/uuf50-0405.cnf,50,218,UNSAT,66,918,77,1,0.000428
testdata/satlib/unsat-uniform-50-218/uuf50-0406.cnf,50,218,UNSAT,71,1000,82,1,0.000343
testdata/satlib/unsat-uniform-50-218/uuf50-0407.cnf,50,218,UNSAT,33,508,36,1,0.000112
testdata/satlib/unsat-uniform-50-218/uuf50-0408.cnf,50,218,UNSAT,57,817,61,1,0.000175
testdata/satlib/unsat-uniform-50-218/uuf50-0409.cnf,50,218,UNSAT,76,1023,84,1,0.000224
testdata/satlib/unsat-uniform-50-218/uuf50-041.cnf,50,218,UNSAT,74,1108,79,1,0.000239
testdata/satlib/unsat-uniform-50-218/uuf50-0410.cnf,50,218,UNSAT,76,1058,81,1,0.000218
testdata/satlib/unsat-uniform-50-218/uuf50-0411.cnf,50,218,UNSAT,47,666,55,1,0.000140
testdata/satlib/unsat-uniform-50-218/uuf50-0412.cnf,50,218,UNSAT,59,818,60,1,0.000166
testdata/satlib/unsat-uniform-50-218/uuf50-0413.cnf,50,218,UNSAT,29,371,31,1,0.000079
testdata/satlib/unsat-uniform-50-218/uuf50-0414.cnf,50,218,UNSAT,45,604,52,1,0.000133
testdata/satlib/unsat-uniform-50-218/uuf50-0415.cnf,50,218,UNSAT,62,734,69,1,0.000162
testdata/satlib/unsat-uniform-50-218/uuf50-0416.cnf,50,218,UNSAT,72,934,75,1,0.000205
testdata/satlib/unsat-uniform-50-218/uuf50-0417.cnf,50,218,UNSAT,92,1362,104,1,0.000287
testdata/satlib/unsat-uniform-50-218/uuf50-0418.cnf,50,218,UNSAT,64,1073,79,1,0.000213
testdata/satlib/unsat-uniform-50-218/uuf50-0419.cnf,50,218,UNSAT,34,517,40,1,0.000115
testdata/satlib/unsat-uniform-50-218/uuf50-042.cnf,50,218,UNSAT,69,924,82,1,0.000207
testdata/satlib/unsat-uniform-50-218/uuf50-0420.cnf,50,218,UNSAT,61,889,74,1,0.000193
testdata/satlib/unsat-uniform-50-218/uuf50-0421.cnf,50,218,UNSAT,91,1265,105,1,0.000279
testdata/satlib/unsat-uniform-50-218/uuf50-0422.cnf,50,218,UNSAT,83,1158,101,1,0.000253
testdata/satlib/unsat-uniform-50-218/uuf50-0423.cnf,50,218,UNSAT,72,1029,82,1,0.000329
testdata/satlib/unsat-uniform-50-218/uuf50-0424.cnf,50,218,UNSAT,67,933,79,1,0.000220
testdata/satlib/unsat-uniform-50-218/uuf50-0425.cnf,50,218,UNSAT,40,570,45,1,0.000127
testdata/satlib/unsat-uniform-50-218/uuf50-0426.cnf,50,218,UNSAT,52,683,57,1,0.000155
testdata/satlib/unsat-uniform-50-218/uuf50-0427.cnf,50,218,UNSAT,83,999,92,1,0.000228
testdata/satlib/unsat-uniform-50-218/uuf50-0428.cnf,50,218,UNSAT,64,740,70,1,0.000174
testdata/satlib/unsat-uniform-50-218/uuf50-0429.cnf,50,218,UNSAT,81,1075,86,1,0.000231
testdata/satlib/unsat-uniform-50-218/uuf50-043.cnf,50,218,UNSAT,52,821,62,1,0.000168
testdata/satlib/unsat-uniform-50-218/uuf50-0430.cnf,50,218,UNSAT,44,670,53,1,0.000138
testdata/satlib/unsat-uniform-50-218/uuf50-0431.cnf,50,218,UNSAT,73,957,83,1,0.000216
testdata/satlib/unsat-uniform-50-218/uuf50-0432.cnf,50,218,UNSAT,68,889,77,1,0.000198
testdata/satlib/unsat-uniform-50-218/uuf50-0433.cnf,50,218,UNSAT,55,656,59,1,0.000149
testdata/satlib/unsat-uniform-50-218/uuf50-0434.cnf,50,218,UNSAT,83,1089,92,1,0.000245
testdata/satlib/unsat-uniform-50-218/uuf50-0435.cnf,50,218,UNSAT,59,726,67,1,0.000166
testdata/satlib/unsat-uniform-50-218/uuf50-0436.cnf,50,218,UNSAT,49,644,57,1,0.000143
testdata/satlib/unsat-uniform-50-218/uuf50-0437.cnf,50,218,UNSAT,61,808,71,1,0.000175
testdata/satlib/unsat-uniform-50-218/uuf50-0438.cnf,50,218,UNSAT,39,529,48,1,0.000112
testdata/satlib/unsat-uniform-50-218/uuf50-0439.cnf,50,218,UNSAT,69,991,78,1,0.000202
testdata/satlib/unsat-uniform-50-218/uuf50-044.cnf,50,218,UNSAT,75,1220,88,1,0.000253
testdata/satlib/unsat-uniform-50-218/uuf50-0440.cnf,50,218,UNSAT,61,730,68,1,0.000155
testdata/satlib/unsat-uniform-50-218/uuf50-0441.cnf,50,218,UNSAT,69,913,71,1,0.000199
testdata/satlib/unsat-uniform-50-218/uuf50-0442.cnf,50,218,UNSAT,70,1000,74,1,0.000209
testdata/satlib/unsat-uniform-50-218/uuf50-0443.cnf,50,218,UNSAT,57,794,63,1,0.000174
testdata/satlib/unsat-uniform-50-218/uuf50-0444.cnf,50,218,UNSAT,72,1019,78,1,0.000311
testdata/satlib/unsat-uniform-50-218/uuf50-0445.cnf,50,218,UNSAT,64,981,71,1,0.000210
testdata/satlib/unsat-uniform-50-218/uuf50-0446.cnf,50,218,UNSAT,39,487,50,1,0.000112
testdata/satlib/unsat-uniform-50-218/uuf50-0447.cnf,50,218,UNSAT,43,608,53,1,0.000122
testdata/satlib/unsat-uniform-50-218/uuf50-0448.cnf,50,218,UNSAT,84,1337,95,1,0.000271
testdata/satlib/unsat-uniform-50-218/uuf50-0449.cnf,50,218,UNSAT,97,1367,110,1,0.000303
testdata/satlib/unsat-uniform-50-218/uuf50-045.cnf,50,218,UNSAT,70,1000,81,1,0.000219
testdata/satlib/unsat-uniform-50-218/uuf50-0450.cnf,50,218,UNSAT,35,446,37,1,0.000097
testdata/satlib/unsat-uniform-50-218/uuf50-0451.cnf,50,218,UNSAT,98,1390,105,1,0.000304
testdata/satlib/unsat-uniform-50-218/uuf50-0452.cnf,50,218,UNSAT,66,927,79,1,0.000194
testdata/satlib/unsat-uniform-50-218/uuf50-0453.cnf,50,218,UNSAT,98,1348,104,1,0.000279
testdata/satlib/unsat-uniform-50-218/uuf50-0454.cnf,50,218,UNSAT,57,757,75,1,0.000166
testdata/satlib/unsat-uniform-50-218/uuf50-0455.cnf,50,218,UNSAT,65,836,74,1,0.000189
testdata/satlib/unsat-uniform-50-218/uuf50-0456.cnf,50,218,UNSAT,74,1084,90,1,0.000234
testdata/satlib/unsat-uniform-50-218/uuf50-0457.cnf,50,218,UNSAT,41,517,45,1,0.000114
testdata/satlib/unsat-uniform-50-218/uuf50-0458.cnf,50,218,UNSAT,44,769,47,1,0.000153
testdata/satlib/unsat-uniform-50-218/uuf50-0459.cnf,50,218,UNSAT,66,979,72,1,0.000201
testdata/satlib/unsat-uniform-50-218/uuf50-046.cnf,50,218,UNSAT,42,576,43,1,0.000119
testdata/satlib/unsat-uniform-50-218/uuf50-0460.cnf,50,218,UNSAT,64,956,70,1,0.000194
testdata/satlib/unsat-uniform-50-218/uuf50-0461.cnf,50,218,UNSAT,35,511,45,1,0.000103
testdata/satlib/unsat-uniform-50-218/uuf50-0462.cnf,50,218,UNSAT,74,1007,78,1,0.000225
testdata/satlib/unsat-uniform-50-218/uuf50-0463.cnf,50,218,UNSAT,66,877,75,1,0.000195
testdata/satlib/unsat-uniform-50-218/uuf50-0464.cnf,50,218,UNSAT,47,617,57,1,0.000137
testdata/satlib/unsat-uniform-50-218/uuf50-0465.cnf,50,218,UNSAT,31,419,34,1,0.000091
testdata/satlib/unsat-uniform-50-218/uuf50-0466.cnf,50,218,UNSAT,53,693,63,1,0.000142
testdata/satlib/unsat-uniform-50-218/uuf50-0467.cnf,50,218,UNSAT,79,1068,89,1,0.000230
testdata/satlib/unsat-uniform-50-218/uuf50-0468.cnf,50,218,UNSAT,56,810,64,1,0.000174
testdata/satlib/unsat-uniform-50-218/uuf50-0469.cnf,50,218,UNSAT,78,1111,92,1,0.000229
testdata/satlib/unsat-uniform-50-218/uuf50-047.cnf,50,218,UNSAT,64,880,77,1,0.000193
testdata/satlib/unsat-uniform-50-218/uuf50-0470.cnf,50,218,UNSAT,81,1211,94,1,0.000248
testdata/satlib/unsat-uniform-50-218/uuf50-0471.cnf,50,218,UNSAT,81,1099,89,1,0.000239
testdata/satlib/unsat-uniform-50-218/uuf50-0472.cnf,50,218,UNSAT,59,828,65,1,0.000179
testdata/satlib/unsat-uniform-50-218/uuf50-0473.cnf,50,218,UNSAT,83,1172,103,1,0.000244
testdata/satlib/unsat-uniform-50-218/uuf50-0474.cnf,50,218,UNSAT,89,1282,105,1,0.000358
testdata/satlib/unsat-uniform-50-218/uuf50-0475.cnf,50,218,UNSAT,49,642,55,1,0.000142
testdata/satlib/unsat-uniform-50-218/uuf50-0476.cnf,50,218,UNSAT,87,1292,97,1,0.000256
testdata/satlib/unsat-uniform-50-218/uuf50-0477.cnf,50,218,UNSAT,66,906,76,1,0.000195
testdata/satlib/unsat-uniform-50-218/uuf50-0478.cnf,50,218,UNSAT,65,939,75,1,0.000211
testdata/satlib/unsat-uniform-50-218/uuf50-0479.cnf,50,218,UNSAT,38,458,44,1,0.000095
testdata/satlib/unsat-uniform-50-218/uuf50-048.cnf,50,218,UNSAT,50,649,58,1,0.000135
testdata/satlib/unsat-uniform-50-218/uuf50-0480.cnf,50,218,UNSAT,78,1138,91,1,0.000234
testdata/satlib/unsat-uniform-50-218/uuf50-0481.cnf,50,218,UNSAT,65,970,69,1,0.000213
testdata/satlib/unsat-uniform-50-218/uuf50-0482.cnf,50,218,UNSAT,87,1223,103,1,0.000272
testdata/satlib/unsat-uniform-50-218/uuf50-0483.cnf,50,218,UNSAT,50,834,54,1,0.000168
testdata/satlib/unsat-uniform-50-218/uuf50-0484.cnf,50,218,UNSAT,44,560,53,1,0.000122
testdata/satlib/unsat-uniform-50-218/uuf50-0485.cnf,50,218,UNSAT,67,939,72,1,0.000297
testdata/satlib/unsat-uniform-50-218/uuf50-0486.cnf,50,218,UNSAT,56,689,63,1,0.000151
testdata/satlib/unsat-uniform-50-218/uuf50-0487.cnf,50,218,UNSAT,47,696,49,1,0.000150
testdata/satlib/unsat-uniform-50-218/uuf50-0488.cnf,50,218,UNSAT,52,731,58,1,0.000155
testdata/satlib/unsat-uniform-50-218/uuf50-0489.cnf,50,218,UNSAT,88,1291,104,1,0.000273
testdata/satlib/unsat-uniform-50-218/uuf50-049.cnf,50,218,UNSAT,68,1022,77,1,0.000214
testdata/satlib/unsat-uniform-50-218/uuf50-0490.cnf,50,218,UNSAT,68,865,81,1,0.000195
testdata/satlib/unsat-uniform-50-218/uuf50-0491.cnf,50,218,UNSAT,43,584,51,1,0.000121
testdata/satlib/unsat-uniform-50-218/uuf50-0492.cnf,50,218,UNSAT,89,1214,98,1,0.000260
testdata/satlib/unsat-uniform-50-218/uuf50-0493.cnf,50,218,UNSAT,102,1474,110,2,0.000322
testdata/satlib/unsat-uniform-50-218/uuf50-0494.cnf,50,218,UNSAT,87,1108,94,1,0.000233
testdata/satlib/unsat-uniform-50-218/uuf50-0495.cnf,50,218,UNSAT,112,1534,127,2,0.000342
testdata/satlib/unsat-uniform-50-218/uuf50-0496.cnf,50,218,UNSAT,46,633,49,1,0.000135
testdata/satlib/unsat-uniform-50-218/uuf50-0497.cnf,50,218,UNSAT,58,790,64,1,0.000171
testdata/satlib/unsat-uniform-50-218/uuf50-0498.cnf,50,218,UNSAT,23,319,28,1,0.000069
testdata/satlib/unsat-uniform-50-218/uuf50-0499.cnf,50,218,UNSAT,49,657,56,1,0.000146
testdata/satlib/unsat-uniform-50-218/uuf50-05.cnf,50,218,UNSAT,58,808,59,1,0.000177
testdata/satlib/unsat-uniform-50-218/uuf50-050.cnf,50,218,UNSAT,69,916,79,1,0.000193
testdata/satlib/unsat-uniform-50-218/uuf50-0500.cnf,50,218,UNSAT,59,905,73,1,0.000177
testdata/satlib/unsat-uniform-50-218/uuf50-0501.cnf,50,218,UNSAT,67,861,76,1,0.000184
testdata/satlib/unsat-uniform-50-218/uuf50-0502.cnf,50,218,UNSAT,52,825,52,1,0.000162
testdata/satlib/unsat-uniform-50-218/uuf50-0503.cnf,50,218,UNSAT,51,683,57,1,0.000153
testdata/satlib/unsat-uniform-50-218/uuf50-0504.cnf,50,218,UNSAT,72,993,79,1,0.000221
testdata/satlib/unsat-uniform-50-218/uuf50-0505.cnf,50,218,UNSAT,59,761,68,1,0.000170
testdata/satlib/unsat-uniform-50-218/uuf50-0506.cnf,50,218,UNSAT,58,817,71,1,0.000176
testdata/satlib/unsat-uniform-50-218/uuf50-0507.cnf,50,218,UNSAT,37,506,39,1,0.000106
testdata/satlib/unsat-uniform-50-218/uuf50-0508.cnf,50,218,UNSAT,71,1060,74,1,0.000225
testdata/satlib/unsat-uniform-50-218/uuf50-0509.cnf,50,218,UNSAT,49,582,61,1,0.000127
testdata/satlib/unsat-uniform-50-218/uuf50-051.cnf,50,218,UNSAT,76,1038,81,1,0.000224
testdata/satlib/unsat-uniform-50-218/uuf50-0510.cnf,50,218,UNSAT,59,726,65,1,0.000172
testdata/satlib/unsat-uniform-50-218/uuf50-0511.cnf,50,218,UNSAT,60,847,65,1,0.000181
testdata/satlib/unsat-uniform-50-218/uuf50-0512.cnf,50,218,UNSAT,86,1167,98,1,0.000269
testdata/satlib/unsat-uniform-50-218/uuf50-0513.cnf,50,218,UNSAT,70,949,78,1,0.000210
testdata/satlib/unsat-uniform-50-218/uuf50-0514.cnf,50,218,UNSAT,78,983,88,1,0.000215
testdata/satlib/unsat-uniform-50-218/uuf50-0515.cnf,50,218,UNSAT,44,707,51,1,0.000153
testdata/satlib/unsat-uniform-50-218/uuf50-0516.cnf,50,218,UNSAT,83,1189,95,1,0.000262
testdata/satlib/unsat-uniform-50-218/uuf50-0517.cnf,50,218,UNSAT,44,561,50,1,0.000122
testdata/satlib/unsat-uniform-50-218/uuf50-0518.cnf,50,218,UNSAT,58,749,71,1,0.000174
testdata/satlib/unsat-uniform-50-218/uuf50-0519.cnf,50,218,UNSAT,53,818,58,1,0.000176
testdata/satlib/unsat-uniform-50-218/uuf50-052.cnf,50,218,UNSAT,53,707,60,1,0.000151
testdata/satlib/unsat-uniform-50-218/uuf50-0520.cnf,50,218,UNSAT,70,958,77,1,0.000208
testdata/satlib/unsat-uniform-50-218/uuf50-0521.cnf,50,218,UNSAT,58,857,67,1,0.000184
testdata/satlib/unsat-uniform-50-218/uuf50-0522.cnf,50,218,UNSAT,75,1049,83,1,0.000228
testdata/satlib/unsat-uniform-50-218/uuf50-0523.cnf,50,218,UNSAT,37,523,42,1,0.000108
testdata/satlib/unsat-uniform-50-218/uuf50-0524.cnf,50,218,UNSAT,80,1007,80,1,0.000234
testdata/satlib/unsat-uniform-50-218/uuf50-0525.cnf,50,218,UNSAT,73,955,89,1,0.000203
testdata/satlib/unsat-uniform-50-218/uuf50-0526.cnf,50,218,UNSAT,76,1092,91,1,0.000231
testdata/satlib/unsat-uniform-50-218/uuf50-0527.cnf,50,218,UNSAT,64,963,74,1,0.000197
testdata/satlib/unsat-uniform-50-218/uuf50-0528.cnf,50,218,UNSAT,44,560,50,1,0.000127
testdata/satlib/unsat-uniform-50-218/uuf50-0529.cnf,50,218,UNSAT,57,815,62,1,0.000169
testdata/satlib/unsat-uniform-50-218/uuf50-053.cnf,50,218,UNSAT,42,592,50,1,0.000122
testdata/satlib/unsat-uniform-50-218/uuf50-0530.cnf,50,218,UNSAT,64,842,67,1,0.000186
testdata/satlib/unsat-uniform-50-218/uuf50-0531.cnf,50,218,UNSAT,36,473,39,1,0.000102
testdata/satlib/unsat-uniform-50-218/uuf50-0532.cnf,50,218,UNSAT,77,1082,83,1,0.000229
testdata/satlib/unsat-uniform-50-218/uuf50-0533.cnf,50,218,UNSAT,54,692,61,1,0.000155
testdata/satlib/unsat-uniform-50-218/uuf50-0534.cnf,50,218,UNSAT,78,1099,87,1,0.000229
testdata/satlib/unsat-uniform-50-218/uuf50-0535.cnf,50,218,UNSAT,75,1064,92,1,0.000224
testdata/satlib/unsat-uniform-50-218/uuf50-0536.cnf,50,218,UNSAT,54,736,56,1,0.000154
testdata/satlib/unsat-uniform-50-218/uuf50-0537.cnf,50,218,UNSAT,45,637,48,1,0.000135
testdata/satlib/unsat-uniform-50-218/uuf50-0538.cnf,50,218,UNSAT,61,765,80,1,0.000164
testdata/satlib/unsat-uniform-50-218/uuf50-0539.cnf,50,218,UNSAT,76,1118,88,1,0.000237
testdata/satlib/unsat-uniform-50-218/uuf50-054.cnf,50,218,UNSAT,87,1344,98,1,0.000286
testdata/satlib/unsat-uniform-50-218/uuf50-0540.cnf,50,218,UNSAT,73,1101,89,1,0.000226
testdata/satlib/unsat-uniform-50-218/uuf50-0541.cnf,50,218,UNSAT,43,555,48,1,0.000123
testdata/satlib/unsat-uniform-50-218/uuf50-0542.cnf,50,218,UNSAT,50,740,61,1,0.000150
testdata/satlib/unsat-uniform-50-218/uuf50-0543.cnf,50,218,UNSAT,63,855,73,1,0.000192
testdata/satlib/unsat-uniform-50-218/uuf50-0544.cnf,50,218,UNSAT,34,469,38,1,0.000101
testdata/satlib/unsat-uniform-50-218/uuf50-0545.cnf,50,218,UNSAT,51,745,58,1,0.000166
testdata/satlib/unsat-uniform-50-218/uuf50-0546.cnf,50,218,UNSAT,58,869,65,1,0.000184
testdata/satlib/unsat-uniform-50-218/uuf50-0547.cnf,50,218,UNSAT,49,724,57,1,0.000157
testdata/satlib/unsat-uniform-50-218/uuf50-0548.cnf,50,218,UNSAT,75,1021,85,1,0.000220
testdata/satlib/unsat-uniform-50-218/uuf50-0549.cnf,50,218,UNSAT,77,1063,84,1,0.000233
testdata/satlib/unsat-uniform-50-218/uuf50-055.cnf,50,218,UNSAT,66,967,73,1,0.000212
testdata/satlib/unsat-uniform-50-218/uuf50-0550.cnf,50,218,UNSAT,47,751,51,1,0.000154
testdata/satlib/unsat-uniform-50-218/uuf50-0551.cnf,50,218,UNSAT,89,1290,97,1,0.000266
testdata/satlib/unsat-uniform-50-218/uuf50-0552.cnf,50,218,UNSAT,66,1056,71,1,0.000219
testdata/satlib/unsat-uniform-50-218/uuf50-0553.cnf,50,218,UNSAT,68,937,78,1,0.000198
testdata/satlib/unsat-uniform-50-218/uuf50-0554.cnf,50,218,UNSAT,55,687,64,1,0.000155
testdata/satlib/unsat-uniform-50-218/uuf50-0555.cnf,50,218,UNSAT,41,536,48,1,0.000115
testdata/satlib/unsat-uniform-50-218/uuf50-0556.cnf,50,218,UNSAT,67,911,75,1,0.000199
testdata/satlib/unsat-uniform-50-218/uuf50-0557.cnf,50,218,UNSAT,42,567,45,1,0.000116
testdata/satlib/unsat-uniform-50-218/uuf50-0558.cnf,50,218,UNSAT,59,760,64,1,0.000166
testdata/satlib/unsat-uniform-50-218/uuf50-0559.cnf,50,218,UNSAT,44,576,66,1,0.000124
testdata/satlib/unsat-uniform-50-218/uuf50-056.cnf,50,218,UNSAT,49,633,54,1,0.000149
testdata/satlib/unsat-uniform-50-218/uuf50-0560.cnf,50,218,UNSAT,53,743,58,1,0.000300
testdata/satlib/unsat-uniform-50-218/uuf50-0561.cnf,50,218,UNSAT,47,594,49,1,0.000129
testdata/satlib/unsat-uniform-50-218/uuf50-0562.cnf,50,218,UNSAT,56,774,55,1,0.000179
testdata/satlib/unsat-uniform-50-218/uuf50-0563.cnf,50,218,UNSAT,54,793,58,1,0.000176
testdata/satlib/unsat-uniform-50-218/uuf50-0564.cnf,50,218,UNSAT,50,713,52,1,0.000148
testdata/satlib/unsat-uniform-50-218/uuf50-0565.cnf,50,218,UNSAT,102,1333,109,1,0.000296
testdata/satlib/unsat-uniform-50-218/uuf50-0566.cnf,50,218,UNSAT,70,1096,84,1,0.000220
testdata/satlib/unsat-uniform-50-218/uuf50-0567.cnf,50,218,UNSAT,28,289,29,1,0.000068
testdata/satlib/unsat-uniform-50-218/uuf50-0568.cnf,50,218,UNSAT,51,647,53,1,0.000141
testdata/satlib/unsat-uniform-50-218/uuf50-0569.cnf,50,218,UNSAT,54,724,57,1,0.000164
testdata/satlib/unsat-uniform-50-218/uuf50-057.cnf,50,218,UNSAT,62,839,68,1,0.000177
testdata/satlib/unsat-uniform-50-218/uuf50-0570.cnf,50,218,UNSAT,82,1043,97,1,0.000232
testdata/satlib/unsat-uniform-50-218/uuf50-0571.cnf,50,218,UNSAT,91,1190,106,1,0.000263
testdata/satlib/unsat-uniform-50-218/uuf50-0572.cnf,50,218,UNSAT,27,373,37,1,0.000084
testdata/satlib/unsat-uniform-50-218/uuf50-0573.cnf,50,218,UNSAT,66,923,80,1,0.000203
testdata/satlib/unsat-uniform-50-218/uuf50-0574.cnf,50,218,UNSAT,61,886,60,1,0.000178
testdata/satlib/unsat-uniform-50-218/uuf50-0575.cnf,50,218,UNSAT,83,1137,90,1,0.000242
testdata/satlib/unsat-uniform-50-218/uuf50-0576.cnf,50,218,UNSAT,71,1079,76,1,0.000231
testdata/satlib/unsat-uniform-50-218/uuf50-0577.cnf,50,218,UNSAT,48,667,55,1,0.000142
testdata/satlib/unsat-uniform-50-218/uuf50-0578.cnf,50,218,UNSAT,153,2370,175,2,0.000516
testdata/satlib/unsat-uniform-50-218/uuf50-0579.cnf,50,218,UNSAT,73,1006,81,1,0.000220
testdata/satlib/unsat-uniform-50-218/uuf50-058.cnf,50,218,UNSAT,51,728,58,1,0.000170
testdata/satlib/unsat-uniform-50-218/uuf50-0580.cnf,50,218,UNSAT,81,976,98,1,0.000221
testdata/satlib/unsat-uniform-50-218/uuf50-0581.cnf,50,218,UNSAT,47,675,50,1,0.000138
testdata/satlib/unsat-uniform-50-218/uuf50-0582.cnf,50,218,UNSAT,42,601,48,1,0.000126
testdata/satlib/unsat-uniform-50-218/uuf50-0583.cnf,50,218,UNSAT,71,1001,79,1,0.000219
testdata/satlib/unsat-uniform-50-218/uuf50-0584.cnf,50,218,UNSAT,45,579,61,1,0.000117
testdata/satlib/unsat-uniform-50-218/uuf50-0585.cnf,50,218,UNSAT,50,671,56,1,0.000142
testdata/satlib/unsat-uniform-50-218/uuf50-0586.cnf,50,218,UNSAT,62,736,73,1,0.000169
testdata/satlib/unsat-uniform-50-218/uuf50-0587.cnf,50,218,UNSAT,92,1354,111,1,0.000282
testdata/satlib/unsat-uniform-50-218/uuf50-0588.cnf,50,218,UNSAT,62,885,67,1,0.000189
testdata/satlib/unsat-uniform-50-218/uuf50-0589.cnf,50,218,UNSAT,60,863,66,1,0.000187
testdata/satlib/unsat-uniform-50-218/uuf50-059.cnf,50,218,UNSAT,104,1294,123,2,0.000299
testdata/satlib/unsat-uniform-50-218/uuf50-0590.cnf,50,218,UNSAT,47,659,53,1,0.000138
testdata/satlib/unsat-uniform-50-218/uuf50-0591.cnf,50,218,UNSAT,57,758,65,1,0.000175
testdata/satlib/unsat-uniform-50-218/uuf50-0592.cnf,50,218,UNSAT,49,745,52,1,0.000150
testdata/satlib/unsat-uniform-50-218/uuf50-0593.cnf,50,218,UNSAT,68,860,76,1,0.000190
testdata/satlib/unsat-uniform-50-218/uuf50-0594.cnf,50,218,UNSAT,64,920,74,1,0.000174
testdata/satlib/unsat-uniform-50-218/uuf50-0595.cnf,50,218,UNSAT,78,1001,90,1,0.000220
testdata/satlib/unsat-uniform-50-218/uuf50-0596.cnf,50,218,UNSAT,58,781,68,1,0.000168
testdata/satlib/unsat-uniform-50-218/uuf50-0597.cnf,50,218,UNSAT,58,811,65,1,0.000166
testdata/satlib/unsat-uniform-50-218/uuf50-0598.cnf,50,218,UNSAT,69,995,73,1,0.000214
testdata/satlib/unsat-uniform-50-218/uuf50-0599.cnf,50,218,UNSAT,58,760,70,1,0.000173
testdata/satlib/unsat-uniform-50-218/uuf50-06.cnf,50,218,UNSAT,53,756,62,1,0.000240
testdata/satlib/unsat-uniform-50-218/uuf50-060.cnf,50,218,UNSAT,74,987,82,1,0.000212
testdata/satlib/unsat-uniform-50-218/uuf50-0600.cnf,50,218,UNSAT,45,717,55,1,0.000152
testdata/satlib/unsat-uniform-50-218/uuf50-0601.cnf,50,218,UNSAT,82,1129,91,1,0.000262
testdata/satlib/unsat-uniform-50-218/uuf50-0602.cnf,50,218,UNSAT,53,722,58,1,0.000157
testdata/satlib/unsat-uniform-50-218/uuf50-0603.cnf,50,218,UNSAT,93,1183,107,1,0.000272
testdata/satlib/unsat-uniform-50-218/uuf50-0604.cnf,50,218,UNSAT,58,769,60,1,0.000176
testdata/satlib/unsat-uniform-50-218/uuf50-0605.cnf,50,218,UNSAT,34,460,36,1,0.000100
testdata/satlib/unsat-uniform-50-218/uuf50-0606.cnf,50,218,UNSAT,68,1053,77,1,0.000207
testdata/satlib/unsat-uniform-50-218/uuf50-0607.cnf,50,218,UNSAT,51,834,59,1,0.000178
testdata/satlib/unsat-uniform-50-218/uuf50-0608.cnf,50,218,UNSAT,64,959,80,1,0.000196
testdata/satlib/unsat-uniform-50-218/uuf50-0609.cnf,50,218,UNSAT,59,800,73,1,0.000174
testdata/satlib/unsat-uniform-50-218/uuf50-061.cnf,50,218,UNSAT,74,1094,80,1,0.000239
testdata/satlib/unsat-uniform-50-218/uuf50-0610.cnf,50,218,UNSAT,112,1585,130,2,0.000354
testdata/satlib/unsat-uniform-50-218/uuf50-0611.cnf,50,218,UNSAT,77,1075,88,1,0.000222
testdata/satlib/unsat-uniform-50-218/uuf50-0612.cnf,50,218,UNSAT,48,575,50,1,0.000128
testdata/satlib/unsat-uniform-50-218/uuf50-0613.cnf,50,218,UNSAT,62,839,76,1,0.000182
testdata/satlib/unsat-uniform-50-218/uuf50-0614.cnf,50,218,UNSAT,60,741,64,1,0.000167
testdata/satlib/unsat-uniform-50-218/uuf50-0615.cnf,50,218,UNSAT,56,722,70,1,0.000162
testdata/satlib/unsat-uniform-50-218/uuf50-0616.cnf,50,218,UNSAT,81,1121,87,1,0.000245
testdata/satlib/unsat-uniform-50-218/uuf50-0617.cnf,50,218,UNSAT,104,1521,119,1,0.000319
testdata/satlib/unsat-uniform-50-218/uuf50-0618.cnf,50,218,UNSAT,42,554,53,1,0.000121
testdata/satlib/unsat-uniform-50-218/uuf50-0619.cnf,50,218,UNSAT,68,931,77,1,0.000379
testdata/satlib/unsat-uniform-50-218/uuf50-062.cnf,50,218,UNSAT,26,327,32,1,0.000070
testdata/satlib/unsat-uniform-50-218/uuf50-0620.cnf,50,218,UNSAT,33,496,41,1,0.000103
testdata/satlib/unsat-uniform-50-218/uuf50-0621.cnf,50,218,UNSAT,56,743,65,1,0.000170
testdata/satlib/unsat-uniform-50-218/uuf50-0622.cnf,50,218,UNSAT,40,599,41,1,0.000125
testdata/satlib/unsat-uniform-50-218/uuf50-0623.cnf,50,218,UNSAT,61,837,67,1,0.000181
testdata/satlib/unsat-uniform-50-218/uuf50-0624.cnf,50,218,UNSAT,86,1195,93,1,0.000261
testdata/satlib/unsat-uniform-50-218/uuf50-0625.cnf,50,218,UNSAT,53,737,62,1,0.000148
testdata/satlib/unsat-uniform-50-218/uuf50-0626.cnf,50,218,UNSAT,78,1176,87,1,0.000245
testdata/satlib/unsat-uniform-50-218/uuf50-0627.cnf,50,218,UNSAT,81,1084,88,1,0.000243
testdata/satlib/unsat-uniform-50-218/uuf50-0628.cnf,50,218,UNSAT,61,1004,75,1,0.000203
testdata/satlib/unsat-uniform-50-218/uuf50-0629.cnf,50,218,UNSAT,40,521,42,1,0.000112
testdata/satlib/unsat-uniform-50-218/uuf50-063.cnf,50,218,UNSAT,43,609,44,1,0.000131
testdata/satlib/unsat-uniform-50-218/uuf50-0630.cnf,50,218,UNSAT,40,533,45,1,0.000106
testdata/satlib/unsat-uniform-50-218/uuf50-0631.cnf,50,218,UNSAT,76,1202,81,1,0.000245
testdata/satlib/unsat-uniform-50-218/uuf50-0632.cnf,50,218,UNSAT,65,893,70,1,0.000189
testdata/satlib/unsat-uniform-50-218/uuf50-0633.cnf,50,218,UNSAT,49,605,54,1,0.000132
testdata/satlib/unsat-uniform-50-218/uuf50-0634.cnf,50,218,UNSAT,67,914,80,1,0.000191
testdata/satlib/unsat-uniform-50-218/uuf50-0635.cnf,50,218,UNSAT,51,680,61,1,0.000149
testdata/satlib/unsat-uniform-50-218/uuf50-0636.cnf,50,218,UNSAT,52,605,57,1,0.000138
testdata/satlib/unsat-uniform-50-218/uuf50-0637.cnf,50,218,UNSAT,88,1090,97,1,0.000252
testdata/satlib/unsat-uniform-50-218/uuf50-0638.cnf,50,218,UNSAT,54,735,65,1,0.000164
testdata/satlib/unsat-uniform-50-218/uuf50-0639.cnf,50,218,UNSAT,64,1043,69,1,0.000209
testdata/satlib/unsat-uniform-50-218/uuf50-064.cnf,50,218,UNSAT,44,715,56,1,0.000186
testdata/satlib/unsat-uniform-50-218/uuf50-0640.cnf,50,218,UNSAT,48,719,62,1,0.000165
testdata/satlib/unsat-uniform-50-218/uuf50-0641.cnf,50,218,UNSAT,76,988,90,1,0.000213
testdata/satlib/unsat-uniform-50-218/uuf50-0642.cnf,50,218,UNSAT,82,1181,93,1,0.000261
testdata/satlib/unsat-uniform-50-218/uuf50-0643.cnf,50,218,UNSAT,53,672,54,1,0.000144
testdata/satlib/unsat-uniform-50-218/uuf50-0644.cnf,50,218,UNSAT,67,983,77,1,0.000203
testdata/satlib/unsat-uniform-50-218/uuf50-0645.cnf,50,218,UNSAT,59,808,68,1,0.000183
testdata/satlib/unsat-uniform-50-218/uuf50-0646.cnf,50,218,UNSAT,67,918,82,1,0.000195
testdata/satlib/unsat-uniform-50-218/uuf50-0647.cnf,50,218,UNSAT,55,693,62,1,0.000148
testdata/satlib/unsat-uniform-50-218/uuf50-0648.cnf,50,218,UNSAT,73,1211,85,1,0.000238
testdata/satlib/unsat-uniform-50-218/uuf50-0649.cnf,50,218,UNSAT,58,777,63,1,0.000170
testdata/satlib/unsat-uniform-50-218/uuf50-065.cnf,50,218,UNSAT,69,906,83,1,0.000204
testdata/satlib/unsat-uniform-50-218/uuf50-0650.cnf,50,218,UNSAT,48,700,55,1,0.000134
testdata/satlib/unsat-uniform-50-218/uuf50-0651.cnf,50,218,UNSAT,84,1062,92,1,0.000245
testdata/satlib/unsat-uniform-50-218/uuf50-0652.cnf,50,218,UNSAT,49,665,57,1,0.000142
testdata/satlib/unsat-uniform-50-218/uuf50-0653.cnf,50,218,UNSAT,55,790,63,1,0.000172
testdata/satlib/unsat-uniform-50-218/uuf50-0654.cnf,50,218,UNSAT,60,844,64,1,0.000184
testdata/satlib/unsat-uniform-50-218/uuf50-0655.cnf,50,218,UNSAT,73,951,86,1,0.000210
testdata/satlib/unsat-uniform-50-218/uuf50-0656.cnf,50,218,UNSAT,64,932,70,1,0.000190
testdata/satlib/unsat-uniform-50-218/uuf50-0657.cnf,50,218,UNSAT,32,504,32,1,0.000098
testdata/satlib/unsat-uniform-50-218/uuf50-0658.cnf,50,218,UNSAT,80,1116,90,1,0.000252
testdata/satlib/unsat-uniform-50-218/uuf50-0659.cnf,50,218,UNSAT,63,911,68,1,0.000195
testdata/satlib/unsat-uniform-50-218/uuf50-066.cnf,50,218,UNSAT,46,703,50,1,0.000244
testdata/satlib/unsat-uniform-50-218/uuf50-0660.cnf,50,218,UNSAT,88,1254,105,1,0.000267
testdata/satlib/unsat-uniform-50-218/uuf50-0661.cnf,50,218,UNSAT,77,1048,83,1,0.000223
testdata/satlib/unsat-uniform-50-218/uuf50-0662.cnf,50,218,UNSAT,35,409,43,1,0.000089
testdata/satlib/unsat-uniform-50-218/uuf50-0663.cnf,50,218,UNSAT,53,661,56,1,0.000140
testdata/satlib/unsat-uniform-50-218/uuf50-0664.cnf,50,218,UNSAT,51,777,61,1,0.000165
testdata/satlib/unsat-uniform-50-218/uuf50-0665.cnf,50,218,UNSAT,59,773,65,1,0.000186
testdata/satlib/unsat-uniform-50-218/uuf50-0666.cnf,50,218,UNSAT,47,637,54,1,0.000132
testdata/satlib/unsat-uniform-50-218/uuf50-0667.cnf,50,218,UNSAT,73,1107,83,1,0.000225
testdata/satlib/unsat-uniform-50-218/uuf50-0668.cnf,50,218,UNSAT,38,561,43,1,0.000116
testdata/satlib/unsat-uniform-50-218/uuf50-0669.cnf,50,218,UNSAT,99,1338,117,1,0.000306
testdata/satlib/unsat-uniform-50-218/uuf50-067.cnf,50,218,UNSAT,65,905,78,1,0.000194
testdata/satlib/unsat-uniform-50-218/uuf50-0670.cnf,50,218,UNSAT,36,451,45,1,0.000100
testdata/satlib/unsat-uniform-50-218/uuf50-0671.cnf,50,218,UNSAT,72,1013,82,1,0.000219
testdata/satlib/unsat-uniform-50-218/uuf50-0672.cnf,50,218,UNSAT,58,824,66,1,0.000170
testdata/satlib/unsat-uniform-50-218/uuf50-0673.cnf,50,218,UNSAT,36,459,35,1,0.000099
testdata/satlib/unsat-uniform-50-218/uuf50-0674.cnf,50,218,UNSAT,30,411,34,1,0.000092
testdata/satlib/unsat-uniform-50-218/uuf50-0675.cnf,50,218,UNSAT,57,693,65,1,0.000159
testdata/satlib/unsat-uniform-50-218/uuf50-0676.cnf,50,218,UNSAT,52,617,59,1,0.000133
testdata/satlib/unsat-uniform-50-218/uuf50-0677.cnf,50,218,UNSAT,80,1121,86,1,0.000234
testdata/satlib/unsat-uniform-50-218/uuf50-0678.cnf,50,218,UNSAT,69,970,74,1,0.000212
testdata/satlib/unsat-uniform-50-218/uuf50-0679.cnf,50,218,UNSAT,49,677,55,1,0.000135
testdata/satlib/unsat-uniform-50-218/uuf50-068.cnf,50,218,UNSAT,66,897,81,1,0.000203
testdata/satlib/unsat-uniform-50-218/uuf50-0680.cnf,50,218,UNSAT,49,798,53,1,0.000291
testdata/satlib/unsat-uniform-50-218/uuf50-0681.cnf,50,218,UNSAT,49,765,52,1,0.000158
testdata/satlib/unsat-uniform-50-218/uuf50-0682.cnf,50,218,UNSAT,91,1280,104,1,0.000284
testdata/satlib/unsat-uniform-50-218/uuf50-0683.cnf,50,218,UNSAT,90,1328,102,1,0.000285
testdata/satlib/unsat-uniform-50-218/uuf50-0684.cnf,50,218,UNSAT,59,901,75,1,0.000187
testdata/satlib/unsat-uniform-50-218/uuf50-0685.cnf,50,218,UNSAT,54,749,66,1,0.000169
testdata/satlib/unsat-uniform-50-218/uuf50-0686.cnf,50,218,UNSAT,82,1128,97,1,0.000248
testdata/satlib/unsat-uniform-50-218/uuf50-0687.cnf,50,218,UNSAT,33,461,39,1,0.000108
testdata/satlib/unsat-uniform-50-218/uuf50-0688.cnf,50,218,UNSAT,98,1304,109,1,0.000309
testdata/satlib/unsat-uniform-50-218/uuf50-0689.cnf,50,218,UNSAT,79,993,89,1,0.000231
testdata/satlib/unsat-uniform-50-218/uuf50-069.cnf,50,218,UNSAT,56,824,63,1,0.000173
testdata/satlib/unsat-uniform-50-218/uuf50-0690.cnf,50,218,UNSAT,116,1594,125,2,0.000349
testdata/satlib/unsat-uniform-50-218/uuf50-0691.cnf,50,218,UNSAT,56,793,61,1,0.000179
testdata/satlib/unsat-uniform-50-218/uuf50-0692.cnf,50,218,UNSAT,73,1040,82,1,0.000243
testdata/satlib/unsat-uniform-50-218/uuf50-0693.cnf,50,218,UNSAT,49,606,58,1,0.000126
testdata/satlib/unsat-uniform-50-218/uuf50-0694.cnf,50,218,UNSAT,66,1085,70,1,0.000223
testdata/satlib/unsat-uniform-50-218/uuf50-0695.cnf,50,218,UNSAT,49,600,56,1,0.000131
testdata/satlib/unsat-uniform-50-218/uuf50-0696.cnf,50,218,UNSAT,79,1043,89,1,0.000227
testdata/satlib/unsat-uniform-50-218/uuf50-0697.cnf,50,218,UNSAT,87,1197,101,1,0.000279
testdata/satlib/unsat-uniform-50-218/uuf50-0698.cnf,50,218,UNSAT,77,1015,92,1,0.000216
testdata/satlib/unsat-uniform-50-218/uuf50-0699.cnf,50,218,UNSAT,46,658,48,1,0.000137
testdata/satlib/unsat-uniform-50-218/uuf50-07.cnf,50,218,UNSAT,64,918,73,1,0.000193
testdata/satlib/unsat-uniform-50-218/uuf50-070.cnf,50,218,UNSAT,54,789,63,1,0.000167
testdata/satlib/unsat-uniform-50-218/uuf50-0700.cnf,50,218,UNSAT,32,459,34,1,0.000106
testdata/satlib/unsat-uniform-50-218/uuf50-0701.cnf,50,218,UNSAT,48,702,53,1,0.000153
testdata/satlib/unsat-uniform-50-218/uuf50-0702.cnf,50,218,UNSAT,47,582,52,1,0.000119
testdata/satlib/unsat-uniform-50-218/uuf50-0703.cnf,50,218,UNSAT,75,982,88,1,0.000217
testdata/satlib/unsat-uniform-50-218/uuf50-0704.cnf,50,218,UNSAT,67,951,73,1,0.000196
testdata/satlib/unsat-uniform-50-218/uuf50-0705.cnf,50,218,UNSAT,70,960,79,1,0.000195
testdata/satlib/unsat-uniform-50-218/uuf50-0706.cnf,50,218,UNSAT,78,1085,97,1,0.000236
testdata/satlib/unsat-uniform-50-218/uuf50-0707.cnf,50,218,UNSAT,66,824,75,1,0.000181
testdata/satlib/unsat-uniform-50-218/uuf50-0708.cnf,50,218,UNSAT,39,512,43,1,0.000111
testdata/satlib/unsat-uniform-50-218/uuf50-0709.cnf,50,218,UNSAT,69,927,85,1,0.000206
testdata/satlib/unsat-uniform-50-218/uuf50-071.cnf,50,218,UNSAT,73,920,76,1,0.000188
testdata/satlib/unsat-uniform-50-218/uuf50-0710.cnf,50,218,UNSAT,67,998,77,1,0.000207
testdata/satlib/unsat-uniform-50-218/uuf50-0711.cnf,50,218,UNSAT,54,799,61,1,0.000161
testdata/satlib/unsat-uniform-50-218/uuf50-0712.cnf,50,218,UNSAT,77,1044,98,1,0.000222
testdata/satlib/unsat-uniform-50-218/uuf50-0713.cnf,50,218,UNSAT,53,750,55,1,0.000152
testdata/satlib/unsat-uniform-50-218/uuf50-0714.cnf,50,218,UNSAT,58,799,65,1,0.000171
testdata/satlib/unsat-uniform-50-218/uuf50-0715.cnf,50,218,UNSAT,76,985,82,1,0.000205
testdata/satlib/unsat-uniform-50-218/uuf50-0716.cnf,50,218,UNSAT,59,706,80,1,0.000157
testdata/satlib/unsat-uniform-50-218/uuf50-0717.cnf,50,218,UNSAT,80,1213,87,1,0.000250
testdata/satlib/unsat-uniform-50-218/uuf50-0718.cnf,50,218,UNSAT,86,1154,98,1,0.000240
testdata/satlib/unsat-uniform-50-218/uuf50-0719.cnf,50,218,UNSAT,43,566,50,1,0.000115
testdata/satlib/unsat-uniform-50-218/uuf50-072.cnf,50,218,UNSAT,57,872,67,1,0.000173
testdata/satlib/unsat-uniform-50-218/uuf50-0720.cnf,50,218,UNSAT,61,827,66,1,0.000331
testdata/satlib/unsat-uniform-50-218/uuf50-0721.cnf,50,218,UNSAT,57,837,61,1,0.000179
testdata/satlib/unsat-uniform-50-218/uuf50-0722.cnf,50,218,UNSAT,61,765,65,1,0.000166
testdata/satlib/unsat-uniform-50-218/uuf50-0723.cnf,50,218,UNSAT,57,777,62,1,0.000159
testdata/satlib/unsat-uniform-50-218/uuf50-0724.cnf,50,218,UNSAT,54,628,58,1,0.000136
testdata/satlib/unsat-uniform-50-218/uuf50-0725.cnf,50,218,UNSAT,57,820,64,1,0.000178
testdata/satlib/unsat-uniform-50-218/uuf50-0726.cnf,50,218,UNSAT,32,401,49,1,0.000077
testdata/satlib/unsat-uniform-50-218/uuf50-0727.cnf,50,218,UNSAT,60,845,62,1,0.000171
testdata/satlib/unsat-uniform-50-218/uuf50-0728.cnf,50,218,UNSAT,58,718,64,1,0.000156
testdata/satlib/unsat-uniform-50-218/uuf50-0729.cnf,50,218,UNSAT,47,677,56,1,0.000140
testdata/satlib/unsat-uniform-50-218/uuf50-073.cnf,50,218,UNSAT,56,728,66,1,0.000164
testdata/satlib/unsat-uniform-50-218/uuf50-0730.cnf,50,218,UNSAT,78,1110,89,1,0.000237
testdata/satlib/unsat-uniform-50-218/uuf50-0731.cnf,50,218,UNSAT,94,1298,102,1,0.000283
testdata/satlib/unsat-uniform-50-218/uuf50-0732.cnf,50,218,UNSAT,68,906,76,1,0.000208
testdata/satlib/unsat-uniform-50-218/uuf50-0733.cnf,50,218,UNSAT,56,789,62,1,0.000167
testdata/satlib/unsat-uniform-50-218/uuf50-0734.cnf,50,218,UNSAT,122,1557,139,2,0.000350
testdata/satlib/unsat-uniform-50-218/uuf50-0735.cnf,50,218,UNSAT,59,765,64,1,0.000173
testdata/satlib/unsat-uniform-50-218/uuf50-0736.cnf,50,218,UNSAT,62,909,71,1,0.000186
testdata/satlib/unsat-uniform-50-218/uuf50-0737.cnf,50,218,UNSAT,78,1299,83,1,0.000245
testdata/satlib/unsat-uniform-50-218/uuf50-0738.cnf,50,218,UNSAT,113,1598,132,2,0.000336
testdata/satlib/unsat-uniform-50-218/uuf50-0739.cnf,50,218,UNSAT,106,1458,113,2,0.000301
testdata/satlib/unsat-uniform-50-218/uuf50-074.cnf,50,218,UNSAT,72,997,78,1,0.000201
testdata/satlib/unsat-uniform-50-218/uuf50-0740.cnf,50,218,UNSAT,80,1198,90,1,0.000250
testdata/satlib/unsat-uniform-50-218/uuf50-0741.cnf,50,218,UNSAT,76,1201,86,1,0.000332
testdata/satlib/unsat-uniform-50-218/uuf50-0742.cnf,50,218,UNSAT,34,505,40,1,0.000099
testdata/satlib/unsat-uniform-50-218/uuf50-0743.cnf,50,218,UNSAT,37,497,43,1,0.000108
testdata/satlib/unsat-uniform-50-218/uuf50-0744.cnf,50,218,UNSAT,94,1322,109,1,0.000263
testdata/satlib/unsat-uniform-50-218/uuf50-0745.cnf,50,218,UNSAT,53,724,62,1,0.000148
testdata/satlib/unsat-uniform-50-218/uuf50-0746.cnf,50,218,UNSAT,87,1066,93,1,0.000238
testdata/satlib/unsat-uniform-50-218/uuf50-0747.cnf,50,218,UNSAT,74,966,77,1,0.000226
testdata/satlib/unsat-uniform-50-218/uuf50-0748.cnf,50,218,UNSAT,72,1056,79,1,0.000217
testdata/satlib/unsat-uniform-50-218/uuf50-0749.cnf,50,218,UNSAT,71,922,80,1,0.000206
testdata/satlib/unsat-uniform-50-218/uuf50-075.cnf,50,218,UNSAT,40,626,48,1,0.000125
testdata/satlib/unsat-uniform-50-218/uuf50-0750.cnf,50,218,UNSAT,68,812,89,1,0.000169
testdata/satlib/unsat-uniform-50-218/uuf50-0751.cnf,50,218,UNSAT,53,643,65,1,0.000137
testdata/satlib/unsat-uniform-50-218/uuf50-0752.cnf,50,218,UNSAT,67,981,73,1,0.000207
testdata/satlib/unsat-uniform-50-218/uuf50-0753.cnf,50,218,UNSAT,79,1018,86,1,0.000232
testdata/satlib/unsat-uniform-50-218/uuf50-0754.cnf,50,218,UNSAT,42,564,48,1,0.000123
testdata/satlib/unsat-uniform-50-218/uuf50-0755.cnf,50,218,UNSAT,38,507,46,1,0.000106
testdata/satlib/unsat-uniform-50-218/uuf50-0756.cnf,50,218,UNSAT,47,633,52,1,0.000130
testdata/satlib/unsat-uniform-50-218/uuf50-0757.cnf,50,218,UNSAT,92,1180,110,1,0.000248
testdata/satlib/unsat-uniform-50-218/uuf50-0758.cnf,50,218,UNSAT,46,658,56,1,0.000136
testdata/satlib/unsat-uniform-50-218/uuf50-0759.cnf,50,218,UNSAT,79,1035,93,1,0.000222
testdata/satlib/unsat-uniform-50-218/uuf50-076.cnf,50,218,UNSAT,58,846,67,1,0.000179
testdata/satlib/unsat-uniform-50-218/uuf50-0760.cnf,50,218,UNSAT,75,890,88,1,0.000201
testdata/satlib/unsat-uniform-50-218/uuf50-0761.cnf,50,218,UNSAT,46,598,56,1,0.000128
testdata/satlib/unsat-uniform-50-218/uuf50-0762.cnf,50,218,UNSAT,59,810,73,1,0.000225
testdata/satlib/unsat-uniform-50-218/uuf50-0763.cnf,50,218,UNSAT,116,1519,124,2,0.000336
testdata/satlib/unsat-uniform-50-218/uuf50-0764.cnf,50,218,UNSAT,74,1063,87,1,0.000234
testdata/satlib/unsat-uniform-50-218/uuf50-0765.cnf,50,218,UNSAT,52,641,55,1,0.000143
testdata/satlib/unsat-uniform-50-218/uuf50-0766.cnf,50,218,UNSAT,81,1036,90,1,0.000230
testdata/satlib/unsat-uniform-50-218/uuf50-0767.cnf,50,218,UNSAT,83,1245,95,1,0.000268
testdata/satlib/unsat-uniform-50-218/uuf50-0768.cnf,50,218,UNSAT,65,879,70,1,0.000189
testdata/satlib/unsat-uniform-50-218/uuf50-0769.cnf,50,218,UNSAT,56,811,67,1,0.000167
testdata/satlib/unsat-uniform-50-218/uuf50-077.cnf,50,218,UNSAT,65,900,78,1,0.000191
testdata/satlib/unsat-uniform-50-218/uuf50-0770.cnf,50,218,UNSAT,39,487,45,1,0.000092
testdata/satlib/unsat-uniform-50-218/uuf50-0771.cnf,50,218,UNSAT,74,1118,85,1,0.000215
testdata/satlib/unsat-uniform-50-218/uuf50-0772.cnf,50,218,UNSAT,73,1049,88,1,0.000222
testdata/satlib/unsat-uniform-50-218/uuf50-0773.cnf,50,218,UNSAT,52,683,66,1,0.000156
testdata/satlib/unsat-uniform-50-218/uuf50-0774.cnf,50,218,UNSAT,70,984,80,1,0.000205
testdata/satlib/unsat-uniform-50-218/uuf50-0775.cnf,50,218,UNSAT,40,512,47,1,0.000107
testdata/satlib/unsat-uniform-50-218/uuf50-0776.cnf,50,218,UNSAT,55,736,59,1,0.000151
testdata/satlib/unsat-uniform-50-218/uuf50-0777.cnf,50,218,UNSAT,56,775,65,1,0.000164
testdata/satlib/unsat-uniform-50-218/uuf50-0778.cnf,50,218,UNSAT,58,795,60,1,0.000174
testdata/satlib/unsat-uniform-50-218/uuf50-0779.cnf,50,218,UNSAT,85,1134,97,1,0.000247
testdata/satlib/unsat-uniform-50-218/uuf50-078.cnf,50,218,UNSAT,52,741,61,1,0.000156
testdata/satlib/unsat-uniform-50-218/uuf50-0780.cnf,50,218,UNSAT,62,920,66,1,0.000194
testdata/satlib/unsat-uniform-50-218/uuf50-0781.cnf,50,218,UNSAT,63,1006,69,1,0.000204
testdata/satlib/unsat-uniform-50-218/uuf50-0782.cnf,50,218,UNSAT,31,434,34,1,0.000093
testdata/satlib/unsat-uniform-50-218/uuf50-0783.cnf,50,218,UNSAT,62,828,69,1,0.000188
testdata/satlib/unsat-uniform-50-218/uuf50-0784.cnf,50,218,UNSAT,58,782,60,1,0.000166
testdata/satlib/unsat-uniform-50-218/uuf50-0785.cnf,50,218,UNSAT,57,754,59,1,0.000155
testdata/satlib/unsat-uniform-50-218/uuf50-0786.cnf,50,218,UNSAT,47,588,51,1,0.000131
testdata/satlib/unsat-uniform-50-218/uuf50-0787.cnf,50,218,UNSAT,71,947,90,1,0.000205
testdata/satlib/unsat-uniform-50-218/uuf50-0788.cnf,50,218,UNSAT,74,923,78,1,0.000208
testdata/satlib/unsat-uniform-50-218/uuf50-0789.cnf,50,218,UNSAT,67,833,76,1,0.000188
testdata/satlib/unsat-uniform-50-218/uuf50-079.cnf,50,218,UNSAT,51,668,55,1,0.000132
testdata/satlib/unsat-uniform-50-218/uuf50-0790.cnf,50,218,UNSAT,36,412,40,1,0.000086
testdata/satlib/unsat-uniform-50-218/uuf50-0791.cnf,50,218,UNSAT,50,677,60,1,0.000145
testdata/satlib/unsat-uniform-50-218/uuf50-0792.cnf,50,218,UNSAT,66,1042,72,1,0.000217
testdata/satlib/unsat-uniform-50-218/uuf50-0793.cnf,50,218,UNSAT,30,420,32,1,0.000090
testdata/satlib/unsat-uniform-50-218/uuf50-0794.cnf,50,218,UNSAT,26,415,31,1,0.000082
testdata/satlib/unsat-uniform-50-218/uuf50-0795.cnf,50,218,UNSAT,32,398,36,1,0.000084
testdata/satlib/unsat-uniform-50-218/uuf50-0796.cnf,50,218,UNSAT,154,2302,180,2,0.000477
testdata/satlib/unsat-uniform-50-218/uuf50-0797.cnf,50,218,UNSAT,48,597,52,1,0.000136
testdata/satlib/unsat-uniform-50-218/uuf50-0798.cnf,50,218,UNSAT,58,796,68,1,0.000169
testdata/satlib/unsat-uniform-50-218/uuf50-0799.cnf,50,218,UNSAT,58,801,63,1,0.000173
testdata/satlib/unsat-uniform-50-218/uuf50-08.cnf,50,218,UNSAT,48,630,53,1,0.000134
testdata/satlib/unsat-uniform-50-218/uuf50-080.cnf,50,218,UNSAT,53,840,58,1,0.000171
testdata/satlib/unsat-uniform-50-218/uuf50-0800.cnf,50,218,UNSAT,59,879,64,1,0.000185
testdata/satlib/unsat-uniform-50-218/uuf50-0801.cnf,50,218,UNSAT,67,956,72,1,0.000191
testdata/satlib/unsat-uniform-50-218/uuf50-0802.cnf,50,218,UNSAT,72,893,87,1,0.000199
testdata/satlib/unsat-uniform-50-218/uuf50-0803.cnf,50,218,UNSAT,80,1215,99,1,0.000261
testdata/satlib/unsat-uniform-50-218/uuf50-0804.cnf,50,218,UNSAT,28,354,34,1,0.000074
testdata/satlib/unsat-uniform-50-218/uuf50-0805.cnf,50,218,UNSAT,67,903,77,1,0.000192
testdata/satlib/unsat-uniform-50-218/uuf50-0806.cnf,50,218,UNSAT,69,903,76,1,0.000202
testdata/satlib/unsat-uniform-50-218/uuf50-0807.cnf,50,218,UNSAT,54,696,64,1,0.000161
testdata/satlib/unsat-uniform-50-218/uuf50-0808.cnf,50,218,UNSAT,74,1000,93,1,0.000210
testdata/satlib/unsat-uniform-50-218/uuf50-0809.cnf,50,218,UNSAT,74,909,83,1,0.000209
testdata/satlib/unsat-uniform-50-218/uuf50-081.cnf,50,218,UNSAT,32,482,35,1,0.000098
testdata/satlib/unsat-uniform-50-218/uuf50-0810.cnf,50,218,UNSAT,76,1228,80,1,0.000247
testdata/satlib/unsat-uniform-50-218/uuf50-0811.cnf,50,218,UNSAT,44,504,53,1,0.000111
testdata/satlib/unsat-uniform-50-218/uuf50-0812.cnf,50,218,UNSAT,59,766,66,1,0.000165
testdata/satlib/unsat-uniform-50-218/uuf50-0813.cnf,50,218,UNSAT,68,1004,73,1,0.000220
testdata/satlib/unsat-uniform-50-218/uuf50-0814.cnf,50,218,UNSAT,89,1157,101,1,0.000268
testdata/satlib/unsat-uniform-50-218/uuf50-0815.cnf,50,218,UNSAT,51,609,54,1,0.000133
testdata/satlib/unsat-uniform-50-218/uuf50-0816.cnf,50,218,UNSAT,70,1057,77,1,0.000210
testdata/satlib/unsat-uniform-50-218/uuf50-0817.cnf,50,218,UNSAT,81,1321,103,1,0.000247
testdata/satlib/unsat-uniform-50-218/uuf50-0818.cnf,50,218,UNSAT,63,947,67,1,0.000193
testdata/satlib/unsat-uniform-50-218/uuf50-0819.cnf,50,218,UNSAT,52,719,64,1,0.000154
testdata/satlib/unsat-uniform-50-218/uuf50-082.cnf,50,218,UNSAT,58,875,69,1,0.000181
testdata/satlib/unsat-uniform-50-218/uuf50-0820.cnf,50,218,UNSAT,51,788,57,1,0.000166
testdata/satlib/unsat-uniform-50-218/uuf50-0821.cnf,50,218,UNSAT,60,855,66,1,0.000181
testdata/satlib/unsat-uniform-50-218/uuf50-0822.cnf,50,218,UNSAT,85,1297,91,1,0.000278
testdata/satlib/unsat-uniform-50-218/uuf50-0823.cnf,50,218,UNSAT,83,1235,89,1,0.000266
testdata/satlib/unsat-uniform-50-218/uuf50-0824.cnf,50,218,UNSAT,89,1135,105,1,0.000265
testdata/satlib/unsat-uniform-50-218/uuf50-0825.cnf,50,218,UNSAT,122,1596,136,2,0.000351
testdata/satlib/unsat-uniform-50-218/uuf50-0826.cnf,50,218,UNSAT,60,965,64,1,0.000192
testdata/satlib/unsat-uniform-50-218/uuf50-0827.cnf,50,218,UNSAT,105,1459,115,2,0.000316
testdata/satlib/unsat-uniform-50-218/uuf50-0828.cnf,50,218,UNSAT,143,2129,154,2,0.000463
testdata/satlib/unsat-uniform-50-218/uuf50-0829.cnf,50,218,UNSAT,54,814,57,1,0.000176
testdata/satlib/unsat-uniform-50-218/uuf50-083.cnf,50,218,UNSAT,36,525,43,1,0.000106
testdata/satlib/unsat-uniform-50-218/uuf50-0830.cnf,50,218,UNSAT,105,1456,124,2,0.000298
testdata/satlib/unsat-uniform-50-218/uuf50-0831.cnf,50,218,UNSAT,38,500,42,1,0.000110
testdata/satlib/unsat-uniform-50-218/uuf50-0832.cnf,50,218,UNSAT,85,1205,99,1,0.000262
testdata/satlib/unsat-uniform-50-218/uuf50-0833.cnf,50,218,UNSAT,58,890,61,1,0.000188
testdata/satlib/unsat-uniform-50-218/uuf50-0834.cnf,50,218,UNSAT,67,845,83,1,0.000190
testdata/satlib/unsat-uniform-50-218/uuf50-0835.cnf,50,218,UNSAT,45,577,55,1,0.000122
testdata/satlib/unsat-uniform-50-218/uuf50-0836.cnf,50,218,UNSAT,54,760,61,1,0.000150
testdata/satlib/unsat-uniform-50-218/uuf50-0837.cnf,50,218,UNSAT,75,1238,93,1,0.000241
testdata/satlib/unsat-uniform-50-218/uuf50-0838.cnf,50,218,UNSAT,61,857,74,1,0.000181
testdata/satlib/unsat-uniform-50-218/uuf50-0839.cnf,50,218,UNSAT,62,972,63,1,0.000198
testdata/satlib/unsat-uniform-50-218/uuf50-084.cnf,50,218,UNSAT,73,981,91,1,0.000204
testdata/satlib/unsat-uniform-50-218/uuf50-0840.cnf,50,218,UNSAT,56,787,60,1,0.000159
testdata/satlib/unsat-uniform-50-218/uuf50-0841.cnf,50,218,UNSAT,49,720,56,1,0.000155
testdata/satlib/unsat-uniform-50-218/uuf50-0842.cnf,50,218,UNSAT,37,518,47,1,0.000112
testdata/satlib/unsat-uniform-50-218/uuf50-0843.cnf,50,218,UNSAT,51,631,58,1,0.000136
testdata/satlib/unsat-uniform-50-218/uuf50-0844.cnf,50,218,UNSAT,64,833,66,1,0.000185
testdata/satlib/unsat-uniform-50-218/uuf50-0845.cnf,50,218,UNSAT,57,847,62,1,0.000176
testdata/satlib/unsat-uniform-50-218/uuf50-0846.cnf,50,218,UNSAT,58,765,69,1,0.000168
testdata/satlib/unsat-uniform-50-218/uuf50-0847.cnf,50,218,UNSAT,41,583,43,1,0.000126
testdata/satlib/unsat-uniform-50-218/uuf50-0848.cnf,50,218,UNSAT,90,1217,97,1,0.000254
testdata/satlib/unsat-uniform-50-218/uuf50-0849.cnf,50,218,UNSAT,51,712,56,1,0.000148
testdata/satlib/unsat-uniform-50-218/uuf50-085.cnf,50,218,UNSAT,56,813,63,1,0.000172
testdata/satlib/unsat-uniform-50-218/uuf50-0850.cnf,50,218,UNSAT,80,1192,89,1,0.000248
testdata/satlib/unsat-uniform-50-218/uuf50-0851.cnf,50,218,UNSAT,70,960,82,1,0.000196
testdata/satlib/unsat-uniform-50-218/uuf50-0852.cnf,50,218,UNSAT,66,868,73,1,0.000196
testdata/satlib/unsat-uniform-50-218/uuf50-0853.cnf,50,218,UNSAT,58,795,67,1,0.000178
testdata/satlib/unsat-uniform-50-218/uuf50-0854.cnf,50,218,UNSAT,49,676,56,1,0.000147
testdata/satlib/unsat-uniform-50-218/uuf50-0855.cnf,50,218,UNSAT,62,866,71,1,0.000185
testdata/satlib/unsat-uniform-50-218/uuf50-0856.cnf,50,218,UNSAT,42,620,51,1,0.000122
testdata/satlib/unsat-uniform-50-218/uuf50-0857.cnf,50,218,UNSAT,55,671,60,1,0.000147
testdata/satlib/unsat-uniform-50-218/uuf50-0858.cnf,50,218,UNSAT,35,396,42,1,0.000084
testdata/satlib/unsat-uniform-50-218/uuf50-0859.cnf,50,218,UNSAT,45,549,52,1,0.000139
testdata/satlib/unsat-uniform-50-218/uuf50-086.cnf,50,218,UNSAT,86,1198,97,1,0.000246
testdata/satlib/unsat-uniform-50-218/uuf50-0860.cnf,50,218,UNSAT,65,939,72,1,0.000202
testdata/satlib/unsat-uniform-50-218/uuf50-0861.cnf,50,218,UNSAT,70,880,78,1,0.000196
testdata/satlib/unsat-uniform-50-218/uuf50-0862.cnf,50,218,UNSAT,54,872,63,1,0.000183
testdata/satlib/unsat-uniform-50-218/uuf50-0863.cnf,50,218,UNSAT,45,603,51,1,0.000126
testdata/satlib/unsat-uniform-50-218/uuf50-0864.cnf,50,218,UNSAT,68,1048,74,1,0.000352
testdata/satlib/unsat-uniform-50-218/uuf50-0865.cnf,50,218,UNSAT,89,1191,104,1,0.000352
testdata/satlib/unsat-uniform-50-218/uuf50-0866.cnf,50,218,UNSAT,53,717,61,1,0.000161
testdata/satlib/unsat-uniform-50-218/uuf50-0867.cnf,50,218,UNSAT,98,1317,108,1,0.000290
testdata/satlib/unsat-uniform-50-218/uuf50-0868.cnf,50,218,UNSAT,41,535,50,1,0.000113
testdata/satlib/unsat-uniform-50-218/uuf50-0869.cnf,50,218,UNSAT,76,829,87,1,0.000187
testdata/satlib/unsat-uniform-50-218/uuf50-087.cnf,50,218,UNSAT,71,930,82,1,0.000195
testdata/satlib/unsat-uniform-50-218/uuf50-0870.cnf,50,218,UNSAT,55,702,57,1,0.000163
testdata/satlib/unsat-uniform-50-218/uuf50-0871.cnf,50,218,UNSAT,80,1176,86,1,0.000241
testdata/satlib/unsat-uniform-50-218/uuf50-0872.cnf,50,218,UNSAT,46,747,55,1,0.000154
testdata/satlib/unsat-uniform-50-218/uuf50-0873.cnf,50,218,UNSAT,81,1042,88,1,0.000242
testdata/satlib/unsat-uniform-50-218/uuf50-0874.cnf,50,218,UNSAT,73,953,87,1,0.000208
testdata/satlib/unsat-uniform-50-218/uuf50-0875.cnf,50,218,UNSAT,55,840,57,1,0.000168
testdata/satlib/unsat-uniform-50-218/uuf50-0876.cnf,50,218,UNSAT,43,572,48,1,0.000126
testdata/satlib/unsat-uniform-50-218/uuf50-0877.cnf,50,218,UNSAT,44,626,49,1,0.000128
testdata/satlib/unsat-uniform-50-218/uuf50-0878.cnf,50,218,UNSAT,87,1110,101,1,0.000248
testdata/satlib/unsat-uniform-50-218/uuf50-0879.cnf,50,218,UNSAT,95,1417,112,1,0.000303
testdata/satlib/unsat-uniform-50-218/uuf50-088.cnf,50,218,UNSAT,42,548,49,1,0.000119
testdata/satlib/unsat-uniform-50-218/uuf50-0880.cnf,50,218,UNSAT,76,983,85,1,0.000203
testdata/satlib/unsat-uniform-50-218/uuf50-0881.cnf,50,218,UNSAT,59,851,66,1,0.000178
testdata/satlib/unsat-uniform-50-218/uuf50-0882.cnf,50,218,UNSAT,66,922,70,1,0.000189
testdata/satlib/unsat-uniform-50-218/uuf50-0883.cnf,50,218,UNSAT,69,974,81,1,0.000207
testdata/satlib/unsat-uniform-50-218/uuf50-0884.cnf,50,218,UNSAT,39,555,50,1,0.000116
testdata/satlib/unsat-uniform-50-218/uuf50-0885.cnf,50,218,UNSAT,70,930,80,1,0.000270
testdata/satlib/unsat-uniform-50-218/uuf50-0886.cnf,50,218,UNSAT,59,839,70,1,0.000188
testdata/satlib/unsat-uniform-50-218/uuf50-0887.cnf,50,218,UNSAT,87,1214,96,1,0.000264
testdata/satlib/unsat-uniform-50-218/uuf50-0888.cnf,50,218,UNSAT,54,741,68,1,0.000154
testdata/satlib/unsat-uniform-50-218/uuf50-0889.cnf,50,218,UNSAT,66,975,79,1,0.000198
testdata/satlib/unsat-uniform-50-218/uuf50-089.cnf,50,218,UNSAT,45,582,55,1,0.000124
testdata/satlib/unsat-uniform-50-218/uuf50-0890.cnf,50,218,UNSAT,153,2191,178,2,0.000459
testdata/satlib/unsat-uniform-50-218/uuf50-0891.cnf,50,218,UNSAT,86,1279,105,1,0.000263
testdata/satlib/unsat-uniform-50-218/uuf50-0892.cnf,50,218,UNSAT,71,928,83,1,0.000200
testdata/satlib/unsat-uniform-50-218/uuf50-0893.cnf,50,218,UNSAT,57,830,61,1,0.000181
testdata/satlib/unsat-uniform-50-218/uuf50-0894.cnf,50,218,UNSAT,49,617,54,1,0.000134
testdata/satlib/unsat-uniform-50-218/uuf50-0895.cnf,50,218,UNSAT,44,536,53,1,0.000116
testdata/satlib/unsat-uniform-50-218/uuf50-0896.cnf,50,218,UNSAT,118,1777,133,2,0.000362
testdata/satlib/unsat-uniform-50-218/uuf50-0897.cnf,50,218,UNSAT,84,1074,95,1,0.000228
testdata/satlib/unsat-uniform-50-218/uuf50-0898.cnf,50,218,UNSAT,84,1104,91,1,0.000240
testdata/satlib/unsat-uniform-50-218/uuf50-0899.cnf,50,218,UNSAT,89,1358,106,1,0.000259
testdata/satlib/unsat-uniform-50-218/uuf50-09.cnf,50,218,UNSAT,63,930,75,1,0.000192
testdata/satlib/unsat-uniform-50-218/uuf50-090.cnf,50,218,UNSAT,36,530,44,1,0.000116
testdata/satlib/unsat-uniform-50-218/uuf50-0900.cnf,50,218,UNSAT,46,682,57,1,0.000140
testdata/satlib/unsat-uniform-50-218/uuf50-0901.cnf,50,218,UNSAT,63,921,78,1,0.000178
testdata/satlib/unsat-uniform-50-218/uuf50-0902.cnf,50,218,UNSAT,47,579,54,1,0.000124
testdata/satlib/unsat-uniform-50-218/uuf50-0903.cnf,50,218,UNSAT,70,1050,78,1,0.000213
testdata/satlib/unsat-uniform-50-218/uuf50-0904.cnf,50,218,UNSAT,58,824,71,1,0.000256
testdata/satlib/unsat-uniform-50-218/uuf50-0905.cnf,50,218,UNSAT,56,794,60,1,0.000175
testdata/satlib/unsat-uniform-50-218/uuf50-0906.cnf,50,218,UNSAT,53,721,57,1,0.000164
testdata/satlib/unsat-uniform-50-218/uuf50-0907.cnf,50,218,UNSAT,72,904,82,1,0.000205
testdata/satlib/unsat-uniform-50-218/uuf50-0908.cnf,50,218,UNSAT,57,845,68,1,0.000178
testdata/satlib/unsat-uniform-50-218/uuf50-0909.cnf,50,218,UNSAT,46,709,58,1,0.000151
testdata/satlib/unsat-uniform-50-218/uuf50-091.cnf,50,218,UNSAT,51,736,55,1,0.000157
testdata/satlib/unsat-uniform-50-218/uuf50-0910.cnf,50,218,UNSAT,67,1145,80,1,0.000231
testdata/satlib/unsat-uniform-50-218/uuf50-0911.cnf,50,218,UNSAT,40,643,48,1,0.000125
testdata/satlib/unsat-uniform-50-218/uuf50-0912.cnf,50,218,UNSAT,34,488,37,1,0.000099
testdata/satlib/unsat-uniform-50-218/uuf50-0913.cnf,50,218,UNSAT,79,1204,86,1,0.000234
testdata/satlib/unsat-uniform-50-218/uuf50-0914.cnf,50,218,UNSAT,72,1010,78,1,0.000225
testdata/satlib/unsat-uniform-50-218/uuf50-0915.cnf,50,218,UNSAT,42,580,47,1,0.000119
testdata/satlib/unsat-uniform-50-218/uuf50-0916.cnf,50,218,UNSAT,88,1244,104,1,0.000257
testdata/satlib/unsat-uniform-50-218/uuf50-0917.cnf,50,218,UNSAT,81,1057,99,1,0.000230
testdata/satlib/unsat-uniform-50-218/uuf50-0918.cnf,50,218,UNSAT,59,831,71,1,0.000180
testdata/satlib/unsat-uniform-50-218/uuf50-0919.cnf,50,218,UNSAT,60,886,72,1,0.000195
testdata/satlib/unsat-uniform-50-218/uuf50-092.cnf,50,218,UNSAT,107,1556,114,2,0.000344
testdata/satlib/unsat-uniform-50-218/uuf50-0920.cnf,50,218,UNSAT,54,820,60,1,0.000188
testdata/satlib/unsat-uniform-50-218/uuf50-0921.cnf,50,218,UNSAT,73,1062,83,1,0.000230
testdata/satlib/unsat-uniform-50-218/uuf50-0922.cnf,50,218,UNSAT,56,756,64,1,0.000165
testdata/satlib/unsat-uniform-50-218/uuf50-0923.cnf,50,218,UNSAT,70,946,76,1,0.000339
testdata/satlib/unsat-uniform-50-218/uuf50-0924.cnf,50,218,UNSAT,71,1031,76,1,0.000216
testdata/satlib/unsat-uniform-50-218/uuf50-0925.cnf,50,218,UNSAT,64,896,75,1,0.000194
testdata/satlib/unsat-uniform-50-218/uuf50-0926.cnf,50,218,UNSAT,34,471,38,1,0.000101
testdata/satlib/unsat-uniform-50-218/uuf50-0927.cnf,50,218,UNSAT,77,1081,86,1,0.000216
testdata/satlib/unsat-uniform-50-218/uuf50-0928.cnf,50,218,UNSAT,37,457,36,1,0.000102
testdata/satlib/unsat-uniform-50-218/uuf50-0929.cnf,50,218,UNSAT,54,747,60,1,0.000156
testdata/satlib/unsat-uniform-50-218/uuf50-093.cnf,50,218,UNSAT,62,827,70,1,0.000179
testdata/satlib/unsat-uniform-50-218/uuf50-0930.cnf,50,218,UNSAT,57,747,65,1,0.000169
testdata/satlib/unsat-uniform-50-218/uuf50-0931.cnf,50,218,UNSAT,105,1428,126,2,0.000306
testdata/satlib/unsat-uniform-50-218/uuf50-0932.cnf,50,218,UNSAT,32,395,35,1,0.000089
testdata/satlib/unsat-uniform-50-218/uuf50-0933.cnf,50,218,UNSAT,65,912,70,1,0.000184
testdata/satlib/unsat-uniform-50-218/uuf50-0934.cnf,50,218,UNSAT,62,899,75,1,0.000187
testdata/satlib/unsat-uniform-50-218/uuf50-0935.cnf,50,218,UNSAT,76,1075,82,1,0.000221
testdata/satlib/unsat-uniform-50-218/uuf50-0936.cnf,50,218,UNSAT,97,1324,117,1,0.000275
testdata/satlib/unsat-uniform-50-218/uuf50-0937.cnf,50,218,UNSAT,73,986,81,1,0.000203
testdata/satlib/unsat-uniform-50-218/uuf50-0938.cnf,50,218,UNSAT,56,718,62,1,0.000149
testdata/satlib/unsat-uniform-50-218/uuf50-0939.cnf,50,218,UNSAT,78,931,85,1,0.000200
testdata/satlib/unsat-uniform-50-218/uuf50-094.cnf,50,218,UNSAT,51,801,58,1,0.000156
testdata/satlib/unsat-uniform-50-218/uuf50-0940.cnf,50,218,UNSAT,50,753,53,1,0.000153
testdata/satlib/unsat-uniform-50-218/uuf50-0941.cnf,50,218,UNSAT,40,551,50,1,0.000123
testdata/satlib/unsat-uniform-50-218/uuf50-0942.cnf,50,218,UNSAT,94,1287,105,1,0.000280
testdata/satlib/unsat-uniform-50-218/uuf50-0943.cnf,50,218,UNSAT,93,1248,102,1,0.000276
testdata/satlib/unsat-uniform-50-218/uuf50-0944.cnf,50,218,UNSAT,55,847,65,1,0.000178
testdata/satlib/unsat-uniform-50-218/uuf50-0945.cnf,50,218,UNSAT,59,868,66,1,0.000186
testdata/satlib/unsat-uniform-50-218/uuf50-0946.cnf,50,218,UNSAT,57,893,60,1,0.000189
testdata/satlib/unsat-uniform-50-218/uuf50-0947.cnf,50,218,UNSAT,68,944,84,1,0.000212
testdata/satlib/unsat-uniform-50-218/uuf50-0948.cnf,50,218,UNSAT,57,712,65,1,0.000159
testdata/satlib/unsat-uniform-50-218/uuf50-0949.cnf,50,218,UNSAT,69,947,78,1,0.000206
testdata/satlib/unsat-uniform-50-218/uuf50-095.cnf,50,218,UNSAT,97,1326,110,1,0.000282
testdata/satlib/unsat-uniform-50-218/uuf50-0950.cnf,50,218,UNSAT,69,1163,81,1,0.000232
testdata/satlib/unsat-uniform-50-218/uuf50-0951.cnf,50,218,UNSAT,60,802,73,1,0.000181
testdata/satlib/unsat-uniform-50-218/uuf50-0952.cnf,50,218,UNSAT,120,1723,130,2,0.000371
testdata/satlib/unsat-uniform-50-218/uuf50-0953.cnf,50,218,UNSAT,47,643,57,1,0.000133
testdata/satlib/unsat-uniform-50-218/uuf50-0954.cnf,50,218,UNSAT,76,1017,84,1,0.000218
testdata/satlib/unsat-uniform-50-218/uuf50-0955.cnf,50,218,UNSAT,50,688,53,1,0.000145
testdata/satlib/unsat-uniform-50-218/uuf50-0956.cnf,50,218,UNSAT,66,934,77,1,0.000194
testdata/satlib/unsat-uniform-50-218/uuf50-0957.cnf,50,218,UNSAT,57,667,58,1,0.000138
testdata/satlib/unsat-uniform-50-218/uuf50-0958.cnf,50,218,UNSAT,48,640,51,1,0.000132
testdata/satlib/unsat-uniform-50-218/uuf50-0959.cnf,50,218,UNSAT,40,556,47,1,0.000119
testdata/satlib/unsat-uniform-50-218/uuf50-096.cnf,50,218,UNSAT,44,582,51,1,0.000118
testdata/satlib/unsat-uniform-50-218/uuf50-0960.cnf,50,218,UNSAT,68,902,76,1,0.000188
testdata/satlib/unsat-uniform-50-218/uuf50-0961.cnf,50,218,UNSAT,65,938,73,1,0.000193
testdata/satlib/unsat-uniform-50-218/uuf50-0962.cnf,50,218,UNSAT,71,977,76,1,0.000213
testdata/satlib/unsat-uniform-50-218/uuf50-0963.cnf,50,218,UNSAT,47,625,51,1,0.000130
testdata/satlib/unsat-uniform-50-218/uuf50-0964.cnf,50,218,UNSAT,18,252,22,1,0.000057
testdata/satlib/unsat-uniform-50-218/uuf50-0965.cnf,50,218,UNSAT,78,1085,86,1,0.000225
testdata/satlib/unsat-uniform-50-218/uuf50-0966.cnf,50,218,UNSAT,41,496,47,1,0.000103
testdata/satlib/unsat-uniform-50-218/uuf50-0967.cnf,50,218,UNSAT,46,543,52,1,0.000118
testdata/satlib/unsat-uniform-50-218/uuf50-0968.cnf,50,218,UNSAT,42,554,48,1,0.000119
testdata/satlib/unsat-uniform-50-218/uuf50-0969.cnf,50,218,UNSAT,44,665,50,1,0.000136
testdata/satlib/unsat-uniform-50-218/uuf50-097.cnf,50,218,UNSAT,46,731,47,1,0.000158
testdata/satlib/unsat-uniform-50-218/uuf50-0970.cnf,50,218,UNSAT,74,1152,86,1,0.000242
testdata/satlib/unsat-uniform-50-218/uuf50-0971.cnf,50,218,UNSAT,62,909,72,1,0.000194
testdata/satlib/unsat-uniform-50-218/uuf50-0972.cnf,50,218,UNSAT,52,729,62,1,0.000155
testdata/satlib/unsat-uniform-50-218/uuf50-0973.cnf,50,218,UNSAT,53,656,62,1,0.000146
testdata/satlib/unsat-uniform-50-218/uuf50-0974.cnf,50,218,UNSAT,81,1276,93,1,0.000255
testdata/satlib/unsat-uniform-50-218/uuf50-0975.cnf,50,218,UNSAT,71,929,74,1,0.000205
testdata/satlib/unsat-uniform-50-218/uuf50-0976.cnf,50,218,UNSAT,55,719,60,1,0.000152
testdata/satlib/unsat-uniform-50-218/uuf50-0977.cnf,50,218,UNSAT,85,1104,100,1,0.000242
testdata/satlib/unsat-uniform-50-218/uuf50-0978.cnf,50,218,UNSAT,95,1347,113,1,0.000286
testdata/satlib/unsat-uniform-50-218/uuf50-0979.cnf,50,218,UNSAT,80,1201,91,1,0.000251
testdata/satlib/unsat-uniform-50-218/uuf50-098.cnf,50,218,UNSAT,55,749,64,1,0.000153
testdata/satlib/unsat-uniform-50-218/uuf50-0980.cnf,50,218,UNSAT,73,1112,86,1,0.000236
testdata/satlib/unsat-uniform-50-218/uuf50-0981.cnf,50,218,UNSAT,56,714,68,1,0.000159
testdata/satlib/unsat-uniform-50-218/uuf50-0982.cnf,50,218,UNSAT,55,803,65,1,0.000165
testdata/satlib/unsat-uniform-50-218/uuf50-0983.cnf,50,218,UNSAT,39,564,47,1,0.000118
testdata/satlib/unsat-uniform-50-218/uuf50-0984.cnf,50,218,UNSAT,32,401,37,1,0.000089
testdata/satlib/unsat-uniform-50-218/uuf50-0985.cnf,50,218,UNSAT,66,1016,78,1,0.000207
testdata/satlib/unsat-uniform-50-218/uuf50-0986.cnf,50,218,UNSAT,58,770,64,1,0.000168
testdata/satlib/unsat-uniform-50-218/uuf50-0987.cnf,50,218,UNSAT,44,592,54,1,0.000125
testdata/satlib/unsat-uniform-50-218/uuf50-0988.cnf,50,218,UNSAT,59,884,66,1,0.000176
testdata/satlib/unsat-uniform-50-218/uuf50-0989.cnf,50,218,UNSAT,91,1291,109,1,0.000271
testdata/satlib/unsat-uniform-50-218/uuf50-099.cnf,50,218,UNSAT,79,1211,93,1,0.000247
testdata/satlib/unsat-uniform-50-218/uuf50-0990.cnf,50,218,UNSAT,50,719,57,1,0.000145
testdata/satlib/unsat-uniform-50-218/uuf50-0991.cnf,50,218,UNSAT,59,783,73,1,0.000178
testdata/satlib/unsat-uniform-50-218/uuf50-0992.cnf,50,218,UNSAT,66,866,77,1,0.000197
testdata/satlib/unsat-uniform-50-218/uuf50-0993.cnf,50,218,UNSAT,61,948,73,1,0.000201
testdata/satlib/unsat-uniform-50-218/uuf50-0994.cnf,50,218,UNSAT,67,853,71,1,0.000200
testdata/satlib/unsat-uniform-50-218/uuf50-0995.cnf,50,218,UNSAT,48,650,52,1,0.000136
testdata/satlib/unsat-uniform-50-218/uuf50-0996.cnf,50,218,UNSAT,50,675,59,1,0.000137
testdata/satlib/unsat-uniform-50-218/uuf50-0997.cnf,50,218,UNSAT,79,1027,90,1,0.000224
testdata/satlib/unsat-uniform-50-218/uuf50-0998.cnf,50,218,UNSAT,44,553,52,1,0.000120
testdata/satlib/unsat-uniform-50-218/uuf50-0999.cnf,50,218,UNSAT,58,799,70,1,0.000155
