instance,vars,clauses,status,conflicts,propagations,decisions,restarts,seconds
/Users/okamu/.cache/gomisat/corpus/sat-ais/ais10.cnf,181,3151,SAT,96,3043,247,1,0.000833
/Users/okamu/.cache/gomisat/corpus/sat-ais/ais12.cnf,265,5666,SAT,88,3444,243,1,0.000833
/Users/okamu/.cache/gomisat/corpus/sat-ais/ais6.cnf,61,581,SAT,9,222,35,1,0.000049
/Users/okamu/.cache/gomisat/corpus/sat-ais/ais8.cnf,113,1520,SAT,8,306,65,1,0.000068
/Users/okamu/.cache/gomisat/corpus/sat-beijing/2bitadd_10.cnf,590,1422,UNKNOWN,496849,23176923,691301,1023,10.002130
/Users/okamu/.cache/gomisat/corpus/sat-beijing/2bitadd_11.cnf,649,1562,SAT,189,7475,885,2,0.002477
/Users/okamu/.cache/gomisat/corpus/sat-beijing/2bitadd_12.cnf,708,1702,SAT,182,7796,977,2,0.002500
/Users/okamu/.cache/gomisat/corpus/sat-beijing/2bitcomp_5.cnf,125,310,SAT,0,125,58,1,0.000017
/Users/okamu/.cache/gomisat/corpus/sat-beijing/2bitmax_6.cnf,252,766,SAT,0,252,137,1,0.000032
/Users/okamu/.cache/gomisat/corpus/sat-beijing/3bitadd_31.cnf,8432,31310,SAT,8635,1478631,47505,37,0.539245
/Users/okamu/.cache/gomisat/corpus/sat-beijing/3bitadd_32.cnf,8704,32316,SAT,1429,254372,17725,10,0.074038
/Users/okamu/.cache/gomisat/corpus/sat-beijing/3blocks.cnf,283,9690,SAT,75,4288,589,1,0.000891
/Users/okamu/.cache/gomisat/corpus/sat-beijing/4blocks.cnf,758,47820,SAT,1912,108490,8769,13,0.034843
/Users/okamu/.cache/gomisat/corpus/sat-beijing/4blocksb.cnf,410,24758,SAT,257,15851,1593,3,0.003683
/Users/okamu/.cache/gomisat/corpus/sat-beijing/e0ddr2-10-by-5-1.cnf,19500,103887,SAT,143,83933,5891,2,0.008809
/Users/okamu/.cache/gomisat/corpus/sat-beijing/e0ddr2-10-by-5-4.cnf,19500,104527,SAT,0,19500,5795,1,0.003997
/Users/okamu/.cache/gomisat/corpus/sat-beijing/enddr2-10-by-5-1.cnf,20700,111567,SAT,0,20700,5458,1,0.004335
/Users/okamu/.cache/gomisat/corpus/sat-beijing/enddr2-10-by-5-8.cnf,21000,113729,SAT,0,21000,5550,1,0.004930
/Users/okamu/.cache/gomisat/corpus/sat-beijing/ewddr2-10-by-5-1.cnf,21800,118607,SAT,0,21800,5474,1,0.004712
/Users/okamu/.cache/gomisat/corpus/sat-beijing/ewddr2-10-by-5-8.cnf,22500,123329,SAT,1,22774,5353,1,0.005079
/Users/okamu/.cache/gomisat/corpus/sat-blocksworld/anomaly.cnf,48,261,SAT,1,83,5,1,0.000019
/Users/okamu/.cache/gomisat/corpus/sat-blocksworld/bw_large.a.cnf,459,4675,SAT,18,2767,39,1,0.000310
/Users/okamu/.cache/gomisat/corpus/sat-blocksworld/bw_large.b.cnf,1087,13772,SAT,55,16796,131,1,0.001348
/Users/okamu/.cache/gomisat/corpus/sat-blocksworld/bw_large.c.cnf,3016,50457,SAT,1028,459602,2002,7,0.035715
/Users/okamu/.cache/gomisat/corpus/sat-blocksworld/bw_large.d.cnf,6325,131973,SAT,1581,1129406,3756,10,0.077532
/Users/okamu/.cache/gomisat/corpus/sat-blocksworld/huge.cnf,459,7054,SAT,21,3710,40,1,0.000351
/Users/okamu/.cache/gomisat/corpus/sat-blocksworld/medium.cnf,116,953,SAT,5,362,13,1,0.000054
/Users/okamu/.cache/gomisat/corpus/sat-bmc/bmc-galileo-8.cnf,58074,294821,SAT,1064,744566,7129,7,0.093886
/Users/okamu/.cache/gomisat/corpus/sat-bmc/bmc-galileo-9.cnf,63624,326999,SAT,2237,3116421,11554,14,0.246390
/Users/okamu/.cache/gomisat/corpus/sat-bmc/bmc-ibm-1.cnf,9685,55870,SAT,1397,407807,9005,9,0.047762
/Users/okamu/.cache/gomisat/corpus/sat-bmc/bmc-ibm-10.cnf,59056,323700,SAT,4572,4048660,31314,24,0.464423
/Users/okamu/.cache/gomisat/corpus/sat-bmc/bmc-ibm-11.cnf,32109,150027,SAT,4670,3884031,17923,25,0.371673
/Users/okamu/.cache/gomisat/corpus/sat-bmc/bmc-ibm-12.cnf,39598,194778,SAT,6351,8179451,26381,30,0.899190
/Users/okamu/.cache/gomisat/corpus/sat-bmc/bmc-ibm-13.cnf,13215,65728,SAT,4523,2461357,12972,24,0.281091
/Users/okamu/.cache/gomisat/corpus/sat-bmc/bmc-ibm-2.cnf,2810,11683,SAT,70,13369,338,1,0.001489
/Users/okamu/.cache/gomisat/corpus/sat-bmc/bmc-ibm-3.cnf,14930,72106,SAT,1823,1024732,4694,13,0.088717
/Users/okamu/.cache/gomisat/corpus/sat-bmc/bmc-ibm-4.cnf,28161,139716,SAT,1009,830267,6857,7,0.081838
/Users/okamu/.cache/gomisat/corpus/sat-bmc/bmc-ibm-5.cnf,9396,41207,SAT,67,31367,2000,1,0.004967
/Users/okamu/.cache/gomisat/corpus/sat-bmc/bmc-ibm-6.cnf,51639,368352,SAT,2091,766283,19119,14,0.116428
/Users/okamu/.cache/gomisat/corpus/sat-bmc/bmc-ibm-7.cnf,8710,39774,SAT,4,15691,401,1,0.004536
/Users/okamu/.cache/gomisat/corpus/sat-flat150-360/flat150-1.cnf,450,1680,SAT,204,22313,311,3,0.002677
/Users/okamu/.cache/gomisat/corpus/sat-flat150-360/flat150-10.cnf,450,1680,SAT,139,16434,257,2,0.001889
/Users/okamu/.cache/gomisat/corpus/sat-flat150-360/flat150-100.cnf,450,1680,SAT,120,14747,200,2,0.001641
/Users/okamu/.cache/gomisat/corpus/sat-flat150-360/flat150-11.cnf,450,1680,SAT,57,6319,137,1,0.000783
/Users/okamu/.cache/gomisat/corpus/sat-flat150-360/flat150-12.cnf,450,1680,SAT,127,13340,222,2,0.001602
/Users/okamu/.cache/gomisat/corpus/sat-flat150-360/flat150-13.cnf,450,1680,SAT,127,13327,235,2,0.001551
/Users/okamu/.cache/gomisat/corpus/sat-flat150-360/flat150-14.cnf,450,1680,SAT,148,16371,238,2,0.001930
/Users/okamu/.cache/gomisat/corpus/sat-flat150-360/flat150-15.cnf,450,1680,SAT,232,26991,343,3,0.003186
/Users/okamu/.cache/gomisat/corpus/sat-flat150-360/flat150-16.cnf,450,1680,SAT,538,56308,715,5,0.007230
/Users/okamu/.cache/gomisat/corpus/sat-flat150-360/flat150-17.cnf,450,1680,SAT,12,1777,51,1,0.000217
/Users/okamu/.cache/gomisat/corpus/sat-flat150-360/flat150-18.cnf,450,1680,SAT,34,4204,95,1,0.000465
/Users/okamu/.cache/gomisat/corpus/sat-flat150-360/flat150-19.cnf,450,1680,SAT,388,39933,500,3,0.004844
/Users/okamu/.cache/gomisat/corpus/sat-flat150-360/flat150-2.cnf,450,1680,SAT,377,40638,551,3,0.005403
/Users/okamu/.cache/gomisat/corpus/sat-flat150-360/flat150-20.cnf,450,1680,SAT,14,1740,60,1,0.000203
/Users/okamu/.cache/gomisat/corpus/sat-flat150-360/flat150-21.cnf,450,1680,SAT,118,11937,187,2,0.001371
/Users/okamu/.cache/gomisat/corpus/sat-flat150-360/flat150-22.cnf,450,1680,SAT,264,26862,362,3,0.003129
/Users/okamu/.cache/gomisat/corpus/sat-flat150-360/flat150-23.cnf,450,1680,SAT,202,23237,309,3,0.002514
/Users/okamu/.cache/gomisat/corpus/sat-flat150-360/flat150-24.cnf,450,1680,SAT,272,30513,396,3,0.003703
/Users/okamu/.cache/gomisat/corpus/sat-flat150-360/flat150-25.cnf,450,1680,SAT,69,7580,129,1,0.000904
/Users/okamu/.cache/gomisat/corpus/sat-flat150-360/flat150-26.cnf,450,1680,SAT,195,22043,312,2,0.002529
/Users/okamu/.cache/gomisat/corpus/sat-flat150-360/flat150-27.cnf,450,1680,SAT,12,2303,57,1,0.000242
/Users/okamu/.cache/gomisat/corpus/sat-flat150-360/flat150-28.cnf,450,1680,SAT,223,24264,317,3,0.002779
/Users/okamu/.cache/gomisat/corpus/sat-flat150-360/flat150-29.cnf,450,1680,SAT,229,25368,351,3,0.002932
/Users/okamu/.cache/gomisat/corpus/sat-flat150-360/flat150-3.cnf,450,1680,SAT,14,1279,83,1,0.000147
/Users/okamu/.cache/gomisat/corpus/sat-flat150-360/flat150-30.cnf,450,1680,SAT,324,34031,459,3,0.004090
/Users/okamu/.cache/gomisat/corpus/sat-flat150-360/flat150-31.cnf,450,1680,SAT,111,12186,185,2,0.001375
/Users/okamu/.cache/gomisat/corpus/sat-flat150-360/flat150-32.cnf,450,1680,SAT,144,15180,213,2,0.001703
/Users/okamu/.cache/gomisat/corpus/sat-flat150-360/flat150-33.cnf,450,1680,SAT,380,42243,517,3,0.005293
/Users/okamu/.cache/gomisat/corpus/sat-flat150-360/flat150-34.cnf,450,1680,SAT,239,27696,337,3,0.003129
/Users/okamu/.cache/gomisat/corpus/sat-flat150-360/flat150-35.cnf,450,1680,SAT,86,8267,151,1,0.001037
/Users/okamu/.cache/gomisat/corpus/sat-flat150-360/flat150-36.cnf,450,1680,SAT,85,9588,168,1,0.001080
/Users/okamu/.cache/gomisat/corpus/sat-flat150-360/flat150-37.cnf,450,1680,SAT,182,18487,270,2,0.002423
/Users/okamu/.cache/gomisat/corpus/sat-flat150-360/flat150-38.cnf,450,1680,SAT,155,15984,233,2,0.001888
/Users/okamu/.cache/gomisat/corpus/sat-flat150-360/flat150-39.cnf,450,1680,SAT,116,10460,208,2,0.001175
/Users/okamu/.cache/gomisat/corpus/sat-flat150-360/flat150-4.cnf,450,1680,SAT,103,12892,177,2,0.001399
/Users/okamu/.cache/gomisat/corpus/sat-flat150-360/flat150-40.cnf,450,1680,SAT,402,46771,539,4,0.005807
/Users/okamu/.cache/gomisat/corpus/sat-flat150-360/flat150-41.cnf,450,1680,SAT,33,3849,94,1,0.000469
/Users/okamu/.cache/gomisat/corpus/sat-flat150-360/flat150-42.cnf,450,1680,SAT,215,21820,313,3,0.002514
/Users/okamu/.cache/gomisat/corpus/sat-flat150-360/flat150-43.cnf,450,1680,SAT,305,36950,413,3,0.004474
/Users/okamu/.cache/gomisat/corpus/sat-flat150-360/flat150-44.cnf,450,1680,SAT,51,5695,109,1,0.000660
/Users/okamu/.cache/gomisat/corpus/sat-flat150-360/flat150-45.cnf,450,1680,SAT,538,53595,714,5,0.007285
/Users/okamu/.cache/gomisat/corpus/sat-flat150-360/flat150-46.cnf,450,1680,SAT,268,26793,372,3,0.003459
/Users/okamu/.cache/gomisat/corpus/sat-flat150-360/flat150-47.cnf,450,1680,SAT,33,3456,90,1,0.000372
/Users/okamu/.cache/gomisat/corpus/sat-flat150-360/flat150-48.cnf,450,1680,SAT,239,26049,346,3,0.003359
/Users/okamu/.cache/gomisat/corpus/sat-flat150-360/flat150-49.cnf,450,1680,SAT,125,14140,211,2,0.001599
/Users/okamu/.cache/gomisat/corpus/sat-flat150-360/flat150-5.cnf,450,1680,SAT,120,11835,200,2,0.001258
/Users/okamu/.cache/gomisat/corpus/sat-flat150-360/flat150-50.cnf,450,1680,SAT,142,15409,238,2,0.001725
/Users/okamu/.cache/gomisat/corpus/sat-flat150-360/flat150-51.cnf,450,1680,SAT,285,33799,398,3,0.003969
/Users/okamu/.cache/gomisat/corpus/sat-flat150-360/flat150-52.cnf,450,1680,SAT,335,38284,448,3,0.004848
/Users/okamu/.cache/gomisat/corpus/sat-flat150-360/flat150-53.cnf,450,1680,SAT,265,29979,371,3,0.003441
/Users/okamu/.cache/gomisat/corpus/sat-flat150-360/flat150-54.cnf,450,1680,SAT,482,55515,633,4,0.007366
/Users/okamu/.cache/gomisat/corpus/sat-flat150-360/flat150-55.cnf,450,1680,SAT,47,4472,114,1,0.000500
/Users/okamu/.cache/gomisat/corpus/sat-flat150-360/flat150-56.cnf,450,1680,SAT,531,58046,779,5,0.008439
/Users/okamu/.cache/gomisat/corpus/sat-flat150-360/flat150-57.cnf,450,1680,SAT,319,34949,423,3,0.004241
/Users/okamu/.cache/gomisat/corpus/sat-flat150-360/flat150-58.cnf,450,1680,SAT,214,24626,301,3,0.003072
/Users/okamu/.cache/gomisat/corpus/sat-flat150-360/flat150-59.cnf,450,1680,SAT,484,56204,625,4,0.007311
/Users/okamu/.cache/gomisat/corpus/sat-flat150-360/flat150-6.cnf,450,1680,SAT,118,13435,200,2,0.001554
/Users/okamu/.cache/gomisat/corpus/sat-flat150-360/flat150-60.cnf,450,1680,SAT,146,15118,224,2,0.001811
/Users/okamu/.cache/gomisat/corpus/sat-flat150-360/flat150-61.cnf,450,1680,SAT,257,29195,397,3,0.003608
/Users/okamu/.cache/gomisat/corpus/sat-flat150-360/flat150-62.cnf,450,1680,SAT,157,16801,232,2,0.001938
/Users/okamu/.cache/gomisat/corpus/sat-flat150-360/flat150-63.cnf,450,1680,SAT,392,44098,504,3,0.005759
/Users/okamu/.cache/gomisat/corpus/sat-flat150-360/flat150-64.cnf,450,1680,SAT,32,3518,83,1,0.000455
/Users/okamu/.cache/gomisat/corpus/sat-flat150-360/flat150-65.cnf,450,1680,SAT,322,35633,444,3,0.004583
/Users/okamu/.cache/gomisat/corpus/sat-flat150-360/flat150-66.cnf,450,1680,SAT,31,3625,90,1,0.000488
/Users/okamu/.cache/gomisat/corpus/sat-flat150-360/flat150-67.cnf,450,1680,SAT,134,13638,194,2,0.001571
/Users/okamu/.cache/gomisat/corpus/sat-flat150-360/flat150-68.cnf,450,1680,SAT,299,32802,403,3,0.004146
/Users/okamu/.cache/gomisat/corpus/sat-flat150-360/flat150-69.cnf,450,1680,SAT,53,5569,109,1,0.000613
/Users/okamu/.cache/gomisat/corpus/sat-flat150-360/flat150-7.cnf,450,1680,SAT,159,16305,268,2,0.002046
/Users/okamu/.cache/gomisat/corpus/sat-flat150-360/flat150-70.cnf,450,1680,SAT,309,34879,410,3,0.004402
/Users/okamu/.cache/gomisat/corpus/sat-flat150-360/flat150-71.cnf,450,1680,SAT,121,11436,190,2,0.001260
/Users/okamu/.cache/gomisat/corpus/sat-flat150-360/flat150-72.cnf,450,1680,SAT,72,7639,121,1,0.000929
/Users/okamu/.cache/gomisat/corpus/sat-flat150-360/flat150-73.cnf,450,1680,SAT,227,26904,324,3,0.003066
/Users/okamu/.cache/gomisat/corpus/sat-flat150-360/flat150-74.cnf,450,1680,SAT,36,3607,86,1,0.000422
/Users/okamu/.cache/gomisat/corpus/sat-flat150-360/flat150-75.cnf,450,1680,SAT,122,13001,207,2,0.001517
/Users/okamu/.cache/gomisat/corpus/sat-flat150-360/flat150-76.cnf,450,1680,SAT,206,22256,298,3,0.002525
/Users/okamu/.cache/gomisat/corpus/sat-flat150-360/flat150-77.cnf,450,1680,SAT,81,10149,150,1,0.001093
/Users/okamu/.cache/gomisat/corpus/sat-flat150-360/flat150-78.cnf,450,1680,SAT,249,28575,367,3,0.003457
/Users/okamu/.cache/gomisat/corpus/sat-flat150-360/flat150-79.cnf,450,1680,SAT,177,18946,260,2,0.002085
/Users/okamu/.cache/gomisat/corpus/sat-flat150-360/flat150-8.cnf,450,1680,SAT,83,8734,142,1,0.000996
/Users/okamu/.cache/gomisat/corpus/sat-flat150-360/flat150-80.cnf,450,1680,SAT,254,25909,368,3,0.003343
/Users/okamu/.cache/gomisat/corpus/sat-flat150-360/flat150-81.cnf,450,1680,SAT,109,12391,183,2,0.001381
/Users/okamu/.cache/gomisat/corpus/sat-flat150-360/flat150-82.cnf,450,1680,SAT,194,20690,267,2,0.002632
/Users/okamu/.cache/gomisat/corpus/sat-flat150-360/flat150-83.cnf,450,1680,SAT,250,26880,366,3,0.003115
/Users/okamu/.cache/gomisat/corpus/sat-flat150-360/flat150-84.cnf,450,1680,SAT,267,29361,375,3,0.003415
/Users/okamu/.cache/gomisat/corpus/sat-flat150-360/flat150-85.cnf,450,1680,SAT,163,19431,245,2,0.002220
/Users/okamu/.cache/gomisat/corpus/sat-flat150-360/flat150-86.cnf,450,1680,SAT,218,24738,318,3,0.003079
/Users/okamu/.cache/gomisat/corpus/sat-flat150-360/flat150-87.cnf,450,1680,SAT,164,19270,238,2,0.002170
/Users/okamu/.cache/gomisat/corpus/sat-flat150-360/flat150-88.cnf,450,1680,SAT,108,10575,172,2,0.001372
/Users/okamu/.cache/gomisat/corpus/sat-flat150-360/flat150-89-c2.cnf,450,1680,SAT,372,43365,494,3,0.005157
/Users/okamu/.cache/gomisat/corpus/sat-flat150-360/flat150-89.cnf,450,1680,SAT,372,43365,494,3,0.005197
/Users/okamu/.cache/gomisat/corpus/sat-flat150-360/flat150-9.cnf,450,1680,SAT,1228,146256,1547,8,0.022451
/Users/okamu/.cache/gomisat/corpus/sat-flat150-360/flat150-90.cnf,450,1680,SAT,103,11698,184,2,0.001349
/Users/okamu/.cache/gomisat/corpus/sat-flat150-360/flat150-91.cnf,450,1680,SAT,130,13821,222,2,0.001594
/Users/okamu/.cache/gomisat/corpus/sat-flat150-360/flat150-92.cnf,450,1680,SAT,46,5299,101,1,0.000566
/Users/okamu/.cache/gomisat/corpus/sat-flat150-360/flat150-93.cnf,450,1680,SAT,118,13628,201,2,0.001759
/Users/okamu/.cache/gomisat/corpus/sat-flat150-360/flat150-94.cnf,450,1680,SAT,76,8262,131,1,0.000983
/Users/okamu/.cache/gomisat/corpus/sat-flat150-360/flat150-95.cnf,450,1680,SAT,214,23677,320,3,0.002978
/Users/okamu/.cache/gomisat/corpus/sat-flat150-360/flat150-96.cnf,450,1680,SAT,206,22126,312,3,0.002795
/Users/okamu/.cache/gomisat/corpus/sat-flat150-360/flat150-97.cnf,450,1680,SAT,63,5682,117,1,0.000692
/Users/okamu/.cache/gomisat/corpus/sat-flat150-360/flat150-98.cnf,450,1680,SAT,125,14338,214,2,0.001903
/Users/okamu/.cache/gomisat/corpus/sat-flat150-360/flat150-99.cnf,450,1680,SAT,385,41364,517,3,0.004968
/Users/okamu/.cache/gomisat/corpus/sat-flat175-417/flat175-1.cnf,525,1951,SAT,116,14426,206,2,0.001608
/Users/okamu/.cache/gomisat/corpus/sat-flat175-417/flat175-10.cnf,525,1951,SAT,259,28377,394,3,0.003319
/Users/okamu/.cache/gomisat/corpus/sat-flat175-417/flat175-100.cnf,525,1951,SAT,934,118281,1188,7,0.016379
/Users/okamu/.cache/gomisat/corpus/sat-flat175-417/flat175-11.cnf,525,1951,SAT,223,25369,391,3,0.002976
/Users/okamu/.cache/gomisat/corpus/sat-flat175-417/flat175-12.cnf,525,1951,SAT,132,16378,217,2,0.001885
/Users/okamu/.cache/gomisat/corpus/sat-flat175-417/flat175-13.cnf,525,1951,SAT,354,42450,508,3,0.005155
/Users/okamu/.cache/gomisat/corpus/sat-flat175-417/flat175-14.cnf,525,1951,SAT,571,73256,786,5,0.009231
/Users/okamu/.cache/gomisat/corpus/sat-flat175-417/flat175-15.cnf,525,1951,SAT,194,23149,290,2,0.002526
/Users/okamu/.cache/gomisat/corpus/sat-flat175-417/flat175-16.cnf,525,1951,SAT,148,18608,238,2,0.002335
/Users/okamu/.cache/gomisat/corpus/sat-flat175-417/flat175-17.cnf,525,1951,SAT,721,94683,992,6,0.013183
/Users/okamu/.cache/gomisat/corpus/sat-flat175-417/flat175-18.cnf,525,1951,SAT,154,15968,262,2,0.001808
/Users/okamu/.cache/gomisat/corpus/sat-flat175-417/flat175-19.cnf,525,1951,SAT,629,73079,841,6,0.009519
/Users/okamu/.cache/gomisat/corpus/sat-flat175-417/flat175-2.cnf,525,1951,SAT,114,15122,177,2,0.001883
/Users/okamu/.cache/gomisat/corpus/sat-flat175-417/flat175-20.cnf,525,1951,SAT,791,94591,1118,6,0.013340
/Users/okamu/.cache/gomisat/corpus/sat-flat175-417/flat175-21.cnf,525,1951,SAT,203,24434,364,3,0.002958
/Users/okamu/.cache/gomisat/corpus/sat-flat175-417/flat175-22.cnf,525,1951,SAT,631,80097,904,6,0.010532
/Users/okamu/.cache/gomisat/corpus/sat-flat175-417/flat175-23.cnf,525,1951,SAT,530,65985,666,5,0.008503
/Users/okamu/.cache/gomisat/corpus/sat-flat175-417/flat175-24.cnf,525,1951,SAT,252,27604,416,3,0.003387
/Users/okamu/.cache/gomisat/corpus/sat-flat175-417/flat175-25.cnf,525,1951,SAT,153,17989,257,2,0.002127
/Users/okamu/.cache/gomisat/corpus/sat-flat175-417/flat175-26.cnf,525,1951,SAT,147,17345,254,2,0.002220
/Users/okamu/.cache/gomisat/corpus/sat-flat175-417/flat175-27.cnf,525,1951,SAT,163,19110,260,2,0.002341
/Users/okamu/.cache/gomisat/corpus/sat-flat175-417/flat175-28.cnf,525,1951,SAT,86,10508,140,1,0.001206
/Users/okamu/.cache/gomisat/corpus/sat-flat175-417/flat175-29.cnf,525,1951,SAT,36,3809,110,1,0.000463
/Users/okamu/.cache/gomisat/corpus/sat-flat175-417/flat175-3.cnf,525,1951,SAT,182,22621,271,2,0.002750
/Users/okamu/.cache/gomisat/corpus/sat-flat175-417/flat175-30.cnf,525,1951,SAT,189,24307,263,2,0.002967
/Users/okamu/.cache/gomisat/corpus/sat-flat175-417/flat175-31.cnf,525,1951,SAT,176,18968,271,2,0.002114
/Users/okamu/.cache/gomisat/corpus/sat-flat175-417/flat175-32.cnf,525,1951,SAT,211,26641,336,3,0.003218
/Users/okamu/.cache/gomisat/corpus/sat-flat175-417/flat175-33.cnf,525,1951,SAT,319,35888,479,3,0.004486
/Users/okamu/.cache/gomisat/corpus/sat-flat175-417/flat175-34.cnf,525,1951,SAT,253,29637,378,3,0.003555
/Users/okamu/.cache/gomisat/corpus/sat-flat175-417/flat175-35.cnf,525,1951,SAT,159,18238,261,2,0.002236
/Users/okamu/.cache/gomisat/corpus/sat-flat175-417/flat175-36.cnf,525,1951,SAT,55,6314,143,1,0.000731
/Users/okamu/.cache/gomisat/corpus/sat-flat175-417/flat175-37.cnf,525,1951,SAT,69,8454,145,1,0.000982
/Users/okamu/.cache/gomisat/corpus/sat-flat175-417/flat175-38.cnf,525,1951,SAT,131,13346,250,2,0.001756
/Users/okamu/.cache/gomisat/corpus/sat-flat175-417/flat175-39.cnf,525,1951,SAT,560,64519,783,5,0.008441
/Users/okamu/.cache/gomisat/corpus/sat-flat175-417/flat175-4.cnf,525,1951,SAT,78,9918,137,1,0.001422
/Users/okamu/.cache/gomisat/corpus/sat-flat175-417/flat175-40.cnf,525,1951,SAT,264,32668,378,3,0.004075
/Users/okamu/.cache/gomisat/corpus/sat-flat175-417/flat175-41.cnf,525,1951,SAT,127,14776,219,2,0.001704
/Users/okamu/.cache/gomisat/corpus/sat-flat175-417/flat175-42.cnf,525,1951,SAT,54,6187,135,1,0.000760
/Users/okamu/.cache/gomisat/corpus/sat-flat175-417/flat175-43.cnf,525,1951,SAT,140,17754,248,2,0.001952
/Users/okamu/.cache/gomisat/corpus/sat-flat175-417/flat175-44.cnf,525,1951,SAT,289,35937,400,3,0.004105
/Users/okamu/.cache/gomisat/corpus/sat-flat175-417/flat175-45.cnf,525,1951,SAT,139,17843,219,2,0.002113
/Users/okamu/.cache/gomisat/corpus/sat-flat175-417/flat175-46.cnf,525,1951,SAT,947,116012,1220,7,0.016265
/Users/okamu/.cache/gomisat/corpus/sat-flat175-417/flat175-47.cnf,525,1951,SAT,118,15922,222,2,0.001707
/Users/okamu/.cache/gomisat/corpus/sat-flat175-417/flat175-48.cnf,525,1951,SAT,9,1527,56,1,0.000218
/Users/okamu/.cache/gomisat/corpus/sat-flat175-417/flat175-49.cnf,525,1951,SAT,678,81335,1031,6,0.011250
/Users/okamu/.cache/gomisat/corpus/sat-flat175-417/flat175-5.cnf,525,1951,SAT,112,12107,201,2,0.001355
/Users/okamu/.cache/gomisat/corpus/sat-flat175-417/flat175-50.cnf,525,1951,SAT,198,26660,287,2,0.002980
/Users/okamu/.cache/gomisat/corpus/sat-flat175-417/flat175-51.cnf,525,1951,SAT,196,21825,281,2,0.002488
/Users/okamu/.cache/gomisat/corpus/sat-flat175-417/flat175-52.cnf,525,1951,SAT,141,17086,227,2,0.001897
/Users/okamu/.cache/gomisat/corpus/sat-flat175-417/flat175-53.cnf,525,1951,SAT,129,17692,215,2,0.002055
/Users/okamu/.cache/gomisat/corpus/sat-flat175-417/flat175-54.cnf,525,1951,SAT,359,44890,523,3,0.005727
/Users/okamu/.cache/gomisat/corpus/sat-flat175-417/flat175-55.cnf,525,1951,SAT,163,20122,264,2,0.002250
/Users/okamu/.cache/gomisat/corpus/sat-flat175-417/flat175-56.cnf,525,1951,SAT,1314,151360,1708,9,0.023987
/Users/okamu/.cache/gomisat/corpus/sat-flat175-417/flat175-57.cnf,525,1951,SAT,185,23034,327,2,0.003059
/Users/okamu/.cache/gomisat/corpus/sat-flat175-417/flat175-58.cnf,525,1951,SAT,165,19272,261,2,0.002596
/Users/okamu/.cache/gomisat/corpus/sat-flat175-417/flat175-59.cnf,525,1951,SAT,559,64922,782,5,0.008741
/Users/okamu/.cache/gomisat/corpus/sat-flat175-417/flat175-6.cnf,525,1951,SAT,73,9020,136,1,0.000960
/Users/okamu/.cache/gomisat/corpus/sat-flat175-417/flat175-60.cnf,525,1951,SAT,81,9659,156,1,0.001118
/Users/okamu/.cache/gomisat/corpus/sat-flat175-417/flat175-61.cnf,525,1951,SAT,47,5857,87,1,0.000676
/Users/okamu/.cache/gomisat/corpus/sat-flat175-417/flat175-62.cnf,525,1951,SAT,519,66073,681,5,0.007955
/Users/okamu/.cache/gomisat/corpus/sat-flat175-417/flat175-63.cnf,525,1951,SAT,384,49050,537,3,0.006031
/Users/okamu/.cache/gomisat/corpus/sat-flat175-417/flat175-64.cnf,525,1951,SAT,284,34794,406,3,0.004125
/Users/okamu/.cache/gomisat/corpus/sat-flat175-417/flat175-65.cnf,525,1951,SAT,602,71631,798,5,0.009365
/Users/okamu/.cache/gomisat/corpus/sat-flat175-417/flat175-66.cnf,525,1951,SAT,363,46895,528,3,0.006074
/Users/okamu/.cache/gomisat/corpus/sat-flat175-417/flat175-67.cnf,525,1951,SAT,60,6197,150,1,0.000810
/Users/okamu/.cache/gomisat/corpus/sat-flat175-417/flat175-68.cnf,525,1951,SAT,538,68442,740,5,0.009066
/Users/okamu/.cache/gomisat/corpus/sat-flat175-417/flat175-69.cnf,525,1951,SAT,111,13598,213,2,0.001673
/Users/okamu/.cache/gomisat/corpus/sat-flat175-417/flat175-7.cnf,525,1951,SAT,85,10667,149,1,0.001207
/Users/okamu/.cache/gomisat/corpus/sat-flat175-417/flat175-70.cnf,525,1951,SAT,83,9052,166,1,0.001076
/Users/okamu/.cache/gomisat/corpus/sat-flat175-417/flat175-71.cnf,525,1951,SAT,195,23106,314,2,0.002740
/Users/okamu/.cache/gomisat/corpus/sat-flat175-417/flat175-72.cnf,525,1951,SAT,528,62408,713,5,0.008047
/Users/okamu/.cache/gomisat/corpus/sat-flat175-417/flat175-73.cnf,525,1951,SAT,140,16255,284,2,0.001995
/Users/okamu/.cache/gomisat/corpus/sat-flat175-417/flat175-74.cnf,525,1951,SAT,115,14089,197,2,0.001779
/Users/okamu/.cache/gomisat/corpus/sat-flat175-417/flat175-75.cnf,525,1951,SAT,55,7481,141,1,0.000813
/Users/okamu/.cache/gomisat/corpus/sat-flat175-417/flat175-76.cnf,525,1951,SAT,137,17218,223,2,0.002094
/Users/okamu/.cache/gomisat/corpus/sat-flat175-417/flat175-77.cnf,525,1951,SAT,243,30837,381,3,0.003797
/Users/okamu/.cache/gomisat/corpus/sat-flat175-417/flat175-78.cnf,525,1951,SAT,1066,137607,1408,7,0.019896
/Users/okamu/.cache/gomisat/corpus/sat-flat175-417/flat175-79.cnf,525,1951,SAT,106,10896,176,2,0.001278
/Users/okamu/.cache/gomisat/corpus/sat-flat175-417/flat175-8.cnf,525,1951,SAT,321,39340,487,3,0.005024
/Users/okamu/.cache/gomisat/corpus/sat-flat175-417/flat175-80.cnf,525,1951,SAT,147,17416,244,2,0.002522
/Users/okamu/.cache/gomisat/corpus/sat-flat175-417/flat175-81.cnf,525,1951,SAT,548,65939,776,5,0.008530
/Users/okamu/.cache/gomisat/corpus/sat-flat175-417/flat175-82.cnf,525,1951,SAT,183,21034,299,2,0.002579
/Users/okamu/.cache/gomisat/corpus/sat-flat175-417/flat175-83.cnf,525,1951,SAT,126,14922,213,2,0.001669
/Users/okamu/.cache/gomisat/corpus/sat-flat175-417/flat175-84.cnf,525,1951,SAT,529,64463,744,5,0.008209
/Users/okamu/.cache/gomisat/corpus/sat-flat175-417/flat175-85.cnf,525,1951,SAT,690,89277,997,6,0.012227
/Users/okamu/.cache/gomisat/corpus/sat-flat175-417/flat175-86.cnf,525,1951,SAT,504,65433,667,5,0.008405
/Users/okamu/.cache/gomisat/corpus/sat-flat175-417/flat175-87.cnf,525,1951,SAT,477,52703,642,4,0.006841
/Users/okamu/.cache/gomisat/corpus/sat-flat175-417/flat175-88.cnf,525,1951,SAT,126,13985,244,2,0.001664
/Users/okamu/.cache/gomisat/corpus/sat-flat175-417/flat175-89.cnf,525,1951,SAT,178,20076,283,2,0.002366
/Users/okamu/.cache/gomisat/corpus/sat-flat175-417/flat175-9.cnf,525,1951,SAT,144,16751,219,2,0.002007
/Users/okamu/.cache/gomisat/corpus/sat-flat175-417/flat175-90.cnf,525,1951,SAT,471,60298,655,4,0.007689
/Users/okamu/.cache/gomisat/corpus/sat-flat175-417/flat175-91.cnf,525,1951,SAT,345,39881,475,3,0.005178
/Users/okamu/.cache/gomisat/corpus/sat-flat175-417/flat175-92.cnf,525,1951,SAT,125,16209,198,2,0.001827
/Users/okamu/.cache/gomisat/corpus/sat-flat175-417/flat175-93.cnf,525,1951,SAT,138,16438,231,2,0.002081
/Users/okamu/.cache/gomisat/corpus/sat-flat175-417/flat175-94.cnf,525,1951,SAT,578,69841,787,5,0.008753
/Users/okamu/.cache/gomisat/corpus/sat-flat175-417/flat175-95.cnf,525,1951,SAT,220,26877,325,3,0.003112
/Users/okamu/.cache/gomisat/corpus/sat-flat175-417/flat175-96.cnf,525,1951,SAT,333,37831,461,3,0.004949
/Users/okamu/.cache/gomisat/corpus/sat-flat175-417/flat175-97.cnf,525,1951,SAT,1001,117189,1308,7,0.016988
/Users/okamu/.cache/gomisat/corpus/sat-flat175-417/flat175-98.cnf,525,1951,SAT,252,30740,383,3,0.003778
/Users/okamu/.cache/gomisat/corpus/sat-flat175-417/flat175-99.cnf,525,1951,SAT,144,15292,267,2,0.001791
/Users/okamu/.cache/gomisat/corpus/sat-flat200-479/flat200-1.cnf,600,2237,SAT,104,16035,200,2,0.001905
/Users/okamu/.cache/gomisat/corpus/sat-flat200-479/flat200-10.cnf,600,2237,SAT,480,60335,681,4,0.007981
/Users/okamu/.cache/gomisat/corpus/sat-flat200-479/flat200-100.cnf,600,2237,SAT,882,111801,1189,7,0.016028
/Users/okamu/.cache/gomisat/corpus/sat-flat200-479/flat200-11.cnf,600,2237,SAT,486,65841,716,4,0.008356
/Users/okamu/.cache/gomisat/corpus/sat-flat200-479/flat200-12.cnf,600,2237,SAT,749,98583,970,6,0.013141
/Users/okamu/.cache/gomisat/corpus/sat-flat200-479/flat200-13.cnf,600,2237,SAT,752,99482,1088,6,0.014275
/Users/okamu/.cache/gomisat/corpus/sat-flat200-479/flat200-14.cnf,600,2237,SAT,452,61886,684,4,0.008217
/Users/okamu/.cache/gomisat/corpus/sat-flat200-479/flat200-15.cnf,600,2237,SAT,288,40254,432,3,0.005124
/Users/okamu/.cache/gomisat/corpus/sat-flat200-479/flat200-16.cnf,600,2237,SAT,442,60080,654,4,0.007668
/Users/okamu/.cache/gomisat/corpus/sat-flat200-479/flat200-17.cnf,600,2237,SAT,6375,882556,7983,30,0.166173
/Users/okamu/.cache/gomisat/corpus/sat-flat200-479/flat200-18.cnf,600,2237,SAT,922,114284,1161,7,0.015211
/Users/okamu/.cache/gomisat/corpus/sat-flat200-479/flat200-19.cnf,600,2237,SAT,713,91716,984,6,0.011801
/Users/okamu/.cache/gomisat/corpus/sat-flat200-479/flat200-2.cnf,600,2237,SAT,606,74103,866,6,0.010098
/Users/okamu/.cache/gomisat/corpus/sat-flat200-479/flat200-20.cnf,600,2237,SAT,564,71201,755,5,0.009428
/Users/okamu/.cache/gomisat/corpus/sat-flat200-479/flat200-21.cnf,600,2237,SAT,252,33226,360,3,0.004011
/Users/okamu/.cache/gomisat/corpus/sat-flat200-479/flat200-22.cnf,600,2237,SAT,392,48568,634,3,0.006349
/Users/okamu/.cache/gomisat/corpus/sat-flat200-479/flat200-23.cnf,600,2237,SAT,373,49406,541,3,0.006009
/Users/okamu/.cache/gomisat/corpus/sat-flat200-479/flat200-24.cnf,600,2237,SAT,446,59400,638,4,0.007092
/Users/okamu/.cache/gomisat/corpus/sat-flat200-479/flat200-25.cnf,600,2237,SAT,171,24409,293,2,0.002667
/Users/okamu/.cache/gomisat/corpus/sat-flat200-479/flat200-26.cnf,600,2237,SAT,855,117940,1212,7,0.017183
/Users/okamu/.cache/gomisat/corpus/sat-flat200-479/flat200-27.cnf,600,2237,SAT,1540,206185,2067,10,0.032769
/Users/okamu/.cache/gomisat/corpus/sat-flat200-479/flat200-28.cnf,600,2237,SAT,276,37668,418,3,0.004476
/Users/okamu/.cache/gomisat/corpus/sat-flat200-479/flat200-29.cnf,600,2237,SAT,544,73052,797,5,0.009562
/Users/okamu/.cache/gomisat/corpus/sat-flat200-479/flat200-3.cnf,600,2237,SAT,1072,144933,1378,7,0.022073
/Users/okamu/.cache/gomisat/corpus/sat-flat200-479/flat200-30.cnf,600,2237,SAT,981,130363,1348,7,0.018601
/Users/okamu/.cache/gomisat/corpus/sat-flat200-479/flat200-31.cnf,600,2237,SAT,911,123226,1266,7,0.017852
/Users/okamu/.cache/gomisat/corpus/sat-flat200-479/flat200-32.cnf,600,2237,SAT,151,21131,253,2,0.002215
/Users/okamu/.cache/gomisat/corpus/sat-flat200-479/flat200-33.cnf,600,2237,SAT,208,29723,373,3,0.003432
/Users/okamu/.cache/gomisat/corpus/sat-flat200-479/flat200-34.cnf,600,2237,SAT,628,88793,866,6,0.011587
/Users/okamu/.cache/gomisat/corpus/sat-flat200-479/flat200-35.cnf,600,2237,SAT,145,17470,268,2,0.002052
/Users/okamu/.cache/gomisat/corpus/sat-flat200-479/flat200-36.cnf,600,2237,SAT,602,81270,863,5,0.010536
/Users/okamu/.cache/gomisat/corpus/sat-flat200-479/flat200-37.cnf,600,2237,SAT,435,52741,611,4,0.006682
/Users/okamu/.cache/gomisat/corpus/sat-flat200-479/flat200-38.cnf,600,2237,SAT,256,33583,424,3,0.004044
/Users/okamu/.cache/gomisat/corpus/sat-flat200-479/flat200-39.cnf,600,2237,SAT,5507,724787,6818,29,0.137274
/Users/okamu/.cache/gomisat/corpus/sat-flat200-479/flat200-4.cnf,600,2237,SAT,754,98487,1033,6,0.013972
/Users/okamu/.cache/gomisat/corpus/sat-flat200-479/flat200-40.cnf,600,2237,SAT,108,13755,202,2,0.001560
/Users/okamu/.cache/gomisat/corpus/sat-flat200-479/flat200-41.cnf,600,2237,SAT,98,11495,194,1,0.001414
/Users/okamu/.cache/gomisat/corpus/sat-flat200-479/flat200-42.cnf,600,2237,SAT,92,11303,178,1,0.001369
/Users/okamu/.cache/gomisat/corpus/sat-flat200-479/flat200-43.cnf,600,2237,SAT,215,30227,308,3,0.003923
/Users/okamu/.cache/gomisat/corpus/sat-flat200-479/flat200-44.cnf,600,2237,SAT,781,101203,1005,6,0.013175
/Users/okamu/.cache/gomisat/corpus/sat-flat200-479/flat200-45.cnf,600,2237,SAT,578,82665,815,5,0.010338
/Users/okamu/.cache/gomisat/corpus/sat-flat200-479/flat200-46.cnf,600,2237,SAT,866,115533,1138,7,0.015729
/Users/okamu/.cache/gomisat/corpus/sat-flat200-479/flat200-47.cnf,600,2237,SAT,1623,217446,2065,11,0.036364
/Users/okamu/.cache/gomisat/corpus/sat-flat200-479/flat200-48.cnf,600,2237,SAT,887,115797,1190,7,0.016981
/Users/okamu/.cache/gomisat/corpus/sat-flat200-479/flat200-49.cnf,600,2237,SAT,157,17608,267,2,0.002318
/Users/okamu/.cache/gomisat/corpus/sat-flat200-479/flat200-5.cnf,600,2237,SAT,5213,682406,6360,28,0.129485
/Users/okamu/.cache/gomisat/corpus/sat-flat200-479/flat200-50.cnf,600,2237,SAT,693,88429,980,6,0.011347
/Users/okamu/.cache/gomisat/corpus/sat-flat200-479/flat200-51.cnf,600,2237,SAT,188,25263,276,2,0.002813
/Users/okamu/.cache/gomisat/corpus/sat-flat200-479/flat200-52.cnf,600,2237,SAT,1382,190979,1742,9,0.028448
/Users/okamu/.cache/gomisat/corpus/sat-flat200-479/flat200-53.cnf,600,2237,SAT,105,14829,206,2,0.001693
/Users/okamu/.cache/gomisat/corpus/sat-flat200-479/flat200-54.cnf,600,2237,SAT,1275,157008,1638,8,0.022816
/Users/okamu/.cache/gomisat/corpus/sat-flat200-479/flat200-55.cnf,600,2237,SAT,1887,260539,2597,13,0.042027
/Users/okamu/.cache/gomisat/corpus/sat-flat200-479/flat200-56.cnf,600,2237,SAT,650,86691,939,6,0.011521
/Users/okamu/.cache/gomisat/corpus/sat-flat200-479/flat200-57.cnf,600,2237,SAT,702,89456,1045,6,0.012196
/Users/okamu/.cache/gomisat/corpus/sat-flat200-479/flat200-58.cnf,600,2237,SAT,24,4075,86,1,0.000465
/Users/okamu/.cache/gomisat/corpus/sat-flat200-479/flat200-59.cnf,600,2237,SAT,546,68838,768,5,0.008914
/Users/okamu/.cache/gomisat/corpus/sat-flat200-479/flat200-6.cnf,600,2237,SAT,297,39276,462,3,0.004769
/Users/okamu/.cache/gomisat/corpus/sat-flat200-479/flat200-60.cnf,600,2237,SAT,160,19872,244,2,0.002214
/Users/okamu/.cache/gomisat/corpus/sat-flat200-479/flat200-61.cnf,600,2237,SAT,26,3167,89,1,0.000528
/Users/okamu/.cache/gomisat/corpus/sat-flat200-479/flat200-62.cnf,600,2237,SAT,1083,134117,1425,7,0.020195
/Users/okamu/.cache/gomisat/corpus/sat-flat200-479/flat200-63.cnf,600,2237,SAT,1031,139674,1415,7,0.020628
/Users/okamu/.cache/gomisat/corpus/sat-flat200-479/flat200-64.cnf,600,2237,SAT,246,31870,351,3,0.003750
/Users/okamu/.cache/gomisat/corpus/sat-flat200-479/flat200-65.cnf,600,2237,SAT,1364,193557,1799,9,0.028927
/Users/okamu/.cache/gomisat/corpus/sat-flat200-479/flat200-66.cnf,600,2237,SAT,4112,550858,5184,22,0.097505
/Users/okamu/.cache/gomisat/corpus/sat-flat200-479/flat200-67.cnf,600,2237,SAT,138,18499,236,2,0.002188
/Users/okamu/.cache/gomisat/corpus/sat-flat200-479/flat200-68.cnf,600,2237,SAT,133,17475,216,2,0.002056
/Users/okamu/.cache/gomisat/corpus/sat-flat200-479/flat200-69.cnf,600,2237,SAT,172,24525,295,2,0.002846
/Users/okamu/.cache/gomisat/corpus/sat-flat200-479/flat200-7.cnf,600,2237,SAT,1145,160698,1465,7,0.023726
/Users/okamu/.cache/gomisat/corpus/sat-flat200-479/flat200-70.cnf,600,2237,SAT,729,96284,1046,6,0.013172
/Users/okamu/.cache/gomisat/corpus/sat-flat200-479/flat200-71.cnf,600,2237,SAT,599,85783,813,5,0.011564
/Users/okamu/.cache/gomisat/corpus/sat-flat200-479/flat200-72.cnf,600,2237,SAT,552,73770,821,5,0.009788
/Users/okamu/.cache/gomisat/corpus/sat-flat200-479/flat200-73.cnf,600,2237,SAT,816,106500,1092,7,0.014957
/Users/okamu/.cache/gomisat/corpus/sat-flat200-479/flat200-74.cnf,600,2237,SAT,808,110973,1173,7,0.015274
/Users/okamu/.cache/gomisat/corpus/sat-flat200-479/flat200-75.cnf,600,2237,SAT,334,45061,541,3,0.005338
/Users/okamu/.cache/gomisat/corpus/sat-flat200-479/flat200-76.cnf,600,2237,SAT,644,85763,892,6,0.011337
/Users/okamu/.cache/gomisat/corpus/sat-flat200-479/flat200-77.cnf,600,2237,SAT,1112,154126,1542,7,0.022543
/Users/okamu/.cache/gomisat/corpus/sat-flat200-479/flat200-78.cnf,600,2237,SAT,547,74688,799,5,0.010001
/Users/okamu/.cache/gomisat/corpus/sat-flat200-479/flat200-79.cnf,600,2237,SAT,2014,279799,2631,14,0.043922
/Users/okamu/.cache/gomisat/corpus/sat-flat200-479/flat200-8.cnf,600,2237,SAT,101,13462,197,2,0.001506
/Users/okamu/.cache/gomisat/corpus/sat-flat200-479/flat200-80.cnf,600,2237,SAT,363,50401,517,3,0.005882
/Users/okamu/.cache/gomisat/corpus/sat-flat200-479/flat200-81.cnf,600,2237,SAT,1401,188133,1880,9,0.028720
/Users/okamu/.cache/gomisat/corpus/sat-flat200-479/flat200-82.cnf,600,2237,SAT,648,89339,907,6,0.011313
/Users/okamu/.cache/gomisat/corpus/sat-flat200-479/flat200-83.cnf,600,2237,SAT,2540,335469,3280,15,0.056083
/Users/okamu/.cache/gomisat/corpus/sat-flat200-479/flat200-84.cnf,600,2237,SAT,573,76959,832,5,0.010724
/Users/okamu/.cache/gomisat/corpus/sat-flat200-479/flat200-85.cnf,600,2237,SAT,766,102697,1079,6,0.014356
/Users/okamu/.cache/gomisat/corpus/sat-flat200-479/flat200-86.cnf,600,2237,SAT,257,36753,419,3,0.004324
/Users/okamu/.cache/gomisat/corpus/sat-flat200-479/flat200-87.cnf,600,2237,SAT,1113,150075,1504,7,0.023130
/Users/okamu/.cache/gomisat/corpus/sat-flat200-479/flat200-88.cnf,600,2237,SAT,865,118869,1120,7,0.017472
/Users/okamu/.cache/gomisat/corpus/sat-flat200-479/flat200-89.cnf,600,2237,SAT,161,20032,269,2,0.002507
/Users/okamu/.cache/gomisat/corpus/sat-flat200-479/flat200-9.cnf,600,2237,SAT,2119,289094,2638,14,0.044721
/Users/okamu/.cache/gomisat/corpus/sat-flat200-479/flat200-90.cnf,600,2237,SAT,488,61541,731,4,0.007875
/Users/okamu/.cache/gomisat/corpus/sat-flat200-479/flat200-91.cnf,600,2237,SAT,179,22851,320,2,0.002765
/Users/okamu/.cache/gomisat/corpus/sat-flat200-479/flat200-92.cnf,600,2237,SAT,318,42117,474,3,0.005054
/Users/okamu/.cache/gomisat/corpus/sat-flat200-479/flat200-93.cnf,600,2237,SAT,503,66217,687,5,0.008278
/Users/okamu/.cache/gomisat/corpus/sat-flat200-479/flat200-94.cnf,600,2237,SAT,284,39792,484,3,0.004726
/Users/okamu/.cache/gomisat/corpus/sat-flat200-479/flat200-95.cnf,600,2237,SAT,1071,141017,1369,7,0.020307
/Users/okamu/.cache/gomisat/corpus/sat-flat200-479/flat200-96.cnf,600,2237,SAT,364,48891,567,3,0.006521
/Users/okamu/.cache/gomisat/corpus/sat-flat200-479/flat200-97.cnf,600,2237,SAT,55,6453,148,1,0.000758
/Users/okamu/.cache/gomisat/corpus/sat-flat200-479/flat200-98.cnf,600,2237,SAT,506,69236,760,5,0.009920
/Users/okamu/.cache/gomisat/corpus/sat-flat200-479/flat200-99.cnf,600,2237,SAT,814,107473,1169,7,0.015320
/Users/okamu/.cache/gomisat/corpus/sat-hanoi/hanoi4.cnf,718,4934,SAT,4773,315280,7328,25,0.075555
/Users/okamu/.cache/gomisat/corpus/sat-hanoi/hanoi5.cnf,1931,14468,SAT,28986,2240180,53385,106,0.741341
/Users/okamu/.cache/gomisat/corpus/sat-inductive-inference/ii16a1.cnf,1650,19368,SAT,5,2056,1165,1,0.000604
/Users/okamu/.cache/gomisat/corpus/sat-inductive-inference/ii16a2.cnf,1602,23281,SAT,109,18811,696,2,0.002179
/Users/okamu/.cache/gomisat/corpus/sat-inductive-inference/ii16b1.cnf,1728,24792,SAT,140,23553,1034,2,0.003017
/Users/okamu/.cache/gomisat/corpus/sat-inductive-inference/ii16b2.cnf,1076,16121,SAT,50,8686,150,1,0.000908
/Users/okamu/.cache/gomisat/corpus/sat-inductive-inference/ii16c1.cnf,1580,16467,SAT,2,1763,1017,1,0.000526
/Users/okamu/.cache/gomisat/corpus/sat-inductive-inference/ii16c2.cnf,924,13803,SAT,409,63826,1144,4,0.006426
/Users/okamu/.cache/gomisat/corpus/sat-inductive-inference/ii16d1.cnf,1230,15901,SAT,1,1478,458,1,0.000559
/Users/okamu/.cache/gomisat/corpus/sat-inductive-inference/ii16d2.cnf,836,12461,SAT,0,836,39,1,0.000214
/Users/okamu/.cache/gomisat/corpus/sat-inductive-inference/ii16e1.cnf,1245,14766,SAT,2,1469,774,1,0.000337
/Users/okamu/.cache/gomisat/corpus/sat-inductive-inference/ii16e2.cnf,532,7825,SAT,534,47427,1457,5,0.008492
/Users/okamu/.cache/gomisat/corpus/sat-inductive-inference/ii32a1.cnf,459,9212,SAT,1207,88845,3425,8,0.020903
/Users/okamu/.cache/gomisat/corpus/sat-inductive-inference/ii32b1.cnf,228,1374,SAT,3,293,40,1,0.000077
/Users/okamu/.cache/gomisat/corpus/sat-inductive-inference/ii32b2.cnf,261,2558,SAT,75,2219,193,1,0.000785
/Users/okamu/.cache/gomisat/corpus/sat-inductive-inference/ii32b3.cnf,348,5734,SAT,102,5802,278,2,0.001696
/Users/okamu/.cache/gomisat/corpus/sat-inductive-inference/ii32b4.cnf,381,6918,SAT,20,1116,60,1,0.000417
/Users/okamu/.cache/gomisat/corpus/sat-inductive-inference/ii32c1.cnf,225,1280,SAT,1,254,50,1,0.000056
/Users/okamu/.cache/gomisat/corpus/sat-inductive-inference/ii32c2.cnf,249,2182,SAT,0,249,45,1,0.000135
/Users/okamu/.cache/gomisat/corpus/sat-inductive-inference/ii32c3.cnf,279,3272,SAT,3,610,44,1,0.000296
/Users/okamu/.cache/gomisat/corpus/sat-inductive-inference/ii32c4.cnf,759,20862,SAT,84,11317,288,1,0.001920
/Users/okamu/.cache/gomisat/corpus/sat-inductive-inference/ii32d1.cnf,332,2703,SAT,60,1611,139,1,0.000872
/Users/okamu/.cache/gomisat/corpus/sat-inductive-inference/ii32d2.cnf,404,5153,SAT,113,5243,534,2,0.001673
/Users/okamu/.cache/gomisat/corpus/sat-inductive-inference/ii32d3.cnf,824,19478,SAT,31985,3525447,71419,119,2.669235
/Users/okamu/.cache/gomisat/corpus/sat-inductive-inference/ii32e1.cnf,222,1186,SAT,0,222,52,1,0.000043
/Users/okamu/.cache/gomisat/corpus/sat-inductive-inference/ii32e2.cnf,267,2746,SAT,35,1117,82,1,0.000455
/Users/okamu/.cache/gomisat/corpus/sat-inductive-inference/ii32e3.cnf,330,5020,SAT,89,4430,261,1,0.001150
/Users/okamu/.cache/gomisat/corpus/sat-inductive-inference/ii32e4.cnf,387,7106,SAT,72,3733,317,1,0.001734
/Users/okamu/.cache/gomisat/corpus/sat-inductive-inference/ii32e5.cnf,522,11636,SAT,116,11618,333,2,0.002077
/Users/okamu/.cache/gomisat/corpus/sat-inductive-inference/ii8a1.cnf,66,186,SAT,2,99,26,1,0.000018
/Users/okamu/.cache/gomisat/corpus/sat-inductive-inference/ii8a2.cnf,180,800,SAT,0,180,92,1,0.000026
/Users/okamu/.cache/gomisat/corpus/sat-inductive-inference/ii8a3.cnf,264,1552,SAT,1,287,136,1,0.000044
/Users/okamu/.cache/gomisat/corpus/sat-inductive-inference/ii8a4.cnf,396,2798,SAT,2,432,112,1,0.000080
/Users/okamu/.cache/gomisat/corpus/sat-inductive-inference/ii8b1.cnf,336,2068,SAT,2,349,165,1,0.000047
/Users/okamu/.cache/gomisat/corpus/sat-inductive-inference/ii8b2.cnf,576,4088,SAT,1,593,271,1,0.000078
/Users/okamu/.cache/gomisat/corpus/sat-inductive-inference/ii8b3.cnf,816,6108,SAT,0,816,456,1,0.000104
/Users/okamu/.cache/gomisat/corpus/sat-inductive-inference/ii8b4.cnf,1068,8214,SAT,0,1068,604,1,0.000142
/Users/okamu/.cache/gomisat/corpus/sat-inductive-inference/ii8c1.cnf,510,3065,SAT,0,510,332,1,0.000066
/Users/okamu/.cache/gomisat/corpus/sat-inductive-inference/ii8c2.cnf,950,6689,SAT,0,950,620,1,0.000131
/Users/okamu/.cache/gomisat/corpus/sat-inductive-inference/ii8d1.cnf,530,3207,SAT,2,682,420,1,0.000080
/Users/okamu/.cache/gomisat/corpus/sat-inductive-inference/ii8d2.cnf,930,6547,SAT,0,930,534,1,0.000130
/Users/okamu/.cache/gomisat/corpus/sat-inductive-inference/ii8e1.cnf,520,3136,SAT,0,520,321,1,0.000069
/Users/okamu/.cache/gomisat/corpus/sat-inductive-inference/ii8e2.cnf,870,6121,SAT,0,870,506,1,0.000123
/Users/okamu/.cache/gomisat/corpus/sat-logistics/logistics.a.cnf,828,6718,SAT,145,12186,1307,2,0.001369
/Users/okamu/.cache/gomisat/corpus/sat-logistics/logistics.b.cnf,843,7301,SAT,129,13419,1423,2,0.001358
/Users/okamu/.cache/gomisat/corpus/sat-logistics/logistics.c.cnf,1141,10719,SAT,342,32515,3060,3,0.003704
/Users/okamu/.cache/gomisat/corpus/sat-logistics/logistics.d.cnf,4713,21991,SAT,37,14902,435,1,0.001703
/Users/okamu/.cache/gomisat/corpus/sat-parity/par16-1-c.cnf,317,1264,SAT,4243,493888,4555,22,0.070354
/Users/okamu/.cache/gomisat/corpus/sat-parity/par16-1.cnf,1015,3310,SAT,1491,311985,1704,10,0.039729
/Users/okamu/.cache/gomisat/corpus/sat-parity/par16-2-c.cnf,349,1392,SAT,2869,319232,3115,15,0.046426
/Users/okamu/.cache/gomisat/corpus/sat-parity/par16-2.cnf,1015,3374,SAT,441,94833,563,4,0.011550
/Users/okamu/.cache/gomisat/corpus/sat-parity/par16-3-c.cnf,334,1332,SAT,1524,156238,1634,10,0.024258
/Users/okamu/.cache/gomisat/corpus/sat-parity/par16-3.cnf,1015,3344,SAT,2846,580639,3073,15,0.076951
/Users/okamu/.cache/gomisat/corpus/sat-parity/par16-4-c.cnf,324,1292,SAT,1817,198337,1948,13,0.033491
/Users/okamu/.cache/gomisat/corpus/sat-parity/par16-4.cnf,1015,3324,SAT,2588,587180,2879,15,0.079750
/Users/okamu/.cache/gomisat/corpus/sat-parity/par16-5-c.cnf,341,1360,SAT,3649,375101,3872,19,0.059929
/Users/okamu/.cache/gomisat/corpus/sat-parity/par16-5.cnf,1015,3358,SAT,5785,1299841,6176,30,0.152500
/Users/okamu/.cache/gomisat/corpus/sat-parity/par32-1-c.cnf,1315,5254,UNKNOWN,143403,52718248,162055,382,10.002084
/Users/okamu/.cache/gomisat/corpus/sat-parity/par32-1.cnf,3176,10277,UNKNOWN,86456,70301825,95664,254,10.002079
/Users/okamu/.cache/gomisat/corpus/sat-parity/par32-2-c.cnf,1303,5206,UNKNOWN,153820,44739047,169476,412,10.002033
/Users/okamu/.cache/gomisat/corpus/sat-parity/par32-2.cnf,3176,10253,UNKNOWN,101369,66194892,112469,255,10.002139
/Users/okamu/.cache/gomisat/corpus/sat-parity/par32-3-c.cnf,1325,5294,UNKNOWN,140144,43194716,155507,381,10.002127
/Users/okamu/.cache/gomisat/corpus/sat-parity/par32-3.cnf,3176,10297,UNKNOWN,99131,63438517,109991,255,10.000239
/Users/okamu/.cache/gomisat/corpus/sat-parity/par32-4-c.cnf,1333,5326,UNKNOWN,167553,48107772,187264,452,10.000628
/Users/okamu/.cache/gomisat/corpus/sat-parity/par32-4.cnf,3176,10313,UNKNOWN,104664,60582588,114802,269,10.002017
/Users/okamu/.cache/gomisat/corpus/sat-parity/par32-5-c.cnf,1339,5350,UNKNOWN,143053,55489864,157298,382,10.002067
/Users/okamu/.cache/gomisat/corpus/sat-parity/par32-5.cnf,3176,10325,UNKNOWN,98972,63246982,109416,255,10.001690
/Users/okamu/.cache/gomisat/corpus/sat-parity/par8-1-c.cnf,64,254,SAT,15,400,18,1,0.000102
/Users/okamu/.cache/gomisat/corpus/sat-parity/par8-1.cnf,350,1149,SAT,26,1960,36,1,0.000242
/Users/okamu/.cache/gomisat/corpus/sat-parity/par8-2-c.cnf,68,270,SAT,18,585,22,1,0.000106
/Users/okamu/.cache/gomisat/corpus/sat-parity/par8-2.cnf,350,1157,SAT,15,1260,25,1,0.000146
/Users/okamu/.cache/gomisat/corpus/sat-parity/par8-3-c.cnf,75,298,SAT,28,924,32,1,0.000165
/Users/okamu/.cache/gomisat/corpus/sat-parity/par8-3.cnf,350,1171,SAT,18,1221,34,1,0.000188
/Users/okamu/.cache/gomisat/corpus/sat-parity/par8-4-c.cnf,67,266,SAT,7,236,13,1,0.000049
/Users/okamu/.cache/gomisat/corpus/sat-parity/par8-4.cnf,350,1155,SAT,1,436,19,1,0.000044
/Users/okamu/.cache/gomisat/corpus/sat-parity/par8-5-c.cnf,75,298,SAT,22,703,25,1,0.000118
/Users/okamu/.cache/gomisat/corpus/sat-parity/par8-5.cnf,350,1171,SAT,9,812,25,1,0.000108
/Users/okamu/.cache/gomisat/corpus/sat-uf150-645/uf150-01.cnf,150,645,SAT,1061,35232,1287,7,0.008006
/Users/okamu/.cache/gomisat/corpus/sat-uf150-645/uf150-010.cnf,150,645,SAT,1246,39061,1576,8,0.009366
/Users/okamu/.cache/gomisat/corpus/sat-uf150-645/uf150-0100.cnf,150,645,SAT,1109,34225,1377,7,0.008193
/Users/okamu/.cache/gomisat/corpus/sat-uf150-645/uf150-011.cnf,150,645,SAT,142,4965,233,2,0.000953
/Users/okamu/.cache/gomisat/corpus/sat-uf150-645/uf150-012.cnf,150,645,SAT,1722,53458,2131,12,0.014107
/Users/okamu/.cache/gomisat/corpus/sat-uf150-645/uf150-013.cnf,150,645,SAT,543,17024,730,5,0.003543
/Users/okamu/.cache/gomisat/corpus/sat-uf150-645/uf150-014.cnf,150,645,SAT,1558,48694,1946,10,0.012403
/Users/okamu/.cache/gomisat/corpus/sat-uf150-645/uf150-015.cnf,150,645,SAT,2080,68545,2615,14,0.017253
/Users/okamu/.cache/gomisat/corpus/sat-uf150-645/uf150-016.cnf,150,645,SAT,1395,43552,1758,9,0.010750
/Users/okamu/.cache/gomisat/corpus/sat-uf150-645/uf150-017.cnf,150,645,SAT,73,2309,116,1,0.000475
/Users/okamu/.cache/gomisat/corpus/sat-uf150-645/uf150-018.cnf,150,645,SAT,556,18522,692,5,0.003913
/Users/okamu/.cache/gomisat/corpus/sat-uf150-645/uf150-019.cnf,150,645,SAT,1391,44153,1698,9,0.011110
/Users/okamu/.cache/gomisat/corpus/sat-uf150-645/uf150-02.cnf,150,645,SAT,3066,98998,3758,15,0.028539
/Users/okamu/.cache/gomisat/corpus/sat-uf150-645/uf150-020.cnf,150,645,SAT,236,7252,356,3,0.001489
/Users/okamu/.cache/gomisat/corpus/sat-uf150-645/uf150-021.cnf,150,645,SAT,501,14973,647,4,0.003279
/Users/okamu/.cache/gomisat/corpus/sat-uf150-645/uf150-022.cnf,150,645,SAT,383,12949,519,3,0.002651
/Users/okamu/.cache/gomisat/corpus/sat-uf150-645/uf150-023.cnf,150,645,SAT,1444,45132,1808,10,0.011139
/Users/okamu/.cache/gomisat/corpus/sat-uf150-645/uf150-024.cnf,150,645,SAT,516,16424,652,5,0.003726
/Users/okamu/.cache/gomisat/corpus/sat-uf150-645/uf150-025.cnf,150,645,SAT,631,18873,821,6,0.004145
/Users/okamu/.cache/gomisat/corpus/sat-uf150-645/uf150-026.cnf,150,645,SAT,1737,53189,2115,12,0.013066
/Users/okamu/.cache/gomisat/corpus/sat-uf150-645/uf150-027.cnf,150,645,SAT,1671,53158,2063,11,0.012690
/Users/okamu/.cache/gomisat/corpus/sat-uf150-645/uf150-028.cnf,150,645,SAT,595,19592,765,5,0.004024
/Users/okamu/.cache/gomisat/corpus/sat-uf150-645/uf150-029.cnf,150,645,SAT,464,15373,603,4,0.003231
/Users/okamu/.cache/gomisat/corpus/sat-uf150-645/uf150-03.cnf,150,645,SAT,4978,159526,6079,27,0.057196
/Users/okamu/.cache/gomisat/corpus/sat-uf150-645/uf150-030.cnf,150,645,SAT,52,1706,86,1,0.000352
/Users/okamu/.cache/gomisat/corpus/sat-uf150-645/uf150-031.cnf,150,645,SAT,3563,110641,4361,18,0.034280
/Users/okamu/.cache/gomisat/corpus/sat-uf150-645/uf150-032.cnf,150,645,SAT,153,4210,211,2,0.000997
/Users/okamu/.cache/gomisat/corpus/sat-uf150-645/uf150-033.cnf,150,645,SAT,1558,48785,1913,10,0.012132
/Users/okamu/.cache/gomisat/corpus/sat-uf150-645/uf150-034.cnf,150,645,SAT,1063,32772,1310,7,0.007762
/Users/okamu/.cache/gomisat/corpus/sat-uf150-645/uf150-035.cnf,150,645,SAT,1291,39630,1633,8,0.009330
/Users/okamu/.cache/gomisat/corpus/sat-uf150-645/uf150-036.cnf,150,645,SAT,1201,36162,1505,7,0.008833
/Users/okamu/.cache/gomisat/corpus/sat-uf150-645/uf150-037.cnf,150,645,SAT,295,9155,394,3,0.002108
/Users/okamu/.cache/gomisat/corpus/sat-uf150-645/uf150-038.cnf,150,645,SAT,407,12692,513,4,0.002695
/Users/okamu/.cache/gomisat/corpus/sat-uf150-645/uf150-039.cnf,150,645,SAT,157,5075,216,2,0.001029
/Users/okamu/.cache/gomisat/corpus/sat-uf150-645/uf150-04.cnf,150,645,SAT,474,15099,630,4,0.003349
/Users/okamu/.cache/gomisat/corpus/sat-uf150-645/uf150-040.cnf,150,645,SAT,654,19386,843,6,0.004362
/Users/okamu/.cache/gomisat/corpus/sat-uf150-645/uf150-041.cnf,150,645,SAT,1313,42489,1688,9,0.010032
/Users/okamu/.cache/gomisat/corpus/sat-uf150-645/uf150-042.cnf,150,645,SAT,482,16146,639,4,0.003554
/Users/okamu/.cache/gomisat/corpus/sat-uf150-645/uf150-043.cnf,150,645,SAT,798,25083,1046,6,0.005734
/Users/okamu/.cache/gomisat/corpus/sat-uf150-645/uf150-044.cnf,150,645,SAT,1451,43580,1839,10,0.011223
/Users/okamu/.cache/gomisat/corpus/sat-uf150-645/uf150-045.cnf,150,645,SAT,375,12065,506,3,0.002874
/Users/okamu/.cache/gomisat/corpus/sat-uf150-645/uf150-046.cnf,150,645,SAT,967,31623,1220,7,0.007009
/Users/okamu/.cache/gomisat/corpus/sat-uf150-645/uf150-047.cnf,150,645,SAT,47,1441,80,1,0.000321
/Users/okamu/.cache/gomisat/corpus/sat-uf150-645/uf150-048.cnf,150,645,SAT,92,3598,143,1,0.000691
/Users/okamu/.cache/gomisat/corpus/sat-uf150-645/uf150-049.cnf,150,645,SAT,3390,107483,4091,17,0.031778
/Users/okamu/.cache/gomisat/corpus/sat-uf150-645/uf150-05.cnf,150,645,SAT,1802,56127,2219,12,0.014403
/Users/okamu/.cache/gomisat/corpus/sat-uf150-645/uf150-050.cnf,150,645,SAT,1963,64905,2408,13,0.016716
/Users/okamu/.cache/gomisat/corpus/sat-uf150-645/uf150-051.cnf,150,645,SAT,513,16791,683,5,0.003648
/Users/okamu/.cache/gomisat/corpus/sat-uf150-645/uf150-052.cnf,150,645,SAT,165,4747,234,2,0.000977
/Users/okamu/.cache/gomisat/corpus/sat-uf150-645/uf150-053.cnf,150,645,SAT,985,30756,1224,7,0.007162
/Users/okamu/.cache/gomisat/corpus/sat-uf150-645/uf150-054.cnf,150,645,SAT,1538,48732,1869,10,0.012184
/Users/okamu/.cache/gomisat/corpus/sat-uf150-645/uf150-055.cnf,150,645,SAT,928,28757,1180,7,0.006772
/Users/okamu/.cache/gomisat/corpus/sat-uf150-645/uf150-056.cnf,150,645,SAT,1089,35644,1363,7,0.008531
/Users/okamu/.cache/gomisat/corpus/sat-uf150-645/uf150-057.cnf,150,645,SAT,664,21890,835,6,0.004885
/Users/okamu/.cache/gomisat/corpus/sat-uf150-645/uf150-058.cnf,150,645,SAT,181,5481,267,2,0.001147
/Users/okamu/.cache/gomisat/corpus/sat-uf150-645/uf150-059.cnf,150,645,SAT,921,29251,1173,7,0.006775
/Users/okamu/.cache/gomisat/corpus/sat-uf150-645/uf150-06.cnf,150,645,SAT,70,2424,113,1,0.000491
/Users/okamu/.cache/gomisat/corpus/sat-uf150-645/uf150-060.cnf,150,645,SAT,194,6401,282,2,0.001251
/Users/okamu/.cache/gomisat/corpus/sat-uf150-645/uf150-061.cnf,150,645,SAT,1082,35484,1342,7,0.008127
/Users/okamu/.cache/gomisat/corpus/sat-uf150-645/uf150-062.cnf,150,645,SAT,1844,56457,2251,13,0.015308
/Users/okamu/.cache/gomisat/corpus/sat-uf150-645/uf150-063.cnf,150,645,SAT,2804,87728,3410,15,0.026004
/Users/okamu/.cache/gomisat/corpus/sat-uf150-645/uf150-064.cnf,150,645,SAT,2074,66456,2525,14,0.018182
/Users/okamu/.cache/gomisat/corpus/sat-uf150-645/uf150-065.cnf,150,645,SAT,533,15748,679,5,0.003468
/Users/okamu/.cache/gomisat/corpus/sat-uf150-645/uf150-066.cnf,150,645,SAT,1995,63120,2445,13,0.016594
/Users/okamu/.cache/gomisat/corpus/sat-uf150-645/uf150-067.cnf,150,645,SAT,1966,63430,2399,13,0.015872
/Users/okamu/.cache/gomisat/corpus/sat-uf150-645/uf150-068.cnf,150,645,SAT,1251,39056,1545,8,0.009576
/Users/okamu/.cache/gomisat/corpus/sat-uf150-645/uf150-069.cnf,150,645,SAT,768,24699,965,6,0.005657
/Users/okamu/.cache/gomisat/corpus/sat-uf150-645/uf150-07.cnf,150,645,SAT,560,17171,706,5,0.003617
/Users/okamu/.cache/gomisat/corpus/sat-uf150-645/uf150-070.cnf,150,645,SAT,83,2431,133,1,0.000503
/Users/okamu/.cache/gomisat/corpus/sat-uf150-645/uf150-071.cnf,150,645,SAT,195,6657,259,2,0.001361
/Users/okamu/.cache/gomisat/corpus/sat-uf150-645/uf150-072.cnf,150,645,SAT,286,9789,378,3,0.001939
/Users/okamu/.cache/gomisat/corpus/sat-uf150-645/uf150-073.cnf,150,645,SAT,1575,49202,1961,10,0.012314
/Users/okamu/.cache/gomisat/corpus/sat-uf150-645/uf150-074.cnf,150,645,SAT,84,3188,143,1,0.000606
/Users/okamu/.cache/gomisat/corpus/sat-uf150-645/uf150-075.cnf,150,645,SAT,181,6010,240,2,0.001197
/Users/okamu/.cache/gomisat/corpus/sat-uf150-645/uf150-076.cnf,150,645,SAT,250,8129,320,3,0.001856
/Users/okamu/.cache/gomisat/corpus/sat-uf150-645/uf150-077.cnf,150,645,SAT,1404,45726,1761,9,0.011329
/Users/okamu/.cache/gomisat/corpus/sat-uf150-645/uf150-078.cnf,150,645,SAT,3142,102698,3828,15,0.029085
/Users/okamu/.cache/gomisat/corpus/sat-uf150-645/uf150-079.cnf,150,645,SAT,2661,88836,3267,15,0.023900
/Users/okamu/.cache/gomisat/corpus/sat-uf150-645/uf150-08.cnf,150,645,SAT,235,7958,341,3,0.001632
/Users/okamu/.cache/gomisat/corpus/sat-uf150-645/uf150-080.cnf,150,645,SAT,347,11783,452,3,0.002501
/Users/okamu/.cache/gomisat/corpus/sat-uf150-645/uf150-081.cnf,150,645,SAT,1511,48738,1829,10,0.012360
/Users/okamu/.cache/gomisat/corpus/sat-uf150-645/uf150-082.cnf,150,645,SAT,538,17900,703,5,0.003863
/Users/okamu/.cache/gomisat/corpus/sat-uf150-645/uf150-083.cnf,150,645,SAT,570,17577,795,5,0.003939
/Users/okamu/.cache/gomisat/corpus/sat-uf150-645/uf150-084.cnf,150,645,SAT,43,1517,80,1,0.000337
/Users/okamu/.cache/gomisat/corpus/sat-uf150-645/uf150-085.cnf,150,645,SAT,837,26945,1049,7,0.005949
/Users/okamu/.cache/gomisat/corpus/sat-uf150-645/uf150-086.cnf,150,645,SAT,756,24131,1014,6,0.005205
/Users/okamu/.cache/gomisat/corpus/sat-uf150-645/uf150-087.cnf,150,645,SAT,539,17745,732,5,0.003609
/Users/okamu/.cache/gomisat/corpus/sat-uf150-645/uf150-088.cnf,150,645,SAT,1881,58803,2279,13,0.015314
/Users/okamu/.cache/gomisat/corpus/sat-uf150-645/uf150-089.cnf,150,645,SAT,1354,43843,1722,9,0.010576
/Users/okamu/.cache/gomisat/corpus/sat-uf150-645/uf150-09.cnf,150,645,SAT,539,17875,682,5,0.003749
/Users/okamu/.cache/gomisat/corpus/sat-uf150-645/uf150-090.cnf,150,645,SAT,772,25832,1011,6,0.005376
/Users/okamu/.cache/gomisat/corpus/sat-uf150-645/uf150-091.cnf,150,645,SAT,3033,97473,3696,15,0.028643
/Users/okamu/.cache/gomisat/corpus/sat-uf150-645/uf150-092.cnf,150,645,SAT,2154,73368,2580,14,0.018771
/Users/okamu/.cache/gomisat/corpus/sat-uf150-645/uf150-093.cnf,150,645,SAT,229,7416,338,3,0.001653
/Users/okamu/.cache/gomisat/corpus/sat-uf150-645/uf150-094.cnf,150,645,SAT,1189,36051,1423,7,0.008697
/Users/okamu/.cache/gomisat/corpus/sat-uf150-645/uf150-095.cnf,150,645,SAT,1519,47132,1873,10,0.011440
/Users/okamu/.cache/gomisat/corpus/sat-uf150-645/uf150-096.cnf,150,645,SAT,2277,76210,2781,14,0.019682
/Users/okamu/.cache/gomisat/corpus/sat-uf150-645/uf150-097.cnf,150,645,SAT,919,29562,1199,7,0.006868
/Users/okamu/.cache/gomisat/corpus/sat-uf150-645/uf150-098.cnf,150,645,SAT,1599,51147,1954,10,0.013673
/Users/okamu/.cache/gomisat/corpus/sat-uf150-645/uf150-099.cnf,150,645,SAT,2517,79824,3058,15,0.021627
/Users/okamu/.cache/gomisat/corpus/sat-uf200-860/uf200-01.cnf,200,860,SAT,11600,446690,13959,49,0.165739
/Users/okamu/.cache/gomisat/corpus/sat-uf200-860/uf200-010.cnf,200,860,SAT,11593,429399,13975,49,0.165870
/Users/okamu/.cache/gomisat/corpus/sat-uf200-860/uf200-0100.cnf,200,860,SAT,19420,732337,23053,65,0.342757
/Users/okamu/.cache/gomisat/corpus/sat-uf200-860/uf200-011.cnf,200,860,SAT,1127,42857,1422,7,0.009403
/Users/okamu/.cache/gomisat/corpus/sat-uf200-860/uf200-012.cnf,200,860,SAT,659,26095,855,6,0.005689
/Users/okamu/.cache/gomisat/corpus/sat-uf200-860/uf200-013.cnf,200,860,SAT,4025,154441,5019,22,0.040986
/Users/okamu/.cache/gomisat/corpus/sat-uf200-860/uf200-014.cnf,200,860,SAT,1463,56761,1835,10,0.012811
/Users/okamu/.cache/gomisat/corpus/sat-uf200-860/uf200-015.cnf,200,860,SAT,8886,339973,10814,38,0.118069
/Users/okamu/.cache/gomisat/corpus/sat-uf200-860/uf200-016.cnf,200,860,SAT,11363,434986,13647,48,0.162091
/Users/okamu/.cache/gomisat/corpus/sat-uf200-860/uf200-017.cnf,200,860,SAT,5363,205399,6605,29,0.058287
/Users/okamu/.cache/gomisat/corpus/sat-uf200-860/uf200-018.cnf,200,860,SAT,4260,166235,5289,22,0.044546
/Users/okamu/.cache/gomisat/corpus/sat-uf200-860/uf200-019.cnf,200,860,SAT,11384,427120,14135,48,0.162333
/Users/okamu/.cache/gomisat/corpus/sat-uf200-860/uf200-02.cnf,200,860,SAT,6536,249166,7960,31,0.078315
/Users/okamu/.cache/gomisat/corpus/sat-uf200-860/uf200-020.cnf,200,860,SAT,2043,79920,2544,14,0.019660
/Users/okamu/.cache/gomisat/corpus/sat-uf200-860/uf200-021.cnf,200,860,SAT,6680,257247,8389,31,0.075335
/Users/okamu/.cache/gomisat/corpus/sat-uf200-860/uf200-022.cnf,200,860,SAT,8001,307402,9759,31,0.098504
/Users/okamu/.cache/gomisat/corpus/sat-uf200-860/uf200-023.cnf,200,860,SAT,16716,653371,20265,63,0.268683
/Users/okamu/.cache/gomisat/corpus/sat-uf200-860/uf200-024.cnf,200,860,SAT,15190,588301,18366,62,0.246004
/Users/okamu/.cache/gomisat/corpus/sat-uf200-860/uf200-025.cnf,200,860,SAT,6791,258713,8256,31,0.080876
/Users/okamu/.cache/gomisat/corpus/sat-uf200-860/uf200-026.cnf,200,860,SAT,7516,295952,9200,31,0.089738
/Users/okamu/.cache/gomisat/corpus/sat-uf200-860/uf200-027.cnf,200,860,SAT,31590,1230769,37599,116,0.675341
/Users/okamu/.cache/gomisat/corpus/sat-uf200-860/uf200-028.cnf,200,860,SAT,5739,224752,7143,30,0.065009
/Users/okamu/.cache/gomisat/corpus/sat-uf200-860/uf200-029.cnf,200,860,SAT,11217,418393,13431,46,0.157006
/Users/okamu/.cache/gomisat/corpus/sat-uf200-860/uf200-03.cnf,200,860,SAT,2782,110962,3584,15,0.027255
/Users/okamu/.cache/gomisat/corpus/sat-uf200-860/uf200-030.cnf,200,860,SAT,6175,242057,7575,30,0.072397
/Users/okamu/.cache/gomisat/corpus/sat-uf200-860/uf200-031.cnf,200,860,SAT,961,38253,1276,7,0.008389
/Users/okamu/.cache/gomisat/corpus/sat-uf200-860/uf200-032.cnf,200,860,SAT,1905,74756,2473,13,0.017449
/Users/okamu/.cache/gomisat/corpus/sat-uf200-860/uf200-033.cnf,200,860,SAT,6019,232812,7499,30,0.068685
/Users/okamu/.cache/gomisat/corpus/sat-uf200-860/uf200-034.cnf,200,860,SAT,524,20648,732,5,0.004532
/Users/okamu/.cache/gomisat/corpus/sat-uf200-860/uf200-035.cnf,200,860,SAT,13899,523934,16579,61,0.219633
/Users/okamu/.cache/gomisat/corpus/sat-uf200-860/uf200-036.cnf,200,860,SAT,7485,288074,8930,31,0.092590
/Users/okamu/.cache/gomisat/corpus/sat-uf200-860/uf200-037.cnf,200,860,SAT,3106,115572,3811,15,0.030712
/Users/okamu/.cache/gomisat/corpus/sat-uf200-860/uf200-038.cnf,200,860,SAT,3180,119953,3805,15,0.030914
/Users/okamu/.cache/gomisat/corpus/sat-uf200-860/uf200-039.cnf,200,860,SAT,21561,816573,25904,77,0.371609
/Users/okamu/.cache/gomisat/corpus/sat-uf200-860/uf200-04.cnf,200,860,SAT,18059,672620,21616,63,0.311957
/Users/okamu/.cache/gomisat/corpus/sat-uf200-860/uf200-040.cnf,200,860,SAT,9634,360048,11618,41,0.127236
/Users/okamu/.cache/gomisat/corpus/sat-uf200-860/uf200-041.cnf,200,860,SAT,4107,161617,5001,22,0.043231
/Users/okamu/.cache/gomisat/corpus/sat-uf200-860/uf200-042.cnf,200,860,SAT,22721,869113,27078,81,0.412189
/Users/okamu/.cache/gomisat/corpus/sat-uf200-860/uf200-043.cnf,200,860,SAT,9911,372127,12008,44,0.129407
/Users/okamu/.cache/gomisat/corpus/sat-uf200-860/uf200-044.cnf,200,860,SAT,4937,186942,6127,27,0.056681
/Users/okamu/.cache/gomisat/corpus/sat-uf200-860/uf200-045.cnf,200,860,SAT,2528,96519,3207,15,0.023970
/Users/okamu/.cache/gomisat/corpus/sat-uf200-860/uf200-046.cnf,200,860,SAT,6087,241558,7577,30,0.068663
/Users/okamu/.cache/gomisat/corpus/sat-uf200-860/uf200-047.cnf,200,860,SAT,8686,342506,10707,37,0.112172
/Users/okamu/.cache/gomisat/corpus/sat-uf200-860/uf200-048.cnf,200,860,SAT,3122,120034,3829,15,0.031603
/Users/okamu/.cache/gomisat/corpus/sat-uf200-860/uf200-049.cnf,200,860,SAT,15148,577221,18397,62,0.247119
/Users/okamu/.cache/gomisat/corpus/sat-uf200-860/uf200-05.cnf,200,860,SAT,2944,111814,3745,15,0.028945
/Users/okamu/.cache/gomisat/corpus/sat-uf200-860/uf200-050.cnf,200,860,SAT,5144,197209,6374,28,0.057213
/Users/okamu/.cache/gomisat/corpus/sat-uf200-860/uf200-051.cnf,200,860,SAT,185,7176,272,2,0.001412
/Users/okamu/.cache/gomisat/corpus/sat-uf200-860/uf200-052.cnf,200,860,SAT,19803,756935,23810,68,0.349631
/Users/okamu/.cache/gomisat/corpus/sat-uf200-860/uf200-053.cnf,200,860,SAT,5741,227185,6943,30,0.066223
/Users/okamu/.cache/gomisat/corpus/sat-uf200-860/uf200-054.cnf,200,860,SAT,6254,244101,7808,30,0.074559
/Users/okamu/.cache/gomisat/corpus/sat-uf200-860/uf200-055.cnf,200,860,SAT,12800,474349,15536,56,0.193730
/Users/okamu/.cache/gomisat/corpus/sat-uf200-860/uf200-056.cnf,200,860,SAT,7901,309435,9816,31,0.098070
/Users/okamu/.cache/gomisat/corpus/sat-uf200-860/uf200-057.cnf,200,860,SAT,4374,166951,5456,22,0.046323
/Users/okamu/.cache/gomisat/corpus/sat-uf200-860/uf200-058.cnf,200,860,SAT,14475,542484,17406,62,0.220691
/Users/okamu/.cache/gomisat/corpus/sat-uf200-860/uf200-059.cnf,200,860,SAT,14787,554065,17721,62,0.233530
/Users/okamu/.cache/gomisat/corpus/sat-uf200-860/uf200-06.cnf,200,860,SAT,9228,363202,11332,39,0.118537
/Users/okamu/.cache/gomisat/corpus/sat-uf200-860/uf200-060.cnf,200,860,SAT,10670,396270,12939,46,0.160591
/Users/okamu/.cache/gomisat/corpus/sat-uf200-860/uf200-061.cnf,200,860,SAT,1908,74688,2415,13,0.017588
/Users/okamu/.cache/gomisat/corpus/sat-uf200-860/uf200-062.cnf,200,860,SAT,3281,118126,4068,16,0.033850
/Users/okamu/.cache/gomisat/corpus/sat-uf200-860/uf200-063.cnf,200,860,SAT,22208,846018,26889,78,0.401550
/Users/okamu/.cache/gomisat/corpus/sat-uf200-860/uf200-064.cnf,200,860,SAT,1602,60433,2072,10,0.013880
/Users/okamu/.cache/gomisat/corpus/sat-uf200-860/uf200-065.cnf,200,860,SAT,4632,174412,5756,25,0.051780
/Users/okamu/.cache/gomisat/corpus/sat-uf200-860/uf200-066.cnf,200,860,SAT,5211,199411,6431,28,0.058001
/Users/okamu/.cache/gomisat/corpus/sat-uf200-860/uf200-067.cnf,200,860,SAT,2215,89865,2760,14,0.020959
/Users/okamu/.cache/gomisat/corpus/sat-uf200-860/uf200-068.cnf,200,860,SAT,15100,575080,18229,62,0.231368
/Users/okamu/.cache/gomisat/corpus/sat-uf200-860/uf200-069.cnf,200,860,SAT,2436,96578,3093,15,0.024160
/Users/okamu/.cache/gomisat/corpus/sat-uf200-860/uf200-07.cnf,200,860,SAT,3720,143144,4615,20,0.038801
/Users/okamu/.cache/gomisat/corpus/sat-uf200-860/uf200-070.cnf,200,860,SAT,2786,108826,3497,15,0.027960
/Users/okamu/.cache/gomisat/corpus/sat-uf200-860/uf200-071.cnf,200,860,SAT,5717,225301,7077,30,0.063176
/Users/okamu/.cache/gomisat/corpus/sat-uf200-860/uf200-072.cnf,200,860,SAT,4121,167592,5160,22,0.044113
/Users/okamu/.cache/gomisat/corpus/sat-uf200-860/uf200-073.cnf,200,860,SAT,5619,214601,6967,29,0.060869
/Users/okamu/.cache/gomisat/corpus/sat-uf200-860/uf200-074.cnf,200,860,SAT,9366,360847,11330,40,0.130180
/Users/okamu/.cache/gomisat/corpus/sat-uf200-860/uf200-075.cnf,200,860,SAT,1257,47949,1649,8,0.011010
/Users/okamu/.cache/gomisat/corpus/sat-uf200-860/uf200-076.cnf,200,860,SAT,2373,93046,2989,14,0.022873
/Users/okamu/.cache/gomisat/corpus/sat-uf200-860/uf200-077.cnf,200,860,SAT,7796,300798,9530,31,0.100733
/Users/okamu/.cache/gomisat/corpus/sat-uf200-860/uf200-078.cnf,200,860,SAT,2197,86215,2756,14,0.020860
/Users/okamu/.cache/gomisat/corpus/sat-uf200-860/uf200-079.cnf,200,860,SAT,2271,90326,2885,14,0.021287
/Users/okamu/.cache/gomisat/corpus/sat-uf200-860/uf200-08.cnf,200,860,SAT,1099,43238,1434,7,0.010149
/Users/okamu/.cache/gomisat/corpus/sat-uf200-860/uf200-080.cnf,200,860,SAT,563,22630,789,5,0.004655
/Users/okamu/.cache/gomisat/corpus/sat-uf200-860/uf200-081.cnf,200,860,SAT,3887,150920,4852,21,0.039613
/Users/okamu/.cache/gomisat/corpus/sat-uf200-860/uf200-082.cnf,200,860,SAT,5008,196687,6253,27,0.054621
/Users/okamu/.cache/gomisat/corpus/sat-uf200-860/uf200-083.cnf,200,860,SAT,3936,157112,4900,21,0.041903
/Users/okamu/.cache/gomisat/corpus/sat-uf200-860/uf200-084.cnf,200,860,SAT,571,21587,808,5,0.004616
/Users/okamu/.cache/gomisat/corpus/sat-uf200-860/uf200-085.cnf,200,860,SAT,348,13535,485,3,0.002736
/Users/okamu/.cache/gomisat/corpus/sat-uf200-860/uf200-086.cnf,200,860,SAT,10793,424178,13174,46,0.150505
/Users/okamu/.cache/gomisat/corpus/sat-uf200-860/uf200-087.cnf,200,860,SAT,23291,890332,27800,85,0.425423
/Users/okamu/.cache/gomisat/corpus/sat-uf200-860/uf200-088.cnf,200,860,SAT,10652,406350,12919,46,0.153272
/Users/okamu/.cache/gomisat/corpus/sat-uf200-860/uf200-089.cnf,200,860,SAT,7221,272364,8842,31,0.087031
/Users/okamu/.cache/gomisat/corpus/sat-uf200-860/uf200-09.cnf,200,860,SAT,7682,304387,9407,31,0.092240
/Users/okamu/.cache/gomisat/corpus/sat-uf200-860/uf200-090.cnf,200,860,SAT,8946,330815,10711,38,0.112611
/Users/okamu/.cache/gomisat/corpus/sat-uf200-860/uf200-091.cnf,200,860,SAT,8217,306981,10001,33,0.104661
/Users/okamu/.cache/gomisat/corpus/sat-uf200-860/uf200-092.cnf,200,860,SAT,9187,354046,11019,38,0.125608
/Users/okamu/.cache/gomisat/corpus/sat-uf200-860/uf200-093.cnf,200,860,SAT,3385,124967,4133,17,0.035710
/Users/okamu/.cache/gomisat/corpus/sat-uf200-860/uf200-094.cnf,200,860,SAT,7521,293069,9035,31,0.090928
/Users/okamu/.cache/gomisat/corpus/sat-uf200-860/uf200-095.cnf,200,860,SAT,17357,655826,21081,63,0.295727
/Users/okamu/.cache/gomisat/corpus/sat-uf200-860/uf200-096.cnf,200,860,SAT,4461,173487,5509,23,0.047510
/Users/okamu/.cache/gomisat/corpus/sat-uf200-860/uf200-097.cnf,200,860,SAT,9260,353828,11075,39,0.122823
/Users/okamu/.cache/gomisat/corpus/sat-uf200-860/uf200-098.cnf,200,860,SAT,1533,57757,1952,10,0.013769
/Users/okamu/.cache/gomisat/corpus/sat-uf200-860/uf200-099.cnf,200,860,SAT,21709,813910,25944,78,0.375188
/Users/okamu/.cache/gomisat/corpus/sat-uf225-960/uf225-01.cnf,225,960,SAT,25015,1070938,30565,93,0.492189
/Users/okamu/.cache/gomisat/corpus/sat-uf225-960/uf225-010.cnf,225,960,SAT,28363,1169664,34664,101,0.568103
/Users/okamu/.cache/gomisat/corpus/sat-uf225-960/uf225-0100.cnf,225,960,SAT,62112,2533991,74547,190,1.587169
/Users/okamu/.cache/gomisat/corpus/sat-uf225-960/uf225-011.cnf,225,960,SAT,21766,894470,26402,78,0.395370
/Users/okamu/.cache/gomisat/corpus/sat-uf225-960/uf225-012.cnf,225,960,SAT,38279,1573517,46199,126,0.825012
/Users/okamu/.cache/gomisat/corpus/sat-uf225-960/uf225-013.cnf,225,960,SAT,6335,267238,7898,30,0.074472
/Users/okamu/.cache/gomisat/corpus/sat-uf225-960/uf225-014.cnf,225,960,SAT,12902,525924,15693,57,0.183274
/Users/okamu/.cache/gomisat/corpus/sat-uf225-960/uf225-015.cnf,225,960,SAT,7980,341776,9844,31,0.100243
/Users/okamu/.cache/gomisat/corpus/sat-uf225-960/uf225-016.cnf,225,960,SAT,21202,915908,25380,76,0.337628
/Users/okamu/.cache/gomisat/corpus/sat-uf225-960/uf225-017.cnf,225,960,SAT,34058,1389852,41473,125,0.741470
/Users/okamu/.cache/gomisat/corpus/sat-uf225-960/uf225-018.cnf,225,960,SAT,186,7749,318,2,0.001574
/Users/okamu/.cache/gomisat/corpus/sat-uf225-960/uf225-019.cnf,225,960,SAT,3928,164160,4930,21,0.043580
/Users/okamu/.cache/gomisat/corpus/sat-uf225-960/uf225-02.cnf,225,960,SAT,1321,57568,1829,9,0.013135
/Users/okamu/.cache/gomisat/corpus/sat-uf225-960/uf225-020.cnf,225,960,SAT,11087,470663,13673,46,0.152411
/Users/okamu/.cache/gomisat/corpus/sat-uf225-960/uf225-021.cnf,225,960,SAT,2647,112143,3431,15,0.027042
/Users/okamu/.cache/gomisat/corpus/sat-uf225-960/uf225-022.cnf,225,960,SAT,19797,795957,23991,68,0.345751
/Users/okamu/.cache/gomisat/corpus/sat-uf225-960/uf225-023.cnf,225,960,SAT,3153,127412,3970,15,0.031716
/Users/okamu/.cache/gomisat/corpus/sat-uf225-960/uf225-024.cnf,225,960,SAT,20424,847830,24674,70,0.350703
/Users/okamu/.cache/gomisat/corpus/sat-uf225-960/uf225-025.cnf,225,960,SAT,24957,1065836,30227,93,0.467932
/Users/okamu/.cache/gomisat/corpus/sat-uf225-960/uf225-026.cnf,225,960,SAT,7809,317016,9678,31,0.098524
/Users/okamu/.cache/gomisat/corpus/sat-uf225-960/uf225-027.cnf,225,960,SAT,35815,1476139,42726,126,0.794873
/Users/okamu/.cache/gomisat/corpus/sat-uf225-960/uf225-028.cnf,225,960,SAT,8275,356430,10280,34,0.114842
/Users/okamu/.cache/gomisat/corpus/sat-uf225-960/uf225-029.cnf,225,960,SAT,4072,175256,5242,22,0.046831
/Users/okamu/.cache/gomisat/corpus/sat-uf225-960/uf225-03.cnf,225,960,SAT,58256,2397086,70056,187,1.679565
/Users/okamu/.cache/gomisat/corpus/sat-uf225-960/uf225-030.cnf,225,960,SAT,431,19623,595,4,0.004253
/Users/okamu/.cache/gomisat/corpus/sat-uf225-960/uf225-031.cnf,225,960,SAT,11610,486207,14170,49,0.166107
/Users/okamu/.cache/gomisat/corpus/sat-uf225-960/uf225-032.cnf,225,960,SAT,11067,454263,13749,46,0.155096
/Users/okamu/.cache/gomisat/corpus/sat-uf225-960/uf225-033.cnf,225,960,SAT,27505,1144820,32883,97,0.557930
/Users/okamu/.cache/gomisat/corpus/sat-uf225-960/uf225-034.cnf,225,960,SAT,1165,47723,1525,7,0.010664
/Users/okamu/.cache/gomisat/corpus/sat-uf225-960/uf225-035.cnf,225,960,SAT,7164,303974,8901,31,0.087536
/Users/okamu/.cache/gomisat/corpus/sat-uf225-960/uf225-036.cnf,225,960,SAT,1814,77121,2392,13,0.017991
/Users/okamu/.cache/gomisat/corpus/sat-uf225-960/uf225-037.cnf,225,960,SAT,3667,157466,4688,19,0.040023
/Users/okamu/.cache/gomisat/corpus/sat-uf225-960/uf225-038.cnf,225,960,SAT,36445,1524866,43336,126,0.754140
/Users/okamu/.cache/gomisat/corpus/sat-uf225-960/uf225-039.cnf,225,960,SAT,25651,1056424,30499,93,0.501075
/Users/okamu/.cache/gomisat/corpus/sat-uf225-960/uf225-04.cnf,225,960,SAT,26638,1090272,32168,94,0.522600
/Users/okamu/.cache/gomisat/corpus/sat-uf225-960/uf225-040.cnf,225,960,SAT,2765,119037,3548,15,0.030733
/Users/okamu/.cache/gomisat/corpus/sat-uf225-960/uf225-041.cnf,225,960,SAT,40542,1725051,48845,127,0.885743
/Users/okamu/.cache/gomisat/corpus/sat-uf225-960/uf225-042.cnf,225,960,SAT,13439,569194,16447,60,0.202424
/Users/okamu/.cache/gomisat/corpus/sat-uf225-960/uf225-043.cnf,225,960,SAT,29940,1231764,36086,109,0.636205
/Users/okamu/.cache/gomisat/corpus/sat-uf225-960/uf225-044.cnf,225,960,SAT,11694,493214,14437,50,0.163308
/Users/okamu/.cache/gomisat/corpus/sat-uf225-960/uf225-045.cnf,225,960,SAT,4436,186763,5609,23,0.048795
/Users/okamu/.cache/gomisat/corpus/sat-uf225-960/uf225-046.cnf,225,960,SAT,47771,1987586,57680,142,1.082391
/Users/okamu/.cache/gomisat/corpus/sat-uf225-960/uf225-047.cnf,225,960,SAT,61290,2443257,72725,190,1.577209
/Users/okamu/.cache/gomisat/corpus/sat-uf225-960/uf225-048.cnf,225,960,SAT,61457,2563457,74552,190,1.549657
/Users/okamu/.cache/gomisat/corpus/sat-uf225-960/uf225-049.cnf,225,960,SAT,35653,1455856,42594,126,0.808060
/Users/okamu/.cache/gomisat/corpus/sat-uf225-960/uf225-05.cnf,225,960,SAT,10064,432906,12547,45,0.138594
/Users/okamu/.cache/gomisat/corpus/sat-uf225-960/uf225-050.cnf,225,960,SAT,6937,284453,8859,31,0.085357
/Users/okamu/.cache/gomisat/corpus/sat-uf225-960/uf225-051.cnf,225,960,SAT,8000,339662,9870,31,0.101600
/Users/okamu/.cache/gomisat/corpus/sat-uf225-960/uf225-052.cnf,225,960,SAT,5402,225691,6827,29,0.060937
/Users/okamu/.cache/gomisat/corpus/sat-uf225-960/uf225-053.cnf,225,960,SAT,40973,1695192,49316,127,0.946724
/Users/okamu/.cache/gomisat/corpus/sat-uf225-960/uf225-054.cnf,225,960,SAT,44650,1876632,53002,127,1.012907
/Users/okamu/.cache/gomisat/corpus/sat-uf225-960/uf225-055.cnf,225,960,SAT,8093,335095,9962,32,0.100141
/Users/okamu/.cache/gomisat/corpus/sat-uf225-960/uf225-056.cnf,225,960,SAT,54104,2184786,63826,165,1.325888
/Users/okamu/.cache/gomisat/corpus/sat-uf225-960/uf225-057.cnf,225,960,SAT,43781,1766438,52733,127,1.025429
/Users/okamu/.cache/gomisat/corpus/sat-uf225-960/uf225-058.cnf,225,960,SAT,5804,247072,7160,30,0.067296
/Users/okamu/.cache/gomisat/corpus/sat-uf225-960/uf225-059.cnf,225,960,SAT,36647,1492588,43868,126,0.816439
/Users/okamu/.cache/gomisat/corpus/sat-uf225-960/uf225-06.cnf,225,960,SAT,72099,2907262,85819,221,1.901839
/Users/okamu/.cache/gomisat/corpus/sat-uf225-960/uf225-060.cnf,225,960,SAT,15993,673901,19830,62,0.243180
/Users/okamu/.cache/gomisat/corpus/sat-uf225-960/uf225-061.cnf,225,960,SAT,36770,1519070,44078,126,0.775878
/Users/okamu/.cache/gomisat/corpus/sat-uf225-960/uf225-062.cnf,225,960,SAT,9578,397596,11776,41,0.131105
/Users/okamu/.cache/gomisat/corpus/sat-uf225-960/uf225-063.cnf,225,960,SAT,17313,734284,21069,63,0.278265
/Users/okamu/.cache/gomisat/corpus/sat-uf225-960/uf225-064.cnf,225,960,SAT,5335,220894,6692,29,0.061010
/Users/okamu/.cache/gomisat/corpus/sat-uf225-960/uf225-065.cnf,225,960,SAT,77280,3076973,91676,249,2.145577
/Users/okamu/.cache/gomisat/corpus/sat-uf225-960/uf225-066.cnf,225,960,SAT,22731,952589,27556,81,0.419159
/Users/okamu/.cache/gomisat/corpus/sat-uf225-960/uf225-067.cnf,225,960,SAT,12203,519429,14826,53,0.173589
/Users/okamu/.cache/gomisat/corpus/sat-uf225-960/uf225-068.cnf,225,960,SAT,23596,992519,28798,85,0.430704
/Users/okamu/.cache/gomisat/corpus/sat-uf225-960/uf225-069.cnf,225,960,SAT,7452,310682,9163,31,0.096502
/Users/okamu/.cache/gomisat/corpus/sat-uf225-960/uf225-07.cnf,225,960,SAT,8328,343280,10257,34,0.109086
/Users/okamu/.cache/gomisat/corpus/sat-uf225-960/uf225-070.cnf,225,960,SAT,7180,301038,8939,31,0.085036
/Users/okamu/.cache/gomisat/corpus/sat-uf225-960/uf225-071.cnf,225,960,SAT,1550,66271,2039,10,0.015098
/Users/okamu/.cache/gomisat/corpus/sat-uf225-960/uf225-072.cnf,225,960,SAT,14738,614862,18071,62,0.224301
/Users/okamu/.cache/gomisat/corpus/sat-uf225-960/uf225-073.cnf,225,960,SAT,38077,1566599,45818,126,0.864337
/Users/okamu/.cache/gomisat/corpus/sat-uf225-960/uf225-074.cnf,225,960,SAT,3413,141461,4412,18,0.034343
/Users/okamu/.cache/gomisat/corpus/sat-uf225-960/uf225-075.cnf,225,960,SAT,44347,1829313,53580,127,0.981191
/Users/okamu/.cache/gomisat/corpus/sat-uf225-960/uf225-076.cnf,225,960,SAT,94334,3800585,111811,255,2.683572
/Users/okamu/.cache/gomisat/corpus/sat-uf225-960/uf225-077.cnf,225,960,SAT,22442,946647,26776,78,0.409374
/Users/okamu/.cache/gomisat/corpus/sat-uf225-960/uf225-078.cnf,225,960,SAT,26812,1106552,33000,94,0.516048
/Users/okamu/.cache/gomisat/corpus/sat-uf225-960/uf225-079.cnf,225,960,SAT,2938,125611,3718,15,0.030149
/Users/okamu/.cache/gomisat/corpus/sat-uf225-960/uf225-08.cnf,225,960,SAT,59566,2418971,70434,189,1.577539
/Users/okamu/.cache/gomisat/corpus/sat-uf225-960/uf225-080.cnf,225,960,SAT,915,39606,1217,7,0.008364
/Users/okamu/.cache/gomisat/corpus/sat-uf225-960/uf225-081.cnf,225,960,SAT,2981,124578,3722,15,0.030031
/Users/okamu/.cache/gomisat/corpus/sat-uf225-960/uf225-082.cnf,225,960,SAT,2742,118889,3451,15,0.028338
/Users/okamu/.cache/gomisat/corpus/sat-uf225-960/uf225-083.cnf,225,960,SAT,6714,291482,8299,31,0.080878
/Users/okamu/.cache/gomisat/corpus/sat-uf225-960/uf225-084.cnf,225,960,SAT,48800,2045251,58245,148,1.126110
/Users/okamu/.cache/gomisat/corpus/sat-uf225-960/uf225-085.cnf,225,960,SAT,21563,881267,25927,77,0.363108
/Users/okamu/.cache/gomisat/corpus/sat-uf225-960/uf225-086.cnf,225,960,SAT,4187,180825,5325,22,0.046400
/Users/okamu/.cache/gomisat/corpus/sat-uf225-960/uf225-087.cnf,225,960,SAT,6112,263372,7789,30,0.071569
/Users/okamu/.cache/gomisat/corpus/sat-uf225-960/uf225-088.cnf,225,960,SAT,2826,117193,3609,15,0.027664
/Users/okamu/.cache/gomisat/corpus/sat-uf225-960/uf225-089.cnf,225,960,SAT,6505,270230,8078,31,0.078301
/Users/okamu/.cache/gomisat/corpus/sat-uf225-960/uf225-09.cnf,225,960,SAT,58202,2377955,68497,187,1.469871
/Users/okamu/.cache/gomisat/corpus/sat-uf225-960/uf225-090.cnf,225,960,SAT,29526,1218229,35396,108,0.585993
/Users/okamu/.cache/gomisat/corpus/sat-uf225-960/uf225-091.cnf,225,960,SAT,29706,1189710,35817,109,0.627211
/Users/okamu/.cache/gomisat/corpus/sat-uf225-960/uf225-092.cnf,225,960,SAT,1396,59276,1822,9,0.013208
/Users/okamu/.cache/gomisat/corpus/sat-uf225-960/uf225-093.cnf,225,960,SAT,15195,614559,18472,62,0.229587
/Users/okamu/.cache/gomisat/corpus/sat-uf225-960/uf225-094.cnf,225,960,SAT,24413,1020629,29596,91,0.447422
/Users/okamu/.cache/gomisat/corpus/sat-uf225-960/uf225-095.cnf,225,960,SAT,40395,1617814,48557,127,0.942860
/Users/okamu/.cache/gomisat/corpus/sat-uf225-960/uf225-096.cnf,225,960,SAT,22313,918370,27097,78,0.403681
/Users/okamu/.cache/gomisat/corpus/sat-uf225-960/uf225-097.cnf,225,960,SAT,18534,742022,22179,63,0.302369
/Users/okamu/.cache/gomisat/corpus/sat-uf225-960/uf225-098.cnf,225,960,SAT,2880,120136,3569,15,0.029849
/Users/okamu/.cache/gomisat/corpus/sat-uf225-960/uf225-099.cnf,225,960,SAT,359,15336,503,3,0.003353
/Users/okamu/.cache/gomisat/corpus/sat-uf250-1065/uf250-01.cnf,250,1065,SAT,33630,1537359,41226,124,0.699591
/Users/okamu/.cache/gomisat/corpus/sat-uf250-1065/uf250-010.cnf,250,1065,SAT,10519,483308,13112,46,0.138421
/Users/okamu/.cache/gomisat/corpus/sat-uf250-1065/uf250-0100.cnf,250,1065,SAT,3465,158777,4518,18,0.037886
/Users/okamu/.cache/gomisat/corpus/sat-uf250-1065/uf250-011.cnf,250,1065,SAT,224186,9728807,264937,511,6.949053
/Users/okamu/.cache/gomisat/corpus/sat-uf250-1065/uf250-012.cnf,250,1065,SAT,48815,2123307,58775,148,1.112929
/Users/okamu/.cache/gomisat/corpus/sat-uf250-1065/uf250-013.cnf,250,1065,SAT,20780,932441,25421,73,0.365459
/Users/okamu/.cache/gomisat/corpus/sat-uf250-1065/uf250-014.cnf,250,1065,SAT,34987,1542800,42698,125,0.719754
/Users/okamu/.cache/gomisat/corpus/sat-uf250-1065/uf250-015.cnf,250,1065,SAT,17093,788104,21321,63,0.266760
/Users/okamu/.cache/gomisat/corpus/sat-uf250-1065/uf250-016.cnf,250,1065,SAT,17602,779789,21826,63,0.279429
/Users/okamu/.cache/gomisat/corpus/sat-uf250-1065/uf250-017.cnf,250,1065,SAT,72850,3100677,86537,227,1.947937
/Users/okamu/.cache/gomisat/corpus/sat-uf250-1065/uf250-018.cnf,250,1065,SAT,51392,2297276,61988,158,1.175682
/Users/okamu/.cache/gomisat/corpus/sat-uf250-1065/uf250-019.cnf,250,1065,SAT,7166,326410,9060,31,0.088533
/Users/okamu/.cache/gomisat/corpus/sat-uf250-1065/uf250-02.cnf,250,1065,SAT,167870,7056975,197811,452,5.312527
/Users/okamu/.cache/gomisat/corpus/sat-uf250-1065/uf250-020.cnf,250,1065,SAT,80876,3444690,96014,253,2.225485
/Users/okamu/.cache/gomisat/corpus/sat-uf250-1065/uf250-021.cnf,250,1065,SAT,394,18737,611,3,0.003775
/Users/okamu/.cache/gomisat/corpus/sat-uf250-1065/uf250-022.cnf,250,1065,SAT,39812,1745006,48775,127,0.856021
/Users/okamu/.cache/gomisat/corpus/sat-uf250-1065/uf250-023.cnf,250,1065,SAT,17013,770668,21039,63,0.268171
/Users/okamu/.cache/gomisat/corpus/sat-uf250-1065/uf250-024.cnf,250,1065,SAT,152859,6506730,181322,411,4.599284
/Users/okamu/.cache/gomisat/corpus/sat-uf250-1065/uf250-025.cnf,250,1065,SAT,7625,349160,9490,31,0.095124
/Users/okamu/.cache/gomisat/corpus/sat-uf250-1065/uf250-026.cnf,250,1065,SAT,108131,4600436,128244,284,3.060325
/Users/okamu/.cache/gomisat/corpus/sat-uf250-1065/uf250-027.cnf,250,1065,SAT,67002,2895022,80224,205,1.861800
/Users/okamu/.cache/gomisat/corpus/sat-uf250-1065/uf250-028.cnf,250,1065,SAT,43478,1968577,52787,127,1.005666
/Users/okamu/.cache/gomisat/corpus/sat-uf250-1065/uf250-029.cnf,250,1065,SAT,139908,5980432,167605,381,4.167982
/Users/okamu/.cache/gomisat/corpus/sat-uf250-1065/uf250-03.cnf,250,1065,SAT,76605,3353105,91864,244,1.996401
/Users/okamu/.cache/gomisat/corpus/sat-uf250-1065/uf250-030.cnf,250,1065,SAT,51386,2272101,61822,158,1.242993
/Users/okamu/.cache/gomisat/corpus/sat-uf250-1065/uf250-031.cnf,250,1065,SAT,88307,3897623,106145,254,2.291655
/Users/okamu/.cache/gomisat/corpus/sat-uf250-1065/uf250-032.cnf,250,1065,SAT,143600,6127416,171291,382,4.303848
/Users/okamu/.cache/gomisat/corpus/sat-uf250-1065/uf250-033.cnf,250,1065,SAT,27039,1253803,33567,94,0.498915
/Users/okamu/.cache/gomisat/corpus/sat-uf250-1065/uf250-034.cnf,250,1065,SAT,104492,4490341,124827,268,2.871741
/Users/okamu/.cache/gomisat/corpus/sat-uf250-1065/uf250-035.cnf,250,1065,SAT,2309,102820,3037,14,0.023905
/Users/okamu/.cache/gomisat/corpus/sat-uf250-1065/uf250-036.cnf,250,1065,SAT,119667,5064098,142721,318,3.436294
/Users/okamu/.cache/gomisat/corpus/sat-uf250-1065/uf250-037.cnf,250,1065,SAT,5451,250980,7151,29,0.063829
/Users/okamu/.cache/gomisat/corpus/sat-uf250-1065/uf250-038.cnf,250,1065,SAT,219569,9368873,259408,511,6.959524
/Users/okamu/.cache/gomisat/corpus/sat-uf250-1065/uf250-039.cnf,250,1065,SAT,45774,2023729,55241,134,0.996374
/Users/okamu/.cache/gomisat/corpus/sat-uf250-1065/uf250-04.cnf,250,1065,SAT,3842,172184,4982,21,0.041234
/Users/okamu/.cache/gomisat/corpus/sat-uf250-1065/uf250-040.cnf,250,1065,SAT,43420,1880887,51697,127,0.917266
/Users/okamu/.cache/gomisat/corpus/sat-uf250-1065/uf250-041.cnf,250,1065,SAT,52677,2251379,62908,158,1.358680
/Users/okamu/.cache/gomisat/corpus/sat-uf250-1065/uf250-042.cnf,250,1065,SAT,12700,562993,15984,56,0.184259
/Users/okamu/.cache/gomisat/corpus/sat-uf250-1065/uf250-043.cnf,250,1065,SAT,95608,4116639,112963,255,2.981794
/Users/okamu/.cache/gomisat/corpus/sat-uf250-1065/uf250-044.cnf,250,1065,SAT,1831,87160,2475,13,0.019425
/Users/okamu/.cache/gomisat/corpus/sat-uf250-1065/uf250-045.cnf,250,1065,SAT,53530,2315159,64208,163,1.303577
/Users/okamu/.cache/gomisat/corpus/sat-uf250-1065/uf250-046.cnf,250,1065,SAT,86437,3860624,102844,254,2.327726
/Users/okamu/.cache/gomisat/corpus/sat-uf250-1065/uf250-047.cnf,250,1065,SAT,79909,3507326,95814,252,2.137909
/Users/okamu/.cache/gomisat/corpus/sat-uf250-1065/uf250-048.cnf,250,1065,SAT,31416,1404712,38607,116,0.652369
/Users/okamu/.cache/gomisat/corpus/sat-uf250-1065/uf250-049.cnf,250,1065,SAT,6664,296081,8416,31,0.081680
/Users/okamu/.cache/gomisat/corpus/sat-uf250-1065/uf250-05.cnf,250,1065,SAT,84271,3647378,100814,254,2.176298
/Users/okamu/.cache/gomisat/corpus/sat-uf250-1065/uf250-050.cnf,250,1065,SAT,42627,1886772,50872,127,0.978159
/Users/okamu/.cache/gomisat/corpus/sat-uf250-1065/uf250-051.cnf,250,1065,SAT,136681,5818597,161789,380,4.180731
/Users/okamu/.cache/gomisat/corpus/sat-uf250-1065/uf250-052.cnf,250,1065,SAT,98021,4106796,116597,255,2.912563
/Users/okamu/.cache/gomisat/corpus/sat-uf250-1065/uf250-053.cnf,250,1065,SAT,79443,3428258,94443,252,2.257183
/Users/okamu/.cache/gomisat/corpus/sat-uf250-1065/uf250-054.cnf,250,1065,SAT,80039,3530904,94978,252,2.159134
/Users/okamu/.cache/gomisat/corpus/sat-uf250-1065/uf250-055.cnf,250,1065,SAT,56622,2548807,68910,177,1.378619
/Users/okamu/.cache/gomisat/corpus/sat-uf250-1065/uf250-056.cnf,250,1065,SAT,19729,908317,24655,67,0.332968
/Users/okamu/.cache/gomisat/corpus/sat-uf250-1065/uf250-057.cnf,250,1065,SAT,47497,2068388,57393,142,1.105551
/Users/okamu/.cache/gomisat/corpus/sat-uf250-1065/uf250-058.cnf,250,1065,SAT,38712,1729631,47152,127,0.791196
/Users/okamu/.cache/gomisat/corpus/sat-uf250-1065/uf250-059.cnf,250,1065,SAT,36019,1552784,43608,126,0.767401
/Users/okamu/.cache/gomisat/corpus/sat-uf250-1065/uf250-06.cnf,250,1065,SAT,20055,898482,24689,70,0.336063
/Users/okamu/.cache/gomisat/corpus/sat-uf250-1065/uf250-060.cnf,250,1065,SAT,59944,2573874,71736,189,1.492206
/Users/okamu/.cache/gomisat/corpus/sat-uf250-1065/uf250-061.cnf,250,1065,SAT,26731,1196184,32933,94,0.499506
/Users/okamu/.cache/gomisat/corpus/sat-uf250-1065/uf250-062.cnf,250,1065,SAT,4682,211193,6004,25,0.052855
/Users/okamu/.cache/gomisat/corpus/sat-uf250-1065/uf250-063.cnf,250,1065,SAT,44745,1959557,54118,127,0.997832
/Users/okamu/.cache/gomisat/corpus/sat-uf250-1065/uf250-064.cnf,250,1065,SAT,15373,689028,18910,62,0.241673
/Users/okamu/.cache/gomisat/corpus/sat-uf250-1065/uf250-065.cnf,250,1065,SAT,11637,528658,14651,49,0.161926
/Users/okamu/.cache/gomisat/corpus/sat-uf250-1065/uf250-066.cnf,250,1065,SAT,12485,558603,15786,54,0.175577
/Users/okamu/.cache/gomisat/corpus/sat-uf250-1065/uf250-067.cnf,250,1065,SAT,38673,1674855,46662,127,0.802112
/Users/okamu/.cache/gomisat/corpus/sat-uf250-1065/uf250-068.cnf,250,1065,SAT,48918,2194503,59289,149,1.177826
/Users/okamu/.cache/gomisat/corpus/sat-uf250-1065/uf250-069.cnf,250,1065,SAT,146489,6381526,174950,382,4.544249
/Users/okamu/.cache/gomisat/corpus/sat-uf250-1065/uf250-07.cnf,250,1065,SAT,175332,7453959,207810,481,5.412966
/Users/okamu/.cache/gomisat/corpus/sat-uf250-1065/uf250-070.cnf,250,1065,SAT,92720,3913416,110304,255,2.588477
/Users/okamu/.cache/gomisat/corpus/sat-uf250-1065/uf250-071.cnf,250,1065,SAT,116537,5084169,137967,316,3.149787
/Users/okamu/.cache/gomisat/corpus/sat-uf250-1065/uf250-072.cnf,250,1065,SAT,101923,4458294,119724,255,2.689019
/Users/okamu/.cache/gomisat/corpus/sat-uf250-1065/uf250-073.cnf,250,1065,SAT,1563,69365,2087,10,0.015391
/Users/okamu/.cache/gomisat/corpus/sat-uf250-1065/uf250-074.cnf,250,1065,SAT,107043,4702947,127777,278,3.099059
/Users/okamu/.cache/gomisat/corpus/sat-uf250-1065/uf250-075.cnf,250,1065,SAT,28595,1284889,34732,103,0.545688
/Users/okamu/.cache/gomisat/corpus/sat-uf250-1065/uf250-076.cnf,250,1065,SAT,81722,3551803,98763,253,2.065599
/Users/okamu/.cache/gomisat/corpus/sat-uf250-1065/uf250-077.cnf,250,1065,SAT,59414,2558306,71119,189,1.496927
/Users/okamu/.cache/gomisat/corpus/sat-uf250-1065/uf250-078.cnf,250,1065,SAT,28924,1287743,35466,105,0.564709
/Users/okamu/.cache/gomisat/corpus/sat-uf250-1065/uf250-079.cnf,250,1065,SAT,44298,1984190,53723,127,1.015272
/Users/okamu/.cache/gomisat/corpus/sat-uf250-1065/uf250-08.cnf,250,1065,SAT,8177,382375,10421,33,0.101298
/Users/okamu/.cache/gomisat/corpus/sat-uf250-1065/uf250-080.cnf,250,1065,SAT,57510,2559793,69618,182,1.352098
/Users/okamu/.cache/gomisat/corpus/sat-uf250-1065/uf250-081.cnf,250,1065,SAT,89122,3875929,106426,254,2.616873
/Users/okamu/.cache/gomisat/corpus/sat-uf250-1065/uf250-082.cnf,250,1065,SAT,64746,2839043,77690,195,1.607322
/Users/okamu/.cache/gomisat/corpus/sat-uf250-1065/uf250-083.cnf,250,1065,SAT,104,4956,209,2,0.000977
/Users/okamu/.cache/gomisat/corpus/sat-uf250-1065/uf250-084.cnf,250,1065,SAT,39317,1768956,48265,127,0.870350
/Users/okamu/.cache/gomisat/corpus/sat-uf250-1065/uf250-085.cnf,250,1065,SAT,37008,1671759,44502,126,0.821199
/Users/okamu/.cache/gomisat/corpus/sat-uf250-1065/uf250-086.cnf,250,1065,SAT,52158,2297181,63282,158,1.207530
/Users/okamu/.cache/gomisat/corpus/sat-uf250-1065/uf250-087.cnf,250,1065,SAT,80510,3479385,97351,253,2.145023
/Users/okamu/.cache/gomisat/corpus/sat-uf250-1065/uf250-088.cnf,250,1065,SAT,2505,112586,3264,15,0.026367
/Users/okamu/.cache/gomisat/corpus/sat-uf250-1065/uf250-089.cnf,250,1065,SAT,93297,4146273,111506,255,2.524871
/Users/okamu/.cache/gomisat/corpus/sat-uf250-1065/uf250-09.cnf,250,1065,SAT,25852,1178788,31502,94,0.475054
/Users/okamu/.cache/gomisat/corpus/sat-uf250-1065/uf250-090.cnf,250,1065,SAT,67465,2962077,80509,206,1.689357
/Users/okamu/.cache/gomisat/corpus/sat-uf250-1065/uf250-091.cnf,250,1065,SAT,2840,130329,3666,15,0.030190
/Users/okamu/.cache/gomisat/corpus/sat-uf250-1065/uf250-092.cnf,250,1065,SAT,31749,1357532,38572,117,0.641838
/Users/okamu/.cache/gomisat/corpus/sat-uf250-1065/uf250-093.cnf,250,1065,SAT,80282,3535946,96108,253,2.138920
/Users/okamu/.cache/gomisat/corpus/sat-uf250-1065/uf250-094.cnf,250,1065,SAT,108382,4772465,128661,285,3.157515
/Users/okamu/.cache/gomisat/corpus/sat-uf250-1065/uf250-095.cnf,250,1065,SAT,21806,976049,26679,78,0.383294
/Users/okamu/.cache/gomisat/corpus/sat-uf250-1065/uf250-096.cnf,250,1065,SAT,66748,2918525,80442,205,1.724733
/Users/okamu/.cache/gomisat/corpus/sat-uf250-1065/uf250-097.cnf,250,1065,SAT,51108,2226956,60984,157,1.173363
/Users/okamu/.cache/gomisat/corpus/sat-uf250-1065/uf250-098.cnf,250,1065,SAT,16548,735471,20416,63,0.253122
/Users/okamu/.cache/gomisat/corpus/sat-uf250-1065/uf250-099.cnf,250,1065,SAT,142802,6203522,169490,382,4.397403
/Users/okamu/.cache/gomisat/corpus/unsat-bf/bf0432-007.cnf,1040,3668,UNSAT,325,54685,897,3,0.005357
/Users/okamu/.cache/gomisat/corpus/unsat-bf/bf1355-075.cnf,2180,6778,UNSAT,21,3839,222,1,0.000683
/Users/okamu/.cache/gomisat/corpus/unsat-bf/bf1355-638.cnf,2177,6768,UNSAT,44,8349,449,1,0.000636
/Users/okamu/.cache/gomisat/corpus/unsat-bf/bf2670-001.cnf,1393,3434,UNSAT,25,4150,339,1,0.000314
/Users/okamu/.cache/gomisat/corpus/unsat-pigeon-hole/hole10.cnf,110,561,UNKNOWN,695988,10905243,918785,1531,10.001246
/Users/okamu/.cache/gomisat/corpus/unsat-pigeon-hole/hole6.cnf,42,133,UNSAT,777,10203,944,6,0.004208
/Users/okamu/.cache/gomisat/corpus/unsat-pigeon-hole/hole7.cnf,56,204,UNSAT,13989,196308,16892,61,0.134979
/Users/okamu/.cache/gomisat/corpus/unsat-pigeon-hole/hole8.cnf,72,297,UNSAT,97102,1276429,118835,255,1.161232
/Users/okamu/.cache/gomisat/corpus/unsat-pigeon-hole/hole9.cnf,90,415,UNKNOWN,606018,8956179,750998,1278,10.002058
/Users/okamu/.cache/gomisat/corpus/unsat-pret/pret150_25.cnf,150,400,UNSAT,462,7588,1991,4,0.001619
/Users/okamu/.cache/gomisat/corpus/unsat-pret/pret150_40.cnf,150,400,UNSAT,462,7588,1991,4,0.001617
/Users/okamu/.cache/gomisat/corpus/unsat-pret/pret150_60.cnf,150,400,UNSAT,462,7588,1991,4,0.001660
/Users/okamu/.cache/gomisat/corpus/unsat-pret/pret150_75.cnf,150,400,UNSAT,462,7588,1991,4,0.001607
/Users/okamu/.cache/gomisat/corpus/unsat-pret/pret60_25.cnf,60,160,UNSAT,460,5889,642,4,0.001536
/Users/okamu/.cache/gomisat/corpus/unsat-pret/pret60_40.cnf,60,160,UNSAT,460,5889,642,4,0.001588
/Users/okamu/.cache/gomisat/corpus/unsat-pret/pret60_60.cnf,60,160,UNSAT,460,5889,642,4,0.001546
/Users/okamu/.cache/gomisat/corpus/unsat-pret/pret60_75.cnf,60,160,UNSAT,460,5889,642,4,0.001525
/Users/okamu/.cache/gomisat/corpus/unsat-uuf150-645/uuf150-01.cnf,150,645,UNSAT,2676,84112,3246,15,0.022711
/Users/okamu/.cache/gomisat/corpus/unsat-uuf150-645/uuf150-010.cnf,150,645,UNSAT,1752,53029,2120,12,0.013265
/Users/okamu/.cache/gomisat/corpus/unsat-uuf150-645/uuf150-0100.cnf,150,645,UNSAT,3599,113802,4236,18,0.033842
/Users/okamu/.cache/gomisat/corpus/unsat-uuf150-645/uuf150-011.cnf,150,645,UNSAT,2238,71035,2666,14,0.018966
/Users/okamu/.cache/gomisat/corpus/unsat-uuf150-645/uuf150-012.cnf,150,645,UNSAT,3558,109036,4231,18,0.035827
/Users/okamu/.cache/gomisat/corpus/unsat-uuf150-645/uuf150-013.cnf,150,645,UNSAT,1955,58765,2312,13,0.016280
/Users/okamu/.cache/gomisat/corpus/unsat-uuf150-645/uuf150-014.cnf,150,645,UNSAT,3126,99771,3759,15,0.029485
/Users/okamu/.cache/gomisat/corpus/unsat-uuf150-645/uuf150-015.cnf,150,645,UNSAT,4650,140652,5554,25,0.050645
/Users/okamu/.cache/gomisat/corpus/unsat-uuf150-645/uuf150-016.cnf,150,645,UNSAT,1746,52193,2131,12,0.013524
/Users/okamu/.cache/gomisat/corpus/unsat-uuf150-645/uuf150-017.cnf,150,645,UNSAT,3296,103613,3998,16,0.029043
/Users/okamu/.cache/gomisat/corpus/unsat-uuf150-645/uuf150-018.cnf,150,645,UNSAT,4080,126889,4856,22,0.041061
/Users/okamu/.cache/gomisat/corpus/unsat-uuf150-645/uuf150-019.cnf,150,645,UNSAT,1269,37069,1523,8,0.009050
/Users/okamu/.cache/gomisat/corpus/unsat-uuf150-645/uuf150-02.cnf,150,645,UNSAT,3545,108742,4217,18,0.034088
/Users/okamu/.cache/gomisat/corpus/unsat-uuf150-645/uuf150-020.cnf,150,645,UNSAT,2871,87986,3441,15,0.024103
/Users/okamu/.cache/gomisat/corpus/unsat-uuf150-645/uuf150-021.cnf,150,645,UNSAT,2684,85442,3234,15,0.024674
/Users/okamu/.cache/gomisat/corpus/unsat-uuf150-645/uuf150-022.cnf,150,645,UNSAT,2043,61682,2436,14,0.017159
/Users/okamu/.cache/gomisat/corpus/unsat-uuf150-645/uuf150-023.cnf,150,645,UNSAT,2314,70290,2758,14,0.018468
/Users/okamu/.cache/gomisat/corpus/unsat-uuf150-645/uuf150-024.cnf,150,645,UNSAT,2048,62811,2476,14,0.017025
/Users/okamu/.cache/gomisat/corpus/unsat-uuf150-645/uuf150-025.cnf,150,645,UNSAT,3003,94280,3613,15,0.028294
/Users/okamu/.cache/gomisat/corpus/unsat-uuf150-645/uuf150-026.cnf,150,645,UNSAT,2598,82807,3218,15,0.023832
/Users/okamu/.cache/gomisat/corpus/unsat-uuf150-645/uuf150-027.cnf,150,645,UNSAT,2037,61129,2449,14,0.015459
/Users/okamu/.cache/gomisat/corpus/unsat-uuf150-645/uuf150-028.cnf,150,645,UNSAT,2928,93577,3545,15,0.025678
/Users/okamu/.cache/gomisat/corpus/unsat-uuf150-645/uuf150-029.cnf,150,645,UNSAT,1857,57806,2249,13,0.014396
/Users/okamu/.cache/gomisat/corpus/unsat-uuf150-645/uuf150-03.cnf,150,645,UNSAT,3128,95690,3781,15,0.027287
/Users/okamu/.cache/gomisat/corpus/unsat-uuf150-645/uuf150-030.cnf,150,645,UNSAT,2516,82849,3051,15,0.022608
/Users/okamu/.cache/gomisat/corpus/unsat-uuf150-645/uuf150-031.cnf,150,645,UNSAT,1232,38704,1487,8,0.009393
/Users/okamu/.cache/gomisat/corpus/unsat-uuf150-645/uuf150-032.cnf,150,645,UNSAT,2885,89447,3386,15,0.027120
/Users/okamu/.cache/gomisat/corpus/unsat-uuf150-645/uuf150-033.cnf,150,645,UNSAT,2096,65256,2492,14,0.018567
/Users/okamu/.cache/gomisat/corpus/unsat-uuf150-645/uuf150-034.cnf,150,645,UNSAT,1171,35789,1404,7,0.008940
/Users/okamu/.cache/gomisat/corpus/unsat-uuf150-645/uuf150-035.cnf,150,645,UNSAT,2851,88808,3464,15,0.024254
/Users/okamu/.cache/gomisat/corpus/unsat-uuf150-645/uuf150-036.cnf,150,645,UNSAT,2549,78535,3015,15,0.022489
/Users/okamu/.cache/gomisat/corpus/unsat-uuf150-645/uuf150-037.cnf,150,645,UNSAT,2314,71701,2826,14,0.019616
/Users/okamu/.cache/gomisat/corpus/unsat-uuf150-645/uuf150-038.cnf,150,645,UNSAT,3593,115028,4278,18,0.033309
/Users/okamu/.cache/gomisat/corpus/unsat-uuf150-645/uuf150-039.cnf,150,645,UNSAT,2057,63274,2472,14,0.016131
/Users/okamu/.cache/gomisat/corpus/unsat-uuf150-645/uuf150-04.cnf,150,645,UNSAT,2287,68648,2759,14,0.019527
/Users/okamu/.cache/gomisat/corpus/unsat-uuf150-645/uuf150-040.cnf,150,645,UNSAT,4003,128895,4809,21,0.040427
/Users/okamu/.cache/gomisat/corpus/unsat-uuf150-645/uuf150-041.cnf,150,645,UNSAT,2660,80183,3183,15,0.023924
/Users/okamu/.cache/gomisat/corpus/unsat-uuf150-645/uuf150-042.cnf,150,645,UNSAT,2666,80548,3204,15,0.023178
/Users/okamu/.cache/gomisat/corpus/unsat-uuf150-645/uuf150-043.cnf,150,645,UNSAT,1673,51974,1986,11,0.013432
/Users/okamu/.cache/gomisat/corpus/unsat-uuf150-645/uuf150-044.cnf,150,645,UNSAT,3190,97301,3807,15,0.027735
/Users/okamu/.cache/gomisat/corpus/unsat-uuf150-645/uuf150-045.cnf,150,645,UNSAT,2965,90290,3583,15,0.026311
/Users/okamu/.cache/gomisat/corpus/unsat-uuf150-645/uuf150-046.cnf,150,645,UNSAT,2770,87752,3301,15,0.024310
/Users/okamu/.cache/gomisat/corpus/unsat-uuf150-645/uuf150-047.cnf,150,645,UNSAT,2018,63881,2432,14,0.016323
/Users/okamu/.cache/gomisat/corpus/unsat-uuf150-645/uuf150-048.cnf,150,645,UNSAT,2905,88467,3456,15,0.026332
/Users/okamu/.cache/gomisat/corpus/unsat-uuf150-645/uuf150-049.cnf,150,645,UNSAT,1373,42676,1602,9,0.010276
/Users/okamu/.cache/gomisat/corpus/unsat-uuf150-645/uuf150-05.cnf,150,645,UNSAT,2476,78130,2926,15,0.022151
/Users/okamu/.cache/gomisat/corpus/unsat-uuf150-645/uuf150-050.cnf,150,645,UNSAT,2878,91149,3444,15,0.026197
/Users/okamu/.cache/gomisat/corpus/unsat-uuf150-645/uuf150-051.cnf,150,645,UNSAT,2273,72710,2771,14,0.019199
/Users/okamu/.cache/gomisat/corpus/unsat-uuf150-645/uuf150-052.cnf,150,645,UNSAT,1767,54377,2075,12,0.014877
/Users/okamu/.cache/gomisat/corpus/unsat-uuf150-645/uuf150-053.cnf,150,645,UNSAT,1593,50763,1907,10,0.011451
/Users/okamu/.cache/gomisat/corpus/unsat-uuf150-645/uuf150-054.cnf,150,645,UNSAT,2174,67288,2599,14,0.017048
/Users/okamu/.cache/gomisat/corpus/unsat-uuf150-645/uuf150-055.cnf,150,645,UNSAT,7256,232072,8631,31,0.088572
/Users/okamu/.cache/gomisat/corpus/unsat-uuf150-645/uuf150-056.cnf,150,645,UNSAT,1493,46471,1774,10,0.011465
/Users/okamu/.cache/gomisat/corpus/unsat-uuf150-645/uuf150-057.cnf,150,645,UNSAT,3109,95007,3727,15,0.028499
/Users/okamu/.cache/gomisat/corpus/unsat-uuf150-645/uuf150-058.cnf,150,645,UNSAT,1754,53018,2120,12,0.013128
/Users/okamu/.cache/gomisat/corpus/unsat-uuf150-645/uuf150-059.cnf,150,645,UNSAT,1553,46663,1912,10,0.011360
/Users/okamu/.cache/gomisat/corpus/unsat-uuf150-645/uuf150-06.cnf,150,645,UNSAT,1520,48446,1780,10,0.011937
/Users/okamu/.cache/gomisat/corpus/unsat-uuf150-645/uuf150-060.cnf,150,645,UNSAT,2985,91238,3573,15,0.026533
/Users/okamu/.cache/gomisat/corpus/unsat-uuf150-645/uuf150-061.cnf,150,645,UNSAT,2376,72533,2904,14,0.019055
/Users/okamu/.cache/gomisat/corpus/unsat-uuf150-645/uuf150-062.cnf,150,645,UNSAT,1722,50818,2081,12,0.012831
/Users/okamu/.cache/gomisat/corpus/unsat-uuf150-645/uuf150-063.cnf,150,645,UNSAT,3672,114627,4383,19,0.036011
/Users/okamu/.cache/gomisat/corpus/unsat-uuf150-645/uuf150-064.cnf,150,645,UNSAT,2841,88778,3364,15,0.026538
/Users/okamu/.cache/gomisat/corpus/unsat-uuf150-645/uuf150-065.cnf,150,645,UNSAT,3318,103253,4000,17,0.029211
/Users/okamu/.cache/gomisat/corpus/unsat-uuf150-645/uuf150-066.cnf,150,645,UNSAT,2557,79421,3010,15,0.022458
/Users/okamu/.cache/gomisat/corpus/unsat-uuf150-645/uuf150-067.cnf,150,645,UNSAT,2321,69599,2816,14,0.018529
/Users/okamu/.cache/gomisat/corpus/unsat-uuf150-645/uuf150-068.cnf,150,645,UNSAT,2624,81646,3163,15,0.022700
/Users/okamu/.cache/gomisat/corpus/unsat-uuf150-645/uuf150-069.cnf,150,645,UNSAT,2465,76217,2991,15,0.021670
/Users/okamu/.cache/gomisat/corpus/unsat-uuf150-645/uuf150-07.cnf,150,645,UNSAT,2983,91102,3611,15,0.027310
/Users/okamu/.cache/gomisat/corpus/unsat-uuf150-645/uuf150-070.cnf,150,645,UNSAT,2604,83206,3149,15,0.022908
/Users/okamu/.cache/gomisat/corpus/unsat-uuf150-645/uuf150-071.cnf,150,645,UNSAT,2816,89445,3383,15,0.023202
/Users/okamu/.cache/gomisat/corpus/unsat-uuf150-645/uuf150-072.cnf,150,645,UNSAT,4631,142838,5550,25,0.047602
/Users/okamu/.cache/gomisat/corpus/unsat-uuf150-645/uuf150-073.cnf,150,645,UNSAT,2475,76504,2950,15,0.023408
/Users/okamu/.cache/gomisat/corpus/unsat-uuf150-645/uuf150-074.cnf,150,645,UNSAT,1421,42997,1721,10,0.010837
/Users/okamu/.cache/gomisat/corpus/unsat-uuf150-645/uuf150-075.cnf,150,645,UNSAT,3386,102942,4106,17,0.029722
/Users/okamu/.cache/gomisat/corpus/unsat-uuf150-645/uuf150-076.cnf,150,645,UNSAT,3049,95810,3728,15,0.028107
/Users/okamu/.cache/gomisat/corpus/unsat-uuf150-645/uuf150-077.cnf,150,645,UNSAT,2463,75362,2943,15,0.021810
/Users/okamu/.cache/gomisat/corpus/unsat-uuf150-645/uuf150-078.cnf,150,645,UNSAT,1776,52407,2142,12,0.013995
/Users/okamu/.cache/gomisat/corpus/unsat-uuf150-645/uuf150-079.cnf,150,645,UNSAT,2469,74170,2951,15,0.021668
/Users/okamu/.cache/gomisat/corpus/unsat-uuf150-645/uuf150-08.cnf,150,645,UNSAT,1539,47776,1828,10,0.012170
/Users/okamu/.cache/gomisat/corpus/unsat-uuf150-645/uuf150-080.cnf,150,645,UNSAT,3421,104084,4112,18,0.030569
/Users/okamu/.cache/gomisat/corpus/unsat-uuf150-645/uuf150-081.cnf,150,645,UNSAT,1723,53168,2072,12,0.012971
/Users/okamu/.cache/gomisat/corpus/unsat-uuf150-645/uuf150-082.cnf,150,645,UNSAT,4639,151022,5502,25,0.048924
/Users/okamu/.cache/gomisat/corpus/unsat-uuf150-645/uuf150-083.cnf,150,645,UNSAT,2249,70344,2668,14,0.018383
/Users/okamu/.cache/gomisat/corpus/unsat-uuf150-645/uuf150-084.cnf,150,645,UNSAT,3574,113286,4254,18,0.033846
/Users/okamu/.cache/gomisat/corpus/unsat-uuf150-645/uuf150-085.cnf,150,645,UNSAT,2971,92186,3490,15,0.028106
/Users/okamu/.cache/gomisat/corpus/unsat-uuf150-645/uuf150-086.cnf,150,645,UNSAT,1981,62447,2382,13,0.016024
/Users/okamu/.cache/gomisat/corpus/unsat-uuf150-645/uuf150-087.cnf,150,645,UNSAT,3852,125162,4604,21,0.036285
/Users/okamu/.cache/gomisat/corpus/unsat-uuf150-645/uuf150-088.cnf,150,645,UNSAT,4054,127732,4886,22,0.039772
/Users/okamu/.cache/gomisat/corpus/unsat-uuf150-645/uuf150-089.cnf,150,645,UNSAT,1281,37039,1505,8,0.009491
/Users/okamu/.cache/gomisat/corpus/unsat-uuf150-645/uuf150-09.cnf,150,645,UNSAT,2048,62220,2425,14,0.017056
/Users/okamu/.cache/gomisat/corpus/unsat-uuf150-645/uuf150-090.cnf,150,645,UNSAT,2642,80265,3206,15,0.022404
/Users/okamu/.cache/gomisat/corpus/unsat-uuf150-645/uuf150-091.cnf,150,645,UNSAT,2030,61367,2529,14,0.016345
/Users/okamu/.cache/gomisat/corpus/unsat-uuf150-645/uuf150-092.cnf,150,645,UNSAT,2470,73266,3013,15,0.019838
/Users/okamu/.cache/gomisat/corpus/unsat-uuf150-645/uuf150-093.cnf,150,645,UNSAT,5154,161377,6145,28,0.054510
/Users/okamu/.cache/gomisat/corpus/unsat-uuf150-645/uuf150-094.cnf,150,645,UNSAT,1994,61208,2390,13,0.016254
/Users/okamu/.cache/gomisat/corpus/unsat-uuf150-645/uuf150-095.cnf,150,645,UNSAT,2171,63669,2563,14,0.017235
/Users/okamu/.cache/gomisat/corpus/unsat-uuf150-645/uuf150-096.cnf,150,645,UNSAT,2511,77014,3005,15,0.022189
/Users/okamu/.cache/gomisat/corpus/unsat-uuf150-645/uuf150-097.cnf,150,645,UNSAT,3187,98838,3913,15,0.029072
/Users/okamu/.cache/gomisat/corpus/unsat-uuf150-645/uuf150-098.cnf,150,645,UNSAT,3204,95080,3822,15,0.029281
/Users/okamu/.cache/gomisat/corpus/unsat-uuf150-645/uuf150-099.cnf,150,645,UNSAT,3384,103811,4021,17,0.030301
/Users/okamu/.cache/gomisat/corpus/unsat-uuf200-860/uuf200-01.cnf,200,860,UNSAT,13083,484554,15802,59,0.196358
/Users/okamu/.cache/gomisat/corpus/unsat-uuf200-860/uuf200-010.cnf,200,860,UNSAT,22784,863759,27239,81,0.411186
/Users/okamu/.cache/gomisat/corpus/unsat-uuf200-860/uuf200-011.cnf,200,860,UNSAT,19557,770437,23108,66,0.333152
/Users/okamu/.cache/gomisat/corpus/unsat-uuf200-860/uuf200-012.cnf,200,860,UNSAT,25246,925876,30152,93,0.493461
/Users/okamu/.cache/gomisat/corpus/unsat-uuf200-860/uuf200-013.cnf,200,860,UNSAT,17194,624928,20339,63,0.301642
/Users/okamu/.cache/gomisat/corpus/unsat-uuf200-860/uuf200-014.cnf,200,860,UNSAT,22875,846998,27040,82,0.412001
/Users/okamu/.cache/gomisat/corpus/unsat-uuf200-860/uuf200-015.cnf,200,860,UNSAT,16542,609002,20002,63,0.271187
/Users/okamu/.cache/gomisat/corpus/unsat-uuf200-860/uuf200-016.cnf,200,860,UNSAT,14019,549449,17015,61,0.211990
/Users/okamu/.cache/gomisat/corpus/unsat-uuf200-860/uuf200-017.cnf,200,860,UNSAT,14612,524815,17743,62,0.234510
/Users/okamu/.cache/gomisat/corpus/unsat-uuf200-860/uuf200-018.cnf,200,860,UNSAT,16248,604168,19481,63,0.266738
/Users/okamu/.cache/gomisat/corpus/unsat-uuf200-860/uuf200-019.cnf,200,860,UNSAT,10385,395979,12169,45,0.138352
/Users/okamu/.cache/gomisat/corpus/unsat-uuf200-860/uuf200-02.cnf,200,860,UNSAT,18563,691382,22105,63,0.305955
/Users/okamu/.cache/gomisat/corpus/unsat-uuf200-860/uuf200-020.cnf,200,860,UNSAT,9488,344050,11306,41,0.126266
/Users/okamu/.cache/gomisat/corpus/unsat-uuf200-860/uuf200-021.cnf,200,860,UNSAT,15117,559119,18261,62,0.244983
/Users/okamu/.cache/gomisat/corpus/unsat-uuf200-860/uuf200-022.cnf,200,860,UNSAT,18950,707277,22375,63,0.311143
/Users/okamu/.cache/gomisat/corpus/unsat-uuf200-860/uuf200-023.cnf,200,860,UNSAT,10192,380178,12258,45,0.137064
/Users/okamu/.cache/gomisat/corpus/unsat-uuf200-860/uuf200-024.cnf,200,860,UNSAT,23421,837435,28115,85,0.457097
/Users/okamu/.cache/gomisat/corpus/unsat-uuf200-860/uuf200-025.cnf,200,860,UNSAT,22423,852054,26532,78,0.388730
/Users/okamu/.cache/gomisat/corpus/unsat-uuf200-860/uuf200-026.cnf,200,860,UNSAT,24935,924128,29615,93,0.490245
/Users/okamu/.cache/gomisat/corpus/unsat-uuf200-860/uuf200-027.cnf,200,860,UNSAT,13557,493926,16137,60,0.207617
/Users/okamu/.cache/gomisat/corpus/unsat-uuf200-860/uuf200-028.cnf,200,860,UNSAT,16214,599016,19360,63,0.272963
/Users/okamu/.cache/gomisat/corpus/unsat-uuf200-860/uuf200-029.cnf,200,860,UNSAT,17554,637865,20917,63,0.292067
/Users/okamu/.cache/gomisat/corpus/unsat-uuf200-860/uuf200-03.cnf,200,860,UNSAT,10179,379459,12188,45,0.136042
/Users/okamu/.cache/gomisat/corpus/unsat-uuf200-860/uuf200-030.cnf,200,860,UNSAT,9467,354825,11343,41,0.132444
/Users/okamu/.cache/gomisat/corpus/unsat-uuf200-860/uuf200-031.cnf,200,860,UNSAT,13842,527042,16604,61,0.205733
/Users/okamu/.cache/gomisat/corpus/unsat-uuf200-860/uuf200-032.cnf,200,860,UNSAT,17885,697731,21173,63,0.304939
/Users/okamu/.cache/gomisat/corpus/unsat-uuf200-860/uuf200-033.cnf,200,860,UNSAT,8701,321330,10418,37,0.111286
/Users/okamu/.cache/gomisat/corpus/unsat-uuf200-860/uuf200-034.cnf,200,860,UNSAT,14715,539643,17529,62,0.245384
/Users/okamu/.cache/gomisat/corpus/unsat-uuf200-860/uuf200-035.cnf,200,860,UNSAT,15107,555512,18248,62,0.245441
/Users/okamu/.cache/gomisat/corpus/unsat-uuf200-860/uuf200-036.cnf,200,860,UNSAT,28308,1056828,33768,101,0.575774
/Users/okamu/.cache/gomisat/corpus/unsat-uuf200-860/uuf200-037.cnf,200,860,UNSAT,24618,939745,29162,92,0.481742
/Users/okamu/.cache/gomisat/corpus/unsat-uuf200-860/uuf200-038.cnf,200,860,UNSAT,17532,639044,20989,63,0.303901
/Users/okamu/.cache/gomisat/corpus/unsat-uuf200-860/uuf200-039.cnf,200,860,UNSAT,11905,430676,14248,52,0.173328
/Users/okamu/.cache/gomisat/corpus/unsat-uuf200-860/uuf200-04.cnf,200,860,UNSAT,46767,1737969,55158,140,1.232446
/Users/okamu/.cache/gomisat/corpus/unsat-uuf200-860/uuf200-040.cnf,200,860,UNSAT,17412,645338,20611,63,0.279757
/Users/okamu/.cache/gomisat/corpus/unsat-uuf200-860/uuf200-041.cnf,200,860,UNSAT,12242,458013,14584,53,0.191193
/Users/okamu/.cache/gomisat/corpus/unsat-uuf200-860/uuf200-042.cnf,200,860,UNSAT,13998,514383,16584,61,0.215224
/Users/okamu/.cache/gomisat/corpus/unsat-uuf200-860/uuf200-043.cnf,200,860,UNSAT,12403,451385,14792,53,0.180658
/Users/okamu/.cache/gomisat/corpus/unsat-uuf200-860/uuf200-044.cnf,200,860,UNSAT,15087,585436,18034,62,0.249173
/Users/okamu/.cache/gomisat/corpus/unsat-uuf200-860/uuf200-045.cnf,200,860,UNSAT,23763,877164,28154,86,0.445665
/Users/okamu/.cache/gomisat/corpus/unsat-uuf200-860/uuf200-046.cnf,200,860,UNSAT,21705,835337,25626,78,0.391186
/Users/okamu/.cache/gomisat/corpus/unsat-uuf200-860/uuf200-047.cnf,200,860,UNSAT,13138,491906,15957,59,0.200933
/Users/okamu/.cache/gomisat/corpus/unsat-uuf200-860/uuf200-048.cnf,200,860,UNSAT,16349,624207,19544,63,0.259397
/Users/okamu/.cache/gomisat/corpus/unsat-uuf200-860/uuf200-049.cnf,200,860,UNSAT,18121,677879,21652,63,0.300171
/Users/okamu/.cache/gomisat/corpus/unsat-uuf200-860/uuf200-05.cnf,200,860,UNSAT,18552,671869,22003,63,0.329319
/Users/okamu/.cache/gomisat/corpus/unsat-uuf200-860/uuf200-050.cnf,200,860,UNSAT,16379,628044,19494,63,0.259109
/Users/okamu/.cache/gomisat/corpus/unsat-uuf200-860/uuf200-051.cnf,200,860,UNSAT,23860,876426,28581,87,0.462541
/Users/okamu/.cache/gomisat/corpus/unsat-uuf200-860/uuf200-052.cnf,200,860,UNSAT,19120,731430,22734,63,0.329642
/Users/okamu/.cache/gomisat/corpus/unsat-uuf200-860/uuf200-053.cnf,200,860,UNSAT,13444,505506,16058,60,0.221966
/Users/okamu/.cache/gomisat/corpus/unsat-uuf200-860/uuf200-054.cnf,200,860,UNSAT,19251,738238,22649,63,0.297427
/Users/okamu/.cache/gomisat/corpus/unsat-uuf200-860/uuf200-055.cnf,200,860,UNSAT,14362,529302,17207,61,0.215437
/Users/okamu/.cache/gomisat/corpus/unsat-uuf200-860/uuf200-056.cnf,200,860,UNSAT,22068,843815,26078,78,0.398770
/Users/okamu/.cache/gomisat/corpus/unsat-uuf200-860/uuf200-057.cnf,200,860,UNSAT,11544,432034,13957,49,0.168060
/Users/okamu/.cache/gomisat/corpus/unsat-uuf200-860/uuf200-058.cnf,200,860,UNSAT,19021,721714,22797,63,0.309914
/Users/okamu/.cache/gomisat/corpus/unsat-uuf200-860/uuf200-059.cnf,200,860,UNSAT,16173,580741,19204,63,0.279067
/Users/okamu/.cache/gomisat/corpus/unsat-uuf200-860/uuf200-06.cnf,200,860,UNSAT,14175,545295,16945,61,0.222439
/Users/okamu/.cache/gomisat/corpus/unsat-uuf200-860/uuf200-060.cnf,200,860,UNSAT,13232,487929,15792,59,0.202127
/Users/okamu/.cache/gomisat/corpus/unsat-uuf200-860/uuf200-061.cnf,200,860,UNSAT,9280,343312,10977,39,0.124282
/Users/okamu/.cache/gomisat/corpus/unsat-uuf200-860/uuf200-062.cnf,200,860,UNSAT,6906,260810,8297,31,0.081182
/Users/okamu/.cache/gomisat/corpus/unsat-uuf200-860/uuf200-063.cnf,200,860,UNSAT,18502,688143,22263,63,0.314741
/Users/okamu/.cache/gomisat/corpus/unsat-uuf200-860/uuf200-064.cnf,200,860,UNSAT,29832,1097982,35552,109,0.666085
/Users/okamu/.cache/gomisat/corpus/unsat-uuf200-860/uuf200-065.cnf,200,860,UNSAT,16211,593234,19308,63,0.261350
/Users/okamu/.cache/gomisat/corpus/unsat-uuf200-860/uuf200-066.cnf,200,860,UNSAT,31692,1212267,38021,116,0.690560
/Users/okamu/.cache/gomisat/corpus/unsat-uuf200-860/uuf200-067.cnf,200,860,UNSAT,20281,760187,24038,70,0.375855
/Users/okamu/.cache/gomisat/corpus/unsat-uuf200-860/uuf200-068.cnf,200,860,UNSAT,16259,620297,19572,63,0.275379
/Users/okamu/.cache/gomisat/corpus/unsat-uuf200-860/uuf200-069.cnf,200,860,UNSAT,8109,293127,9736,32,0.106031
/Users/okamu/.cache/gomisat/corpus/unsat-uuf200-860/uuf200-07.cnf,200,860,UNSAT,19938,744327,23732,69,0.354680
/Users/okamu/.cache/gomisat/corpus/unsat-uuf200-860/uuf200-070.cnf,200,860,UNSAT,14518,556829,17475,62,0.235189
/Users/okamu/.cache/gomisat/corpus/unsat-uuf200-860/uuf200-071.cnf,200,860,UNSAT,17137,624910,20483,63,0.296056
/Users/okamu/.cache/gomisat/corpus/unsat-uuf200-860/uuf200-072.cnf,200,860,UNSAT,18010,669186,21362,63,0.322206
/Users/okamu/.cache/gomisat/corpus/unsat-uuf200-860/uuf200-073.cnf,200,860,UNSAT,12539,479950,14922,54,0.191129
/Users/okamu/.cache/gomisat/corpus/unsat-uuf200-860/uuf200-074.cnf,200,860,UNSAT,20508,789891,24530,71,0.342425
/Users/okamu/.cache/gomisat/corpus/unsat-uuf200-860/uuf200-075.cnf,200,860,UNSAT,20000,777916,23954,69,0.349361
/Users/okamu/.cache/gomisat/corpus/unsat-uuf200-860/uuf200-076.cnf,200,860,UNSAT,8168,323174,9696,33,0.105019
/Users/okamu/.cache/gomisat/corpus/unsat-uuf200-860/uuf200-077.cnf,200,860,UNSAT,12030,464294,14496,52,0.179187
/Users/okamu/.cache/gomisat/corpus/unsat-uuf200-860/uuf200-078.cnf,200,860,UNSAT,17340,650705,20736,63,0.277335
/Users/okamu/.cache/gomisat/corpus/unsat-uuf200-860/uuf200-079.cnf,200,860,UNSAT,17035,632290,20303,63,0.282275
/Users/okamu/.cache/gomisat/corpus/unsat-uuf200-860/uuf200-08.cnf,200,860,UNSAT,17471,646366,20767,63,0.290385
/Users/okamu/.cache/gomisat/corpus/unsat-uuf200-860/uuf200-080.cnf,200,860,UNSAT,21195,785493,25411,76,0.394468
/Users/okamu/.cache/gomisat/corpus/unsat-uuf200-860/uuf200-081.cnf,200,860,UNSAT,25128,904656,30229,93,0.480665
/Users/okamu/.cache/gomisat/corpus/unsat-uuf200-860/uuf200-082.cnf,200,860,UNSAT,13043,498603,15627,59,0.187825
/Users/okamu/.cache/gomisat/corpus/unsat-uuf200-860/uuf200-083.cnf,200,860,UNSAT,18211,692517,21677,63,0.322088
/Users/okamu/.cache/gomisat/corpus/unsat-uuf200-860/uuf200-084.cnf,200,860,UNSAT,8584,324066,10178,36,0.120641
/Users/okamu/.cache/gomisat/corpus/unsat-uuf200-860/uuf200-085.cnf,200,860,UNSAT,19243,731208,22762,63,0.338307
/Users/okamu/.cache/gomisat/corpus/unsat-uuf200-860/uuf200-086.cnf,200,860,UNSAT,14949,559073,17778,62,0.248361
/Users/okamu/.cache/gomisat/corpus/unsat-uuf200-860/uuf200-087.cnf,200,860,UNSAT,15152,554936,18176,62,0.244781
/Users/okamu/.cache/gomisat/corpus/unsat-uuf200-860/uuf200-088.cnf,200,860,UNSAT,7456,286170,8894,31,0.092393
/Users/okamu/.cache/gomisat/corpus/unsat-uuf200-860/uuf200-089.cnf,200,860,UNSAT,15460,570749,18299,62,0.252788
/Users/okamu/.cache/gomisat/corpus/unsat-uuf200-860/uuf200-09.cnf,200,860,UNSAT,14153,527084,16841,61,0.215157
/Users/okamu/.cache/gomisat/corpus/unsat-uuf200-860/uuf200-090.cnf,200,860,UNSAT,21096,760519,24952,76,0.405117
/Users/okamu/.cache/gomisat/corpus/unsat-uuf200-860/uuf200-091.cnf,200,860,UNSAT,18170,672314,21592,63,0.299886
/Users/okamu/.cache/gomisat/corpus/unsat-uuf200-860/uuf200-092.cnf,200,860,UNSAT,13962,527209,16583,61,0.223648
/Users/okamu/.cache/gomisat/corpus/unsat-uuf200-860/uuf200-093.cnf,200,860,UNSAT,13815,515971,16432,61,0.219623
/Users/okamu/.cache/gomisat/corpus/unsat-uuf200-860/uuf200-094.cnf,200,860,UNSAT,17843,658863,21491,63,0.290419
/Users/okamu/.cache/gomisat/corpus/unsat-uuf200-860/uuf200-095.cnf,200,860,UNSAT,25650,947306,30463,93,0.514326
/Users/okamu/.cache/gomisat/corpus/unsat-uuf200-860/uuf200-096.cnf,200,860,UNSAT,8303,313024,9977,34,0.101196
/Users/okamu/.cache/gomisat/corpus/unsat-uuf200-860/uuf200-097.cnf,200,860,UNSAT,10962,400546,13082,46,0.160464
/Users/okamu/.cache/gomisat/corpus/unsat-uuf200-860/uuf200-098.cnf,200,860,UNSAT,17225,641063,20603,63,0.289379
/Users/okamu/.cache/gomisat/corpus/unsat-uuf200-860/uuf200-099.cnf,200,860,UNSAT,26726,987087,31887,94,0.544866
/Users/okamu/.cache/gomisat/corpus/unsat-uuf225-960/uuf225-01.cnf,225,960,UNSAT,52352,2109074,62549,158,1.331019
/Users/okamu/.cache/gomisat/corpus/unsat-uuf225-960/uuf225-010.cnf,225,960,UNSAT,42599,1717640,50967,127,0.978419
/Users/okamu/.cache/gomisat/corpus/unsat-uuf225-960/uuf225-0100.cnf,225,960,UNSAT,42531,1791614,50656,127,0.946185
/Users/okamu/.cache/gomisat/corpus/unsat-uuf225-960/uuf225-011.cnf,225,960,UNSAT,36391,1461119,43466,126,0.805239
/Users/okamu/.cache/gomisat/corpus/unsat-uuf225-960/uuf225-012.cnf,225,960,UNSAT,32515,1323512,38792,123,0.695810
/Users/okamu/.cache/gomisat/corpus/unsat-uuf225-960/uuf225-013.cnf,225,960,UNSAT,49105,1955062,58434,149,1.187150
/Users/okamu/.cache/gomisat/corpus/unsat-uuf225-960/uuf225-014.cnf,225,960,UNSAT,18878,740702,22500,63,0.347047
/Users/okamu/.cache/gomisat/corpus/unsat-uuf225-960/uuf225-015.cnf,225,960,UNSAT,44435,1792070,52624,127,1.036313
/Users/okamu/.cache/gomisat/corpus/unsat-uuf225-960/uuf225-016.cnf,225,960,UNSAT,38975,1551797,46876,127,0.923287
/Users/okamu/.cache/gomisat/corpus/unsat-uuf225-960/uuf225-017.cnf,225,960,UNSAT,51123,2063587,60594,157,1.250463
/Users/okamu/.cache/gomisat/corpus/unsat-uuf225-960/uuf225-018.cnf,225,960,UNSAT,41191,1664356,48699,127,0.929664
/Users/okamu/.cache/gomisat/corpus/unsat-uuf225-960/uuf225-019.cnf,225,960,UNSAT,48965,1914406,58139,149,1.207973
/Users/okamu/.cache/gomisat/corpus/unsat-uuf225-960/uuf225-02.cnf,225,960,UNSAT,24745,1021038,29641,92,0.453274
/Users/okamu/.cache/gomisat/corpus/unsat-uuf225-960/uuf225-020.cnf,225,960,UNSAT,38819,1540390,45960,127,0.901893
/Users/okamu/.cache/gomisat/corpus/unsat-uuf225-960/uuf225-021.cnf,225,960,UNSAT,55313,2249856,65697,172,1.479785
/Users/okamu/.cache/gomisat/corpus/unsat-uuf225-960/uuf225-022.cnf,225,960,UNSAT,47678,1963506,56389,142,1.100759
/Users/okamu/.cache/gomisat/corpus/unsat-uuf225-960/uuf225-023.cnf,225,960,UNSAT,39543,1613427,46918,127,0.929868
/Users/okamu/.cache/gomisat/corpus/unsat-uuf225-960/uuf225-024.cnf,225,960,UNSAT,41065,1654291,49052,127,0.898274
/Users/okamu/.cache/gomisat/corpus/unsat-uuf225-960/uuf225-025.cnf,225,960,UNSAT,43433,1789322,51634,127,0.961526
/Users/okamu/.cache/gomisat/corpus/unsat-uuf225-960/uuf225-026.cnf,225,960,UNSAT,42188,1653273,50284,127,0.962085
/Users/okamu/.cache/gomisat/corpus/unsat-uuf225-960/uuf225-027.cnf,225,960,UNSAT,52048,2096127,61431,158,1.279267
/Users/okamu/.cache/gomisat/corpus/unsat-uuf225-960/uuf225-028.cnf,225,960,UNSAT,35951,1467296,43249,126,0.746409
/Users/okamu/.cache/gomisat/corpus/unsat-uuf225-960/uuf225-029.cnf,225,960,UNSAT,23527,936106,28452,85,0.413801
/Users/okamu/.cache/gomisat/corpus/unsat-uuf225-960/uuf225-03.cnf,225,960,UNSAT,35625,1414452,42569,126,0.786880
/Users/okamu/.cache/gomisat/corpus/unsat-uuf225-960/uuf225-030.cnf,225,960,UNSAT,29468,1209120,35485,108,0.590167
/Users/okamu/.cache/gomisat/corpus/unsat-uuf225-960/uuf225-031.cnf,225,960,UNSAT,48890,2008226,57830,148,1.213744
/Users/okamu/.cache/gomisat/corpus/unsat-uuf225-960/uuf225-032.cnf,225,960,UNSAT,37588,1501164,44788,126,0.844586
/Users/okamu/.cache/gomisat/corpus/unsat-uuf225-960/uuf225-033.cnf,225,960,UNSAT,59133,2391126,70587,188,1.572973
/Users/okamu/.cache/gomisat/corpus/unsat-uuf225-960/uuf225-034.cnf,225,960,UNSAT,42469,1776886,50479,127,0.949851
/Users/okamu/.cache/gomisat/corpus/unsat-uuf225-960/uuf225-035.cnf,225,960,UNSAT,49183,1980942,58284,149,1.154439
/Users/okamu/.cache/gomisat/corpus/unsat-uuf225-960/uuf225-036.cnf,225,960,UNSAT,36324,1467460,43042,126,0.840208
/Users/okamu/.cache/gomisat/corpus/unsat-uuf225-960/uuf225-037.cnf,225,960,UNSAT,38661,1545591,46323,127,0.902537
/Users/okamu/.cache/gomisat/corpus/unsat-uuf225-960/uuf225-038.cnf,225,960,UNSAT,23285,905993,27880,85,0.434415
/Users/okamu/.cache/gomisat/corpus/unsat-uuf225-960/uuf225-039.cnf,225,960,UNSAT,47296,1898928,56335,142,1.119312
/Users/okamu/.cache/gomisat/corpus/unsat-uuf225-960/uuf225-04.cnf,225,960,UNSAT,25701,999790,30517,94,0.501114
/Users/okamu/.cache/gomisat/corpus/unsat-uuf225-960/uuf225-040.cnf,225,960,UNSAT,29756,1213974,35926,109,0.579544
/Users/okamu/.cache/gomisat/corpus/unsat-uuf225-960/uuf225-041.cnf,225,960,UNSAT,35451,1412242,42011,126,0.793729
/Users/okamu/.cache/gomisat/corpus/unsat-uuf225-960/uuf225-042.cnf,225,960,UNSAT,27906,1140144,32978,100,0.572916
/Users/okamu/.cache/gomisat/corpus/unsat-uuf225-960/uuf225-043.cnf,225,960,UNSAT,44234,1746479,52903,127,1.051327
/Users/okamu/.cache/gomisat/corpus/unsat-uuf225-960/uuf225-044.cnf,225,960,UNSAT,30876,1308849,36871,112,0.651423
/Users/okamu/.cache/gomisat/corpus/unsat-uuf225-960/uuf225-045.cnf,225,960,UNSAT,27894,1121664,33309,99,0.535962
/Users/okamu/.cache/gomisat/corpus/unsat-uuf225-960/uuf225-046.cnf,225,960,UNSAT,28385,1115304,34047,101,0.554270
/Users/okamu/.cache/gomisat/corpus/unsat-uuf225-960/uuf225-047.cnf,225,960,UNSAT,71072,2834739,84997,221,1.868513
/Users/okamu/.cache/gomisat/corpus/unsat-uuf225-960/uuf225-048.cnf,225,960,UNSAT,32074,1312895,38108,119,0.611819
/Users/okamu/.cache/gomisat/corpus/unsat-uuf225-960/uuf225-049.cnf,225,960,UNSAT,22578,926933,26898,80,0.411142
/Users/okamu/.cache/gomisat/corpus/unsat-uuf225-960/uuf225-05.cnf,225,960,UNSAT,104438,4157081,122978,268,3.134525
/Users/okamu/.cache/gomisat/corpus/unsat-uuf225-960/uuf225-050.cnf,225,960,UNSAT,43937,1687095,52603,127,1.074161
/Users/okamu/.cache/gomisat/corpus/unsat-uuf225-960/uuf225-051.cnf,225,960,UNSAT,18141,732371,21588,63,0.315984
/Users/okamu/.cache/gomisat/corpus/unsat-uuf225-960/uuf225-052.cnf,225,960,UNSAT,43040,1736537,50995,127,0.989162
/Users/okamu/.cache/gomisat/corpus/unsat-uuf225-960/uuf225-053.cnf,225,960,UNSAT,66202,2638527,78700,204,1.645247
/Users/okamu/.cache/gomisat/corpus/unsat-uuf225-960/uuf225-054.cnf,225,960,UNSAT,55565,2252344,66186,173,1.398205
/Users/okamu/.cache/gomisat/corpus/unsat-uuf225-960/uuf225-055.cnf,225,960,UNSAT,59487,2347375,70624,189,1.692957
/Users/okamu/.cache/gomisat/corpus/unsat-uuf225-960/uuf225-056.cnf,225,960,UNSAT,37374,1503793,44781,126,0.828048
/Users/okamu/.cache/gomisat/corpus/unsat-uuf225-960/uuf225-057.cnf,225,960,UNSAT,71658,2850486,84670,221,2.110792
/Users/okamu/.cache/gomisat/corpus/unsat-uuf225-960/uuf225-058.cnf,225,960,UNSAT,52902,2183313,62962,158,1.286531
/Users/okamu/.cache/gomisat/corpus/unsat-uuf225-960/uuf225-059.cnf,225,960,UNSAT,31236,1263173,37382,115,0.645026
/Users/okamu/.cache/gomisat/corpus/unsat-uuf225-960/uuf225-06.cnf,225,960,UNSAT,38942,1543629,46535,127,0.842962
/Users/okamu/.cache/gomisat/corpus/unsat-uuf225-960/uuf225-060.cnf,225,960,UNSAT,22763,911599,27307,81,0.423447
/Users/okamu/.cache/gomisat/corpus/unsat-uuf225-960/uuf225-061.cnf,225,960,UNSAT,20812,805100,24938,73,0.362230
/Users/okamu/.cache/gomisat/corpus/unsat-uuf225-960/uuf225-062.cnf,225,960,UNSAT,43510,1756055,51342,127,1.939380
/Users/okamu/.cache/gomisat/corpus/unsat-uuf225-960/uuf225-063.cnf,225,960,UNSAT,80982,3253109,95914,253,2.342408
/Users/okamu/.cache/gomisat/corpus/unsat-uuf225-960/uuf225-064.cnf,225,960,UNSAT,30456,1210149,36133,109,0.605731
/Users/okamu/.cache/gomisat/corpus/unsat-uuf225-960/uuf225-065.cnf,225,960,UNSAT,51427,2046334,61035,158,1.287196
/Users/okamu/.cache/gomisat/corpus/unsat-uuf225-960/uuf225-066.cnf,225,960,UNSAT,43086,1676597,51006,127,1.080294
/Users/okamu/.cache/gomisat/corpus/unsat-uuf225-960/uuf225-067.cnf,225,960,UNSAT,41035,1673631,48461,127,0.967058
/Users/okamu/.cache/gomisat/corpus/unsat-uuf225-960/uuf225-068.cnf,225,960,UNSAT,35901,1471270,42918,126,0.790917
/Users/okamu/.cache/gomisat/corpus/unsat-uuf225-960/uuf225-069.cnf,225,960,UNSAT,45186,1801873,52954,130,1.067645
/Users/okamu/.cache/gomisat/corpus/unsat-uuf225-960/uuf225-07.cnf,225,960,UNSAT,33264,1313415,39746,124,0.786517
/Users/okamu/.cache/gomisat/corpus/unsat-uuf225-960/uuf225-070.cnf,225,960,UNSAT,74641,3065460,88818,236,1.926352
/Users/okamu/.cache/gomisat/corpus/unsat-uuf225-960/uuf225-071.cnf,225,960,UNSAT,38523,1521681,45810,127,0.874547
/Users/okamu/.cache/gomisat/corpus/unsat-uuf225-960/uuf225-072.cnf,225,960,UNSAT,30694,1201651,36229,112,0.705371
/Users/okamu/.cache/gomisat/corpus/unsat-uuf225-960/uuf225-073.cnf,225,960,UNSAT,32018,1316836,38189,119,0.638749
/Users/okamu/.cache/gomisat/corpus/unsat-uuf225-960/uuf225-074.cnf,225,960,UNSAT,80205,3177401,94674,253,2.213115
/Users/okamu/.cache/gomisat/corpus/unsat-uuf225-960/uuf225-075.cnf,225,960,UNSAT,22310,887466,26430,78,0.405629
/Users/okamu/.cache/gomisat/corpus/unsat-uuf225-960/uuf225-076.cnf,225,960,UNSAT,29219,1220943,34576,107,0.550025
/Users/okamu/.cache/gomisat/corpus/unsat-uuf225-960/uuf225-077.cnf,225,960,UNSAT,19354,751683,22831,65,0.357525
/Users/okamu/.cache/gomisat/corpus/unsat-uuf225-960/uuf225-078.cnf,225,960,UNSAT,66119,2700116,78277,203,1.765653
/Users/okamu/.cache/gomisat/corpus/unsat-uuf225-960/uuf225-079.cnf,225,960,UNSAT,36498,1447721,43286,126,0.825307
/Users/okamu/.cache/gomisat/corpus/unsat-uuf225-960/uuf225-08.cnf,225,960,UNSAT,22301,914573,26569,78,0.412348
/Users/okamu/.cache/gomisat/corpus/unsat-uuf225-960/uuf225-080.cnf,225,960,UNSAT,59287,2348009,70657,188,1.492014
/Users/okamu/.cache/gomisat/corpus/unsat-uuf225-960/uuf225-081.cnf,225,960,UNSAT,53958,2164627,63708,165,1.285307
/Users/okamu/.cache/gomisat/corpus/unsat-uuf225-960/uuf225-082.cnf,225,960,UNSAT,28026,1091024,33215,100,0.608732
/Users/okamu/.cache/gomisat/corpus/unsat-uuf225-960/uuf225-083.cnf,225,960,UNSAT,110252,4422163,131503,286,3.205023
/Users/okamu/.cache/gomisat/corpus/unsat-uuf225-960/uuf225-084.cnf,225,960,UNSAT,21033,831810,25064,75,0.377879
/Users/okamu/.cache/gomisat/corpus/unsat-uuf225-960/uuf225-085.cnf,225,960,UNSAT,71945,2800315,85334,221,2.043367
/Users/okamu/.cache/gomisat/corpus/unsat-uuf225-960/uuf225-086.cnf,225,960,UNSAT,46089,1967608,54718,134,1.041045
/Users/okamu/.cache/gomisat/corpus/unsat-uuf225-960/uuf225-087.cnf,225,960,UNSAT,36123,1451494,42788,126,0.828550
/Users/okamu/.cache/gomisat/corpus/unsat-uuf225-960/uuf225-088.cnf,225,960,UNSAT,32396,1287759,39059,122,0.663345
/Users/okamu/.cache/gomisat/corpus/unsat-uuf225-960/uuf225-089.cnf,225,960,UNSAT,51098,2106065,61331,157,1.231396
/Users/okamu/.cache/gomisat/corpus/unsat-uuf225-960/uuf225-09.cnf,225,960,UNSAT,79630,3157991,94709,252,2.259671
/Users/okamu/.cache/gomisat/corpus/unsat-uuf225-960/uuf225-090.cnf,225,960,UNSAT,37093,1473741,44560,126,0.848198
/Users/okamu/.cache/gomisat/corpus/unsat-uuf225-960/uuf225-091.cnf,225,960,UNSAT,44081,1794480,51987,127,1.042369
/Users/okamu/.cache/gomisat/corpus/unsat-uuf225-960/uuf225-092.cnf,225,960,UNSAT,64436,2709350,75908,193,1.719787
/Users/okamu/.cache/gomisat/corpus/unsat-uuf225-960/uuf225-093.cnf,225,960,UNSAT,61691,2401190,73376,190,1.532851
/Users/okamu/.cache/gomisat/corpus/unsat-uuf225-960/uuf225-094.cnf,225,960,UNSAT,76918,3134920,92019,246,1.999426
/Users/okamu/.cache/gomisat/corpus/unsat-uuf225-960/uuf225-095.cnf,225,960,UNSAT,38456,1527605,45819,126,0.874898
/Users/okamu/.cache/gomisat/corpus/unsat-uuf225-960/uuf225-096.cnf,225,960,UNSAT,66886,2677237,79091,205,1.887127
/Users/okamu/.cache/gomisat/corpus/unsat-uuf225-960/uuf225-097.cnf,225,960,UNSAT,41859,1718443,49838,127,0.935043
/Users/okamu/.cache/gomisat/corpus/unsat-uuf225-960/uuf225-098.cnf,225,960,UNSAT,112530,4438364,133556,299,3.379154
/Users/okamu/.cache/gomisat/corpus/unsat-uuf225-960/uuf225-099.cnf,225,960,UNSAT,23234,943966,27697,84,0.407396
/Users/okamu/.cache/gomisat/corpus/unsat-uuf250-1065/uuf250-01.cnf,250,1065,UNSAT,129640,5682339,153885,349,3.663120
/Users/okamu/.cache/gomisat/corpus/unsat-uuf250-1065/uuf250-010.cnf,250,1065,UNSAT,102350,4413704,121203,255,2.895746
/Users/okamu/.cache/gomisat/corpus/unsat-uuf250-1065/uuf250-0100.cnf,250,1065,UNSAT,183078,7593332,216935,508,5.708883
/Users/okamu/.cache/gomisat/corpus/unsat-uuf250-1065/uuf250-011.cnf,250,1065,UNSAT,162693,6886222,193098,444,5.013706
/Users/okamu/.cache/gomisat/corpus/unsat-uuf250-1065/uuf250-012.cnf,250,1065,UNSAT,115842,4959729,137626,315,3.166123
/Users/okamu/.cache/gomisat/corpus/unsat-uuf250-1065/uuf250-013.cnf,250,1065,UNSAT,107922,4506397,127774,284,3.162435
/Users/okamu/.cache/gomisat/corpus/unsat-uuf250-1065/uuf250-014.cnf,250,1065,UNSAT,130431,5625822,154433,354,4.485487
/Users/okamu/.cache/gomisat/corpus/unsat-uuf250-1065/uuf250-015.cnf,250,1065,UNSAT,141082,5974340,166158,382,4.289367
/Users/okamu/.cache/gomisat/corpus/unsat-uuf250-1065/uuf250-016.cnf,250,1065,UNSAT,88085,3668070,104637,254,2.465088
/Users/okamu/.cache/gomisat/corpus/unsat-uuf250-1065/uuf250-017.cnf,250,1065,UNSAT,124663,5178974,148011,333,3.921357
/Users/okamu/.cache/gomisat/corpus/unsat-uuf250-1065/uuf250-018.cnf,250,1065,UNSAT,130680,5634229,154358,356,3.649795
/Users/okamu/.cache/gomisat/corpus/unsat-uuf250-1065/uuf250-019.cnf,250,1065,UNSAT,123760,5290010,145059,331,3.761042
/Users/okamu/.cache/gomisat/corpus/unsat-uuf250-1065/uuf250-02.cnf,250,1065,UNSAT,122122,5185157,144839,321,3.464191
/Users/okamu/.cache/gomisat/corpus/unsat-uuf250-1065/uuf250-020.cnf,250,1065,UNSAT,163327,6840920,193538,444,5.047095
/Users/okamu/.cache/gomisat/corpus/unsat-uuf250-1065/uuf250-021.cnf,250,1065,UNSAT,188989,8110981,223668,509,6.313258
/Users/okamu/.cache/gomisat/corpus/unsat-uuf250-1065/uuf250-022.cnf,250,1065,UNSAT,180692,7774791,213940,506,5.640897
/Users/okamu/.cache/gomisat/corpus/unsat-uuf250-1065/uuf250-023.cnf,250,1065,UNSAT,85507,3593497,100331,254,2.388559
/Users/okamu/.cache/gomisat/corpus/unsat-uuf250-1065/uuf250-024.cnf,250,1065,UNSAT,84176,3583381,100118,254,2.214323
/Users/okamu/.cache/gomisat/corpus/unsat-uuf250-1065/uuf250-025.cnf,250,1065,UNSAT,121550,5282265,144008,318,3.514867
/Users/okamu/.cache/gomisat/corpus/unsat-uuf250-1065/uuf250-026.cnf,250,1065,UNSAT,69007,2966324,81866,216,1.749193
/Users/okamu/.cache/gomisat/corpus/unsat-uuf250-1065/uuf250-027.cnf,250,1065,UNSAT,159492,6819172,187829,434,4.931544
/Users/okamu/.cache/gomisat/corpus/unsat-uuf250-1065/uuf250-028.cnf,250,1065,UNSAT,135783,5764373,161092,379,4.509543
/Users/okamu/.cache/gomisat/corpus/unsat-uuf250-1065/uuf250-029.cnf,250,1065,UNSAT,78024,3331401,92520,251,2.229783
/Users/okamu/.cache/gomisat/corpus/unsat-uuf250-1065/uuf250-03.cnf,250,1065,UNSAT,118457,5094713,138912,317,3.607499
/Users/okamu/.cache/gomisat/corpus/unsat-uuf250-1065/uuf250-030.cnf,250,1065,UNSAT,75736,3174080,90606,239,1.994233
/Users/okamu/.cache/gomisat/corpus/unsat-uuf250-1065/uuf250-031.cnf,250,1065,UNSAT,162035,7122659,193093,444,4.588864
/Users/okamu/.cache/gomisat/corpus/unsat-uuf250-1065/uuf250-032.cnf,250,1065,UNSAT,123629,5148726,145341,330,3.670620
/Users/okamu/.cache/gomisat/corpus/unsat-uuf250-1065/uuf250-033.cnf,250,1065,UNSAT,257221,10581864,302528,605,9.222760
/Users/okamu/.cache/gomisat/corpus/unsat-uuf250-1065/uuf250-034.cnf,250,1065,UNSAT,187287,8019787,222358,509,5.913311
/Users/okamu/.cache/gomisat/corpus/unsat-uuf250-1065/uuf250-035.cnf,250,1065,UNSAT,194497,8089420,230480,510,6.321455
/Users/okamu/.cache/gomisat/corpus/unsat-uuf250-1065/uuf250-036.cnf,250,1065,UNSAT,75524,3213173,90001,238,2.099367
/Users/okamu/.cache/gomisat/corpus/unsat-uuf250-1065/uuf250-037.cnf,250,1065,UNSAT,72547,3022674,85677,224,2.032190
/Users/okamu/.cache/gomisat/corpus/unsat-uuf250-1065/uuf250-038.cnf,250,1065,UNSAT,47892,2048708,56894,142,1.149446
/Users/okamu/.cache/gomisat/corpus/unsat-uuf250-1065/uuf250-039.cnf,250,1065,UNSAT,94607,4026415,111798,255,2.618126
/Users/okamu/.cache/gomisat/corpus/unsat-uuf250-1065/uuf250-04.cnf,250,1065,UNSAT,107702,4494338,127803,283,3.213470
/Users/okamu/.cache/gomisat/corpus/unsat-uuf250-1065/uuf250-040.cnf,250,1065,UNSAT,44941,1888115,52846,128,1.085422
/Users/okamu/.cache/gomisat/corpus/unsat-uuf250-1065/uuf250-041.cnf,250,1065,UNSAT,99988,4384504,119455,255,2.770922
/Users/okamu/.cache/gomisat/corpus/unsat-uuf250-1065/uuf250-042.cnf,250,1065,UNSAT,116082,4954003,136748,315,3.550847
/Users/okamu/.cache/gomisat/corpus/unsat-uuf250-1065/uuf250-043.cnf,250,1065,UNSAT,152723,6459991,179921,410,4.613727
/Users/okamu/.cache/gomisat/corpus/unsat-uuf250-1065/uuf250-044.cnf,250,1065,UNSAT,109512,4662969,130244,286,3.251941
/Users/okamu/.cache/gomisat/corpus/unsat-uuf250-1065/uuf250-045.cnf,250,1065,UNSAT,78376,3372001,93204,251,2.166167
/Users/okamu/.cache/gomisat/corpus/unsat-uuf250-1065/uuf250-046.cnf,250,1065,UNSAT,223080,9496645,264917,511,6.993072
/Users/okamu/.cache/gomisat/corpus/unsat-uuf250-1065/uuf250-047.cnf,250,1065,UNSAT,93458,4004482,111103,255,2.500516
/Users/okamu/.cache/gomisat/corpus/unsat-uuf250-1065/uuf250-048.cnf,250,1065,UNSAT,42770,1878280,50599,127,0.969022
/Users/okamu/.cache/gomisat/corpus/unsat-uuf250-1065/uuf250-049.cnf,250,1065,UNSAT,77423,3473377,92378,250,2.097138
/Users/okamu/.cache/gomisat/corpus/unsat-uuf250-1065/uuf250-05.cnf,250,1065,UNSAT,90165,3813236,107442,255,2.589803
/Users/okamu/.cache/gomisat/corpus/unsat-uuf250-1065/uuf250-050.cnf,250,1065,UNSAT,133268,5522222,158334,366,4.142337
/Users/okamu/.cache/gomisat/corpus/unsat-uuf250-1065/uuf250-051.cnf,250,1065,UNSAT,168600,7267347,199204,458,5.373179
/Users/okamu/.cache/gomisat/corpus/unsat-uuf250-1065/uuf250-052.cnf,250,1065,UNSAT,111103,4659204,131294,290,3.718928
/Users/okamu/.cache/gomisat/corpus/unsat-uuf250-1065/uuf250-053.cnf,250,1065,UNSAT,185670,7745218,219903,508,6.300846
/Users/okamu/.cache/gomisat/corpus/unsat-uuf250-1065/uuf250-054.cnf,250,1065,UNSAT,114482,5033085,135281,307,3.249738
/Users/okamu/.cache/gomisat/corpus/unsat-uuf250-1065/uuf250-055.cnf,250,1065,UNSAT,43601,1810035,51427,127,1.061829
/Users/okamu/.cache/gomisat/corpus/unsat-uuf250-1065/uuf250-056.cnf,250,1065,UNSAT,89614,3860596,106492,254,2.391287
/Users/okamu/.cache/gomisat/corpus/unsat-uuf250-1065/uuf250-057.cnf,250,1065,UNSAT,118047,4991485,140978,317,3.509242
/Users/okamu/.cache/gomisat/corpus/unsat-uuf250-1065/uuf250-058.cnf,250,1065,UNSAT,197208,8406534,232453,510,6.222781
/Users/okamu/.cache/gomisat/corpus/unsat-uuf250-1065/uuf250-059.cnf,250,1065,UNSAT,69896,2923026,82669,220,1.907702
/Users/okamu/.cache/gomisat/corpus/unsat-uuf250-1065/uuf250-06.cnf,250,1065,UNSAT,126101,5321919,149321,340,3.797970
/Users/okamu/.cache/gomisat/corpus/unsat-uuf250-1065/uuf250-060.cnf,250,1065,UNSAT,70305,3042892,83647,220,1.899505
/Users/okamu/.cache/gomisat/corpus/unsat-uuf250-1065/uuf250-061.cnf,250,1065,UNSAT,239156,10143905,281980,545,7.798484
/Users/okamu/.cache/gomisat/corpus/unsat-uuf250-1065/uuf250-062.cnf,250,1065,UNSAT,80072,3389335,96024,252,2.167819
/Users/okamu/.cache/gomisat/corpus/unsat-uuf250-1065/uuf250-063.cnf,250,1065,UNSAT,150494,6463384,178537,397,4.652560
/Users/okamu/.cache/gomisat/corpus/unsat-uuf250-1065/uuf250-064.cnf,250,1065,UNSAT,144084,6131304,169789,382,4.415842
/Users/okamu/.cache/gomisat/corpus/unsat-uuf250-1065/uuf250-065.cnf,250,1065,UNSAT,65896,2821806,78116,202,1.863087
/Users/okamu/.cache/gomisat/corpus/unsat-uuf250-1065/uuf250-066.cnf,250,1065,UNSAT,232091,9928854,272723,519,8.167064
/Users/okamu/.cache/gomisat/corpus/unsat-uuf250-1065/uuf250-067.cnf,250,1065,UNSAT,111768,4864940,133204,293,3.286536
/Users/okamu/.cache/gomisat/corpus/unsat-uuf250-1065/uuf250-068.cnf,250,1065,UNSAT,34069,1485636,40151,125,0.724363
/Users/okamu/.cache/gomisat/corpus/unsat-uuf250-1065/uuf250-069.cnf,250,1065,UNSAT,140599,5854134,166585,381,4.300460
/Users/okamu/.cache/gomisat/corpus/unsat-uuf250-1065/uuf250-07.cnf,250,1065,UNSAT,127523,5385456,150345,348,3.708499
/Users/okamu/.cache/gomisat/corpus/unsat-uuf250-1065/uuf250-070.cnf,250,1065,UNSAT,196900,8496685,232706,510,6.166979
/Users/okamu/.cache/gomisat/corpus/unsat-uuf250-1065/uuf250-071.cnf,250,1065,UNSAT,196788,8257324,233379,510,6.333421
/Users/okamu/.cache/gomisat/corpus/unsat-uuf250-1065/uuf250-072.cnf,250,1065,UNSAT,108064,4613165,128320,284,3.184972
/Users/okamu/.cache/gomisat/corpus/unsat-uuf250-1065/uuf250-073.cnf,250,1065,UNSAT,65406,2890883,78132,198,1.574563
/Users/okamu/.cache/gomisat/corpus/unsat-uuf250-1065/uuf250-074.cnf,250,1065,UNSAT,91413,3829831,108666,255,2.437740
/Users/okamu/.cache/gomisat/corpus/unsat-uuf250-1065/uuf250-075.cnf,250,1065,UNSAT,141727,6090912,168786,382,4.228198
/Users/okamu/.cache/gomisat/corpus/unsat-uuf250-1065/uuf250-076.cnf,250,1065,UNSAT,92127,3842378,108676,255,2.591066
/Users/okamu/.cache/gomisat/corpus/unsat-uuf250-1065/uuf250-077.cnf,250,1065,UNSAT,253915,10877475,299761,595,8.515582
/Users/okamu/.cache/gomisat/corpus/unsat-uuf250-1065/uuf250-078.cnf,250,1065,UNSAT,143282,6090949,168642,382,4.302129
/Users/okamu/.cache/gomisat/corpus/unsat-uuf250-1065/uuf250-079.cnf,250,1065,UNSAT,122386,5174208,145095,323,3.945801
/Users/okamu/.cache/gomisat/corpus/unsat-uuf250-1065/uuf250-08.cnf,250,1065,UNSAT,112631,4731831,133258,299,3.333960
/Users/okamu/.cache/gomisat/corpus/unsat-uuf250-1065/uuf250-080.cnf,250,1065,UNSAT,143121,5992735,169022,382,4.977900
/Users/okamu/.cache/gomisat/corpus/unsat-uuf250-1065/uuf250-081.cnf,250,1065,UNSAT,163682,6820309,193911,445,5.364398
/Users/okamu/.cache/gomisat/corpus/unsat-uuf250-1065/uuf250-082.cnf,250,1065,UNSAT,140126,5954609,165506,381,4.206579
/Users/okamu/.cache/gomisat/corpus/unsat-uuf250-1065/uuf250-083.cnf,250,1065,UNSAT,52889,2329620,63160,158,1.272910
/Users/okamu/.cache/gomisat/corpus/unsat-uuf250-1065/uuf250-084.cnf,250,1065,UNSAT,79469,3496512,94345,252,2.116502
/Users/okamu/.cache/gomisat/corpus/unsat-uuf250-1065/uuf250-085.cnf,250,1065,UNSAT,117748,4925539,139180,317,3.650758
/Users/okamu/.cache/gomisat/corpus/unsat-uuf250-1065/uuf250-086.cnf,250,1065,UNSAT,100743,4210728,118639,255,2.973984
/Users/okamu/.cache/gomisat/corpus/unsat-uuf250-1065/uuf250-087.cnf,250,1065,UNSAT,272104,11579062,321556,638,9.668916
/Users/okamu/.cache/gomisat/corpus/unsat-uuf250-1065/uuf250-088.cnf,250,1065,UNSAT,159012,6658619,186819,431,4.914388
/Users/okamu/.cache/gomisat/corpus/unsat-uuf250-1065/uuf250-089.cnf,250,1065,UNSAT,135149,5808219,159707,378,4.188190
/Users/okamu/.cache/gomisat/corpus/unsat-uuf250-1065/uuf250-09.cnf,250,1065,UNSAT,278851,11996223,327472,653,8.963868
/Users/okamu/.cache/gomisat/corpus/unsat-uuf250-1065/uuf250-090.cnf,250,1065,UNSAT,32674,1403291,38848,123,0.702345
/Users/okamu/.cache/gomisat/corpus/unsat-uuf250-1065/uuf250-091.cnf,250,1065,UNSAT,115885,5023986,137891,315,3.418098
/Users/okamu/.cache/gomisat/corpus/unsat-uuf250-1065/uuf250-092.cnf,250,1065,UNSAT,208573,8804052,246787,511,6.901694
/Users/okamu/.cache/gomisat/corpus/unsat-uuf250-1065/uuf250-093.cnf,250,1065,UNSAT,106419,4574247,126540,275,3.020181
/Users/okamu/.cache/gomisat/corpus/unsat-uuf250-1065/uuf250-094.cnf,250,1065,UNSAT,94526,3997421,112248,255,2.671738
/Users/okamu/.cache/gomisat/corpus/unsat-uuf250-1065/uuf250-095.cnf,250,1065,UNSAT,71529,2972903,84894,221,2.054438
/Users/okamu/.cache/gomisat/corpus/unsat-uuf250-1065/uuf250-096.cnf,250,1065,UNSAT,150103,6370500,175867,397,4.571434
/Users/okamu/.cache/gomisat/corpus/unsat-uuf250-1065/uuf250-097.cnf,250,1065,UNSAT,74763,3255705,88468,236,1.979474
/Users/okamu/.cache/gomisat/corpus/unsat-uuf250-1065/uuf250-098.cnf,250,1065,UNSAT,47603,2029483,56693,142,1.156976
/Users/okamu/.cache/gomisat/corpus/unsat-uuf250-1065/uuf250-099.cnf,250,1065,UNSAT,92908,3929890,109631,255,2.639939
