instance,vars,clauses,status,conflicts,propagations,decisions,restarts,seconds
/Users/okamu/.cache/gomisat/corpus/mixed-beijing/2bitadd_10.cnf,590,1422,UNSAT,120074,4979857,165605,451,3.049418
/Users/okamu/.cache/gomisat/corpus/mixed-beijing/2bitadd_11.cnf,649,1562,SAT,253,11102,904,2,0.002110
/Users/okamu/.cache/gomisat/corpus/mixed-beijing/2bitadd_12.cnf,708,1702,SAT,477,17605,1346,2,0.004477
/Users/okamu/.cache/gomisat/corpus/mixed-beijing/2bitcomp_5.cnf,125,310,SAT,0,125,58,1,0.000026
/Users/okamu/.cache/gomisat/corpus/mixed-beijing/2bitmax_6.cnf,252,766,SAT,0,252,137,1,0.000035
/Users/okamu/.cache/gomisat/corpus/mixed-beijing/3bitadd_31.cnf,8432,31310,SAT,8734,1351802,38936,23,0.451740
/Users/okamu/.cache/gomisat/corpus/mixed-beijing/3bitadd_32.cnf,8704,32316,SAT,50689,7948482,106585,47,3.876262
/Users/okamu/.cache/gomisat/corpus/mixed-beijing/3blocks.cnf,283,9690,SAT,153,7822,833,3,0.001444
/Users/okamu/.cache/gomisat/corpus/mixed-beijing/4blocks.cnf,758,47820,SAT,1358,86202,9958,27,0.023494
/Users/okamu/.cache/gomisat/corpus/mixed-beijing/4blocksb.cnf,410,24758,SAT,187,12743,1284,4,0.002725
/Users/okamu/.cache/gomisat/corpus/mixed-beijing/e0ddr2-10-by-5-1.cnf,19500,103887,SAT,276,170968,6277,6,0.019598
/Users/okamu/.cache/gomisat/corpus/mixed-beijing/e0ddr2-10-by-5-4.cnf,19500,104527,SAT,0,19500,5795,1,0.005730
/Users/okamu/.cache/gomisat/corpus/mixed-beijing/enddr2-10-by-5-1.cnf,20700,111567,SAT,0,20700,5458,1,0.004866
/Users/okamu/.cache/gomisat/corpus/mixed-beijing/enddr2-10-by-5-8.cnf,21000,113729,SAT,0,21000,5550,1,0.005506
/Users/okamu/.cache/gomisat/corpus/mixed-beijing/ewddr2-10-by-5-1.cnf,21800,118607,SAT,0,21800,5474,1,0.004820
/Users/okamu/.cache/gomisat/corpus/mixed-beijing/ewddr2-10-by-5-8.cnf,22500,123329,SAT,1,22774,5353,1,0.006989
/Users/okamu/.cache/gomisat/corpus/sat-ais/ais10.cnf,181,3151,SAT,96,3043,247,1,0.000498
/Users/okamu/.cache/gomisat/corpus/sat-ais/ais12.cnf,265,5666,SAT,2729,124300,4030,14,0.024858
/Users/okamu/.cache/gomisat/corpus/sat-ais/ais6.cnf,61,581,SAT,9,222,35,1,0.000053
/Users/okamu/.cache/gomisat/corpus/sat-ais/ais8.cnf,113,1520,SAT,8,306,65,1,0.000067
/Users/okamu/.cache/gomisat/corpus/sat-blocksworld/anomaly.cnf,48,261,SAT,1,83,5,1,0.000021
/Users/okamu/.cache/gomisat/corpus/sat-blocksworld/bw_large.a.cnf,459,4675,SAT,18,2767,39,1,0.000289
/Users/okamu/.cache/gomisat/corpus/sat-blocksworld/bw_large.b.cnf,1087,13772,SAT,58,18390,137,2,0.001456
/Users/okamu/.cache/gomisat/corpus/sat-blocksworld/bw_large.c.cnf,3016,50457,SAT,1144,535472,2300,23,0.048255
/Users/okamu/.cache/gomisat/corpus/sat-blocksworld/bw_large.d.cnf,6325,131973,SAT,4362,2969568,8452,29,0.303882
/Users/okamu/.cache/gomisat/corpus/sat-blocksworld/huge.cnf,459,7054,SAT,21,3710,40,1,0.000347
/Users/okamu/.cache/gomisat/corpus/sat-blocksworld/medium.cnf,116,953,SAT,5,362,13,1,0.000057
/Users/okamu/.cache/gomisat/corpus/sat-bmc/bmc-galileo-8.cnf,58074,294821,SAT,2047,2011541,12375,40,0.275724
/Users/okamu/.cache/gomisat/corpus/sat-bmc/bmc-galileo-9.cnf,63624,326999,SAT,1470,1483598,9794,29,0.210918
/Users/okamu/.cache/gomisat/corpus/sat-bmc/bmc-ibm-1.cnf,9685,55870,SAT,1332,449821,10128,27,0.059694
/Users/okamu/.cache/gomisat/corpus/sat-bmc/bmc-ibm-10.cnf,59056,323700,SAT,4732,4352086,30067,91,0.769977
/Users/okamu/.cache/gomisat/corpus/sat-bmc/bmc-ibm-11.cnf,32109,150027,SAT,4263,3773969,20097,85,0.572544
/Users/okamu/.cache/gomisat/corpus/sat-bmc/bmc-ibm-12.cnf,39598,194778,SAT,10684,20759047,46568,199,4.051690
/Users/okamu/.cache/gomisat/corpus/sat-bmc/bmc-ibm-13.cnf,13215,65728,SAT,2221,1177051,10556,44,0.168154
/Users/okamu/.cache/gomisat/corpus/sat-bmc/bmc-ibm-2.cnf,2810,11683,SAT,60,11998,314,2,0.001308
/Users/okamu/.cache/gomisat/corpus/sat-bmc/bmc-ibm-3.cnf,14930,72106,SAT,1849,1119790,4253,2,0.128342
/Users/okamu/.cache/gomisat/corpus/sat-bmc/bmc-ibm-4.cnf,28161,139716,SAT,1790,1271351,10072,36,0.184713
/Users/okamu/.cache/gomisat/corpus/sat-bmc/bmc-ibm-5.cnf,9396,41207,SAT,81,32458,1993,2,0.004435
/Users/okamu/.cache/gomisat/corpus/sat-bmc/bmc-ibm-6.cnf,51639,368352,SAT,1114,542139,11915,23,0.099528
/Users/okamu/.cache/gomisat/corpus/sat-bmc/bmc-ibm-7.cnf,8710,39774,SAT,4,15691,401,1,0.002292
/Users/okamu/.cache/gomisat/corpus/sat-flat150-360/flat150-1.cnf,450,1680,SAT,870,90222,1089,1,0.010061
/Users/okamu/.cache/gomisat/corpus/sat-flat150-360/flat150-10.cnf,450,1680,SAT,117,12855,211,1,0.001142
/Users/okamu/.cache/gomisat/corpus/sat-flat150-360/flat150-100.cnf,450,1680,SAT,226,26258,342,5,0.002282
/Users/okamu/.cache/gomisat/corpus/sat-flat150-360/flat150-11.cnf,450,1680,SAT,57,6319,137,1,0.000560
/Users/okamu/.cache/gomisat/corpus/sat-flat150-360/flat150-12.cnf,450,1680,SAT,204,24536,323,5,0.002540
/Users/okamu/.cache/gomisat/corpus/sat-flat150-360/flat150-13.cnf,450,1680,SAT,118,12736,226,2,0.001913
/Users/okamu/.cache/gomisat/corpus/sat-flat150-360/flat150-14.cnf,450,1680,SAT,172,18584,279,2,0.001592
/Users/okamu/.cache/gomisat/corpus/sat-flat150-360/flat150-15.cnf,450,1680,SAT,596,67149,734,1,0.006622
/Users/okamu/.cache/gomisat/corpus/sat-flat150-360/flat150-16.cnf,450,1680,SAT,136,14701,237,3,0.001396
/Users/okamu/.cache/gomisat/corpus/sat-flat150-360/flat150-17.cnf,450,1680,SAT,12,1777,51,1,0.000184
/Users/okamu/.cache/gomisat/corpus/sat-flat150-360/flat150-18.cnf,450,1680,SAT,34,4204,95,1,0.000374
/Users/okamu/.cache/gomisat/corpus/sat-flat150-360/flat150-19.cnf,450,1680,SAT,137,13512,212,1,0.001537
/Users/okamu/.cache/gomisat/corpus/sat-flat150-360/flat150-2.cnf,450,1680,SAT,781,84443,1006,1,0.009055
/Users/okamu/.cache/gomisat/corpus/sat-flat150-360/flat150-20.cnf,450,1680,SAT,14,1740,60,1,0.000216
/Users/okamu/.cache/gomisat/corpus/sat-flat150-360/flat150-21.cnf,450,1680,SAT,406,39528,496,1,0.003605
/Users/okamu/.cache/gomisat/corpus/sat-flat150-360/flat150-22.cnf,450,1680,SAT,90,8721,167,2,0.000742
/Users/okamu/.cache/gomisat/corpus/sat-flat150-360/flat150-23.cnf,450,1680,SAT,234,24557,358,5,0.002150
/Users/okamu/.cache/gomisat/corpus/sat-flat150-360/flat150-24.cnf,450,1680,SAT,119,14540,175,1,0.001581
/Users/okamu/.cache/gomisat/corpus/sat-flat150-360/flat150-25.cnf,450,1680,SAT,151,17198,274,4,0.001484
/Users/okamu/.cache/gomisat/corpus/sat-flat150-360/flat150-26.cnf,450,1680,SAT,402,44964,526,1,0.004002
/Users/okamu/.cache/gomisat/corpus/sat-flat150-360/flat150-27.cnf,450,1680,SAT,12,2303,57,1,0.000212
/Users/okamu/.cache/gomisat/corpus/sat-flat150-360/flat150-28.cnf,450,1680,SAT,565,57453,691,1,0.005647
/Users/okamu/.cache/gomisat/corpus/sat-flat150-360/flat150-29.cnf,450,1680,SAT,230,25160,363,5,0.002200
/Users/okamu/.cache/gomisat/corpus/sat-flat150-360/flat150-3.cnf,450,1680,SAT,14,1279,83,1,0.000140
/Users/okamu/.cache/gomisat/corpus/sat-flat150-360/flat150-30.cnf,450,1680,SAT,864,86696,1049,1,0.009724
/Users/okamu/.cache/gomisat/corpus/sat-flat150-360/flat150-31.cnf,450,1680,SAT,513,52591,610,1,0.005474
/Users/okamu/.cache/gomisat/corpus/sat-flat150-360/flat150-32.cnf,450,1680,SAT,276,28617,354,1,0.002513
/Users/okamu/.cache/gomisat/corpus/sat-flat150-360/flat150-33.cnf,450,1680,SAT,246,25698,360,2,0.002288
/Users/okamu/.cache/gomisat/corpus/sat-flat150-360/flat150-34.cnf,450,1680,SAT,96,11239,171,2,0.001825
/Users/okamu/.cache/gomisat/corpus/sat-flat150-360/flat150-35.cnf,450,1680,SAT,83,8118,164,2,0.000716
/Users/okamu/.cache/gomisat/corpus/sat-flat150-360/flat150-36.cnf,450,1680,SAT,85,9588,168,1,0.000797
/Users/okamu/.cache/gomisat/corpus/sat-flat150-360/flat150-37.cnf,450,1680,SAT,384,36601,468,1,0.003406
/Users/okamu/.cache/gomisat/corpus/sat-flat150-360/flat150-38.cnf,450,1680,SAT,83,8465,154,2,0.001089
/Users/okamu/.cache/gomisat/corpus/sat-flat150-360/flat150-39.cnf,450,1680,SAT,87,7309,182,2,0.000658
/Users/okamu/.cache/gomisat/corpus/sat-flat150-360/flat150-4.cnf,450,1680,SAT,280,32002,362,1,0.002765
/Users/okamu/.cache/gomisat/corpus/sat-flat150-360/flat150-40.cnf,450,1680,SAT,165,18943,250,4,0.001604
/Users/okamu/.cache/gomisat/corpus/sat-flat150-360/flat150-41.cnf,450,1680,SAT,33,3849,94,1,0.000376
/Users/okamu/.cache/gomisat/corpus/sat-flat150-360/flat150-42.cnf,450,1680,SAT,306,28919,396,1,0.002633
/Users/okamu/.cache/gomisat/corpus/sat-flat150-360/flat150-43.cnf,450,1680,SAT,273,31770,362,1,0.002721
/Users/okamu/.cache/gomisat/corpus/sat-flat150-360/flat150-44.cnf,450,1680,SAT,51,5695,109,1,0.000598
/Users/okamu/.cache/gomisat/corpus/sat-flat150-360/flat150-45.cnf,450,1680,SAT,570,58349,828,12,0.006026
/Users/okamu/.cache/gomisat/corpus/sat-flat150-360/flat150-46.cnf,450,1680,SAT,129,14336,204,3,0.001339
/Users/okamu/.cache/gomisat/corpus/sat-flat150-360/flat150-47.cnf,450,1680,SAT,33,3456,90,1,0.000317
/Users/okamu/.cache/gomisat/corpus/sat-flat150-360/flat150-48.cnf,450,1680,SAT,568,62851,859,12,0.006720
/Users/okamu/.cache/gomisat/corpus/sat-flat150-360/flat150-49.cnf,450,1680,SAT,169,17134,303,4,0.001464
/Users/okamu/.cache/gomisat/corpus/sat-flat150-360/flat150-5.cnf,450,1680,SAT,144,14809,208,1,0.001165
/Users/okamu/.cache/gomisat/corpus/sat-flat150-360/flat150-50.cnf,450,1680,SAT,71,6990,136,2,0.000679
/Users/okamu/.cache/gomisat/corpus/sat-flat150-360/flat150-51.cnf,450,1680,SAT,316,34027,425,1,0.003097
/Users/okamu/.cache/gomisat/corpus/sat-flat150-360/flat150-52.cnf,450,1680,SAT,595,65871,837,12,0.006552
/Users/okamu/.cache/gomisat/corpus/sat-flat150-360/flat150-53.cnf,450,1680,SAT,225,25783,358,5,0.002142
/Users/okamu/.cache/gomisat/corpus/sat-flat150-360/flat150-54.cnf,450,1680,SAT,228,25407,347,5,0.002231
/Users/okamu/.cache/gomisat/corpus/sat-flat150-360/flat150-55.cnf,450,1680,SAT,47,4472,114,1,0.000396
/Users/okamu/.cache/gomisat/corpus/sat-flat150-360/flat150-56.cnf,450,1680,SAT,254,27847,440,6,0.002480
/Users/okamu/.cache/gomisat/corpus/sat-flat150-360/flat150-57.cnf,450,1680,SAT,361,39595,519,8,0.003650
/Users/okamu/.cache/gomisat/corpus/sat-flat150-360/flat150-58.cnf,450,1680,SAT,235,26926,336,1,0.002577
/Users/okamu/.cache/gomisat/corpus/sat-flat150-360/flat150-59.cnf,450,1680,SAT,317,38049,469,7,0.003286
/Users/okamu/.cache/gomisat/corpus/sat-flat150-360/flat150-6.cnf,450,1680,SAT,86,10235,159,2,0.000845
/Users/okamu/.cache/gomisat/corpus/sat-flat150-360/flat150-60.cnf,450,1680,SAT,327,34408,435,1,0.003136
/Users/okamu/.cache/gomisat/corpus/sat-flat150-360/flat150-61.cnf,450,1680,SAT,168,18786,276,1,0.001562
/Users/okamu/.cache/gomisat/corpus/sat-flat150-360/flat150-62.cnf,450,1680,SAT,164,17432,228,1,0.001493
/Users/okamu/.cache/gomisat/corpus/sat-flat150-360/flat150-63.cnf,450,1680,SAT,228,23166,306,2,0.002111
/Users/okamu/.cache/gomisat/corpus/sat-flat150-360/flat150-64.cnf,450,1680,SAT,32,3518,83,1,0.000522
/Users/okamu/.cache/gomisat/corpus/sat-flat150-360/flat150-65.cnf,450,1680,SAT,225,24059,357,5,0.002102
/Users/okamu/.cache/gomisat/corpus/sat-flat150-360/flat150-66.cnf,450,1680,SAT,31,3625,90,1,0.000351
/Users/okamu/.cache/gomisat/corpus/sat-flat150-360/flat150-67.cnf,450,1680,SAT,537,55480,658,1,0.005398
/Users/okamu/.cache/gomisat/corpus/sat-flat150-360/flat150-68.cnf,450,1680,SAT,216,24228,334,4,0.002087
/Users/okamu/.cache/gomisat/corpus/sat-flat150-360/flat150-69.cnf,450,1680,SAT,53,5569,109,1,0.000485
/Users/okamu/.cache/gomisat/corpus/sat-flat150-360/flat150-7.cnf,450,1680,SAT,440,48014,568,1,0.004296
/Users/okamu/.cache/gomisat/corpus/sat-flat150-360/flat150-70.cnf,450,1680,SAT,203,24006,319,5,0.001999
/Users/okamu/.cache/gomisat/corpus/sat-flat150-360/flat150-71.cnf,450,1680,SAT,159,14706,242,1,0.001211
/Users/okamu/.cache/gomisat/corpus/sat-flat150-360/flat150-72.cnf,450,1680,SAT,72,7639,121,1,0.000694
/Users/okamu/.cache/gomisat/corpus/sat-flat150-360/flat150-73.cnf,450,1680,SAT,301,34917,402,1,0.003079
/Users/okamu/.cache/gomisat/corpus/sat-flat150-360/flat150-74.cnf,450,1680,SAT,36,3607,86,1,0.000656
/Users/okamu/.cache/gomisat/corpus/sat-flat150-360/flat150-75.cnf,450,1680,SAT,77,7679,160,2,0.000654
/Users/okamu/.cache/gomisat/corpus/sat-flat150-360/flat150-76.cnf,450,1680,SAT,136,16191,207,1,0.001291
/Users/okamu/.cache/gomisat/corpus/sat-flat150-360/flat150-77.cnf,450,1680,SAT,166,19108,274,4,0.001618
/Users/okamu/.cache/gomisat/corpus/sat-flat150-360/flat150-78.cnf,450,1680,SAT,169,18217,252,1,0.001518
/Users/okamu/.cache/gomisat/corpus/sat-flat150-360/flat150-79.cnf,450,1680,SAT,178,18582,244,1,0.001902
/Users/okamu/.cache/gomisat/corpus/sat-flat150-360/flat150-8.cnf,450,1680,SAT,83,8734,142,1,0.000745
/Users/okamu/.cache/gomisat/corpus/sat-flat150-360/flat150-80.cnf,450,1680,SAT,526,51956,683,1,0.005238
/Users/okamu/.cache/gomisat/corpus/sat-flat150-360/flat150-81.cnf,450,1680,SAT,132,15323,206,1,0.001254
/Users/okamu/.cache/gomisat/corpus/sat-flat150-360/flat150-82.cnf,450,1680,SAT,246,28223,327,1,0.002431
/Users/okamu/.cache/gomisat/corpus/sat-flat150-360/flat150-83.cnf,450,1680,SAT,370,39342,477,1,0.003537
/Users/okamu/.cache/gomisat/corpus/sat-flat150-360/flat150-84.cnf,450,1680,SAT,220,24115,305,1,0.002325
/Users/okamu/.cache/gomisat/corpus/sat-flat150-360/flat150-85.cnf,450,1680,SAT,288,33176,400,4,0.003100
/Users/okamu/.cache/gomisat/corpus/sat-flat150-360/flat150-86.cnf,450,1680,SAT,235,26002,314,1,0.002659
/Users/okamu/.cache/gomisat/corpus/sat-flat150-360/flat150-87.cnf,450,1680,SAT,416,46448,505,1,0.004189
/Users/okamu/.cache/gomisat/corpus/sat-flat150-360/flat150-88.cnf,450,1680,SAT,59,5612,119,2,0.000499
/Users/okamu/.cache/gomisat/corpus/sat-flat150-360/flat150-89-c2.cnf,450,1680,SAT,280,32261,371,1,0.002787
/Users/okamu/.cache/gomisat/corpus/sat-flat150-360/flat150-89.cnf,450,1680,SAT,280,32261,371,1,0.002747
/Users/okamu/.cache/gomisat/corpus/sat-flat150-360/flat150-9.cnf,450,1680,SAT,252,27682,413,5,0.002938
/Users/okamu/.cache/gomisat/corpus/sat-flat150-360/flat150-90.cnf,450,1680,SAT,991,104682,1184,1,0.012728
/Users/okamu/.cache/gomisat/corpus/sat-flat150-360/flat150-91.cnf,450,1680,SAT,106,12198,182,3,0.001060
/Users/okamu/.cache/gomisat/corpus/sat-flat150-360/flat150-92.cnf,450,1680,SAT,46,5299,101,1,0.000472
/Users/okamu/.cache/gomisat/corpus/sat-flat150-360/flat150-93.cnf,450,1680,SAT,110,12964,205,3,0.001116
/Users/okamu/.cache/gomisat/corpus/sat-flat150-360/flat150-94.cnf,450,1680,SAT,221,23690,378,4,0.002236
/Users/okamu/.cache/gomisat/corpus/sat-flat150-360/flat150-95.cnf,450,1680,SAT,257,28065,356,1,0.002519
/Users/okamu/.cache/gomisat/corpus/sat-flat150-360/flat150-96.cnf,450,1680,SAT,474,48080,601,1,0.004902
/Users/okamu/.cache/gomisat/corpus/sat-flat150-360/flat150-97.cnf,450,1680,SAT,63,5682,117,1,0.000524
/Users/okamu/.cache/gomisat/corpus/sat-flat150-360/flat150-98.cnf,450,1680,SAT,126,13384,221,3,0.001513
/Users/okamu/.cache/gomisat/corpus/sat-flat150-360/flat150-99.cnf,450,1680,SAT,54,5489,139,2,0.000484
/Users/okamu/.cache/gomisat/corpus/sat-flat175-417/flat175-1.cnf,525,1951,SAT,131,17061,218,3,0.001389
/Users/okamu/.cache/gomisat/corpus/sat-flat175-417/flat175-10.cnf,525,1951,SAT,542,59543,719,1,0.005844
/Users/okamu/.cache/gomisat/corpus/sat-flat175-417/flat175-100.cnf,525,1951,SAT,797,99456,1069,5,0.010743
/Users/okamu/.cache/gomisat/corpus/sat-flat175-417/flat175-11.cnf,525,1951,SAT,1494,176787,1802,1,0.021441
/Users/okamu/.cache/gomisat/corpus/sat-flat175-417/flat175-12.cnf,525,1951,SAT,330,40734,501,7,0.003998
/Users/okamu/.cache/gomisat/corpus/sat-flat175-417/flat175-13.cnf,525,1951,SAT,523,60962,758,11,0.006384
/Users/okamu/.cache/gomisat/corpus/sat-flat175-417/flat175-14.cnf,525,1951,SAT,293,35868,404,1,0.003861
/Users/okamu/.cache/gomisat/corpus/sat-flat175-417/flat175-15.cnf,525,1951,SAT,136,15133,221,1,0.001239
/Users/okamu/.cache/gomisat/corpus/sat-flat175-417/flat175-16.cnf,525,1951,SAT,346,43602,557,7,0.003988
/Users/okamu/.cache/gomisat/corpus/sat-flat175-417/flat175-17.cnf,525,1951,SAT,74,9595,162,2,0.001241
/Users/okamu/.cache/gomisat/corpus/sat-flat175-417/flat175-18.cnf,525,1951,SAT,238,25136,330,1,0.002175
/Users/okamu/.cache/gomisat/corpus/sat-flat175-417/flat175-19.cnf,525,1951,SAT,68,7470,147,2,0.000699
/Users/okamu/.cache/gomisat/corpus/sat-flat175-417/flat175-2.cnf,525,1951,SAT,417,51160,571,1,0.005371
/Users/okamu/.cache/gomisat/corpus/sat-flat175-417/flat175-20.cnf,525,1951,SAT,183,20692,355,4,0.001832
/Users/okamu/.cache/gomisat/corpus/sat-flat175-417/flat175-21.cnf,525,1951,SAT,74,9880,195,2,0.000893
/Users/okamu/.cache/gomisat/corpus/sat-flat175-417/flat175-22.cnf,525,1951,SAT,959,116761,1378,15,0.013067
/Users/okamu/.cache/gomisat/corpus/sat-flat175-417/flat175-23.cnf,525,1951,SAT,1187,144277,1641,24,0.017199
/Users/okamu/.cache/gomisat/corpus/sat-flat175-417/flat175-24.cnf,525,1951,SAT,89,8922,175,2,0.000821
/Users/okamu/.cache/gomisat/corpus/sat-flat175-417/flat175-25.cnf,525,1951,SAT,342,40971,598,7,0.003733
/Users/okamu/.cache/gomisat/corpus/sat-flat175-417/flat175-26.cnf,525,1951,SAT,383,45459,531,1,0.004254
/Users/okamu/.cache/gomisat/corpus/sat-flat175-417/flat175-27.cnf,525,1951,SAT,255,30220,352,1,0.002959
/Users/okamu/.cache/gomisat/corpus/sat-flat175-417/flat175-28.cnf,525,1951,SAT,86,10508,140,1,0.001113
/Users/okamu/.cache/gomisat/corpus/sat-flat175-417/flat175-29.cnf,525,1951,SAT,36,3809,110,1,0.000351
/Users/okamu/.cache/gomisat/corpus/sat-flat175-417/flat175-3.cnf,525,1951,SAT,295,36117,387,1,0.003203
/Users/okamu/.cache/gomisat/corpus/sat-flat175-417/flat175-30.cnf,525,1951,SAT,124,16376,178,1,0.001603
/Users/okamu/.cache/gomisat/corpus/sat-flat175-417/flat175-31.cnf,525,1951,SAT,204,23083,283,1,0.001981
/Users/okamu/.cache/gomisat/corpus/sat-flat175-417/flat175-32.cnf,525,1951,SAT,130,18135,246,3,0.001550
/Users/okamu/.cache/gomisat/corpus/sat-flat175-417/flat175-33.cnf,525,1951,SAT,132,16022,249,3,0.001642
/Users/okamu/.cache/gomisat/corpus/sat-flat175-417/flat175-34.cnf,525,1951,SAT,516,57379,640,1,0.006080
/Users/okamu/.cache/gomisat/corpus/sat-flat175-417/flat175-35.cnf,525,1951,SAT,233,29184,337,1,0.002514
/Users/okamu/.cache/gomisat/corpus/sat-flat175-417/flat175-36.cnf,525,1951,SAT,236,29398,426,5,0.002544
/Users/okamu/.cache/gomisat/corpus/sat-flat175-417/flat175-37.cnf,525,1951,SAT,69,8454,145,1,0.000919
/Users/okamu/.cache/gomisat/corpus/sat-flat175-417/flat175-38.cnf,525,1951,SAT,75,7832,173,2,0.000666
/Users/okamu/.cache/gomisat/corpus/sat-flat175-417/flat175-39.cnf,525,1951,SAT,659,79443,909,8,0.007650
/Users/okamu/.cache/gomisat/corpus/sat-flat175-417/flat175-4.cnf,525,1951,SAT,78,9918,137,1,0.000854
/Users/okamu/.cache/gomisat/corpus/sat-flat175-417/flat175-40.cnf,525,1951,SAT,199,23568,292,1,0.002017
/Users/okamu/.cache/gomisat/corpus/sat-flat175-417/flat175-41.cnf,525,1951,SAT,321,40106,426,1,0.003522
/Users/okamu/.cache/gomisat/corpus/sat-flat175-417/flat175-42.cnf,525,1951,SAT,54,6187,135,1,0.000535
/Users/okamu/.cache/gomisat/corpus/sat-flat175-417/flat175-43.cnf,525,1951,SAT,165,19994,298,4,0.001707
/Users/okamu/.cache/gomisat/corpus/sat-flat175-417/flat175-44.cnf,525,1951,SAT,310,38637,391,1,0.003383
/Users/okamu/.cache/gomisat/corpus/sat-flat175-417/flat175-45.cnf,525,1951,SAT,479,60456,610,1,0.005671
/Users/okamu/.cache/gomisat/corpus/sat-flat175-417/flat175-46.cnf,525,1951,SAT,202,24907,325,2,0.002033
/Users/okamu/.cache/gomisat/corpus/sat-flat175-417/flat175-47.cnf,525,1951,SAT,231,30460,366,5,0.002526
/Users/okamu/.cache/gomisat/corpus/sat-flat175-417/flat175-48.cnf,525,1951,SAT,9,1527,56,1,0.000185
/Users/okamu/.cache/gomisat/corpus/sat-flat175-417/flat175-49.cnf,525,1951,SAT,935,111326,1213,1,0.012869
/Users/okamu/.cache/gomisat/corpus/sat-flat175-417/flat175-5.cnf,525,1951,SAT,522,61252,754,6,0.006179
/Users/okamu/.cache/gomisat/corpus/sat-flat175-417/flat175-50.cnf,525,1951,SAT,347,44210,446,1,0.004198
/Users/okamu/.cache/gomisat/corpus/sat-flat175-417/flat175-51.cnf,525,1951,SAT,351,39066,473,1,0.003390
/Users/okamu/.cache/gomisat/corpus/sat-flat175-417/flat175-52.cnf,525,1951,SAT,300,36486,466,6,0.003316
/Users/okamu/.cache/gomisat/corpus/sat-flat175-417/flat175-53.cnf,525,1951,SAT,150,19551,238,1,0.001878
/Users/okamu/.cache/gomisat/corpus/sat-flat175-417/flat175-54.cnf,525,1951,SAT,1721,210089,2080,1,0.027136
/Users/okamu/.cache/gomisat/corpus/sat-flat175-417/flat175-55.cnf,525,1951,SAT,291,34462,393,1,0.003055
/Users/okamu/.cache/gomisat/corpus/sat-flat175-417/flat175-56.cnf,525,1951,SAT,234,27916,360,2,0.002444
/Users/okamu/.cache/gomisat/corpus/sat-flat175-417/flat175-57.cnf,525,1951,SAT,62,7573,162,2,0.000610
/Users/okamu/.cache/gomisat/corpus/sat-flat175-417/flat175-58.cnf,525,1951,SAT,723,83284,1087,15,0.008579
/Users/okamu/.cache/gomisat/corpus/sat-flat175-417/flat175-59.cnf,525,1951,SAT,158,19279,243,1,0.001476
/Users/okamu/.cache/gomisat/corpus/sat-flat175-417/flat175-6.cnf,525,1951,SAT,105,12371,198,2,0.001241
/Users/okamu/.cache/gomisat/corpus/sat-flat175-417/flat175-60.cnf,525,1951,SAT,228,27628,395,5,0.002364
/Users/okamu/.cache/gomisat/corpus/sat-flat175-417/flat175-61.cnf,525,1951,SAT,47,5857,87,1,0.000521
/Users/okamu/.cache/gomisat/corpus/sat-flat175-417/flat175-62.cnf,525,1951,SAT,590,74687,728,1,0.007430
/Users/okamu/.cache/gomisat/corpus/sat-flat175-417/flat175-63.cnf,525,1951,SAT,1176,150673,1386,1,0.016857
/Users/okamu/.cache/gomisat/corpus/sat-flat175-417/flat175-64.cnf,525,1951,SAT,301,36428,463,6,0.003254
/Users/okamu/.cache/gomisat/corpus/sat-flat175-417/flat175-65.cnf,525,1951,SAT,705,78718,893,1,0.008746
/Users/okamu/.cache/gomisat/corpus/sat-flat175-417/flat175-66.cnf,525,1951,SAT,998,129425,1444,15,0.014933
/Users/okamu/.cache/gomisat/corpus/sat-flat175-417/flat175-67.cnf,525,1951,SAT,87,10602,202,2,0.000964
/Users/okamu/.cache/gomisat/corpus/sat-flat175-417/flat175-68.cnf,525,1951,SAT,355,42846,464,1,0.003998
/Users/okamu/.cache/gomisat/corpus/sat-flat175-417/flat175-69.cnf,525,1951,SAT,844,97499,1038,1,0.010679
/Users/okamu/.cache/gomisat/corpus/sat-flat175-417/flat175-7.cnf,525,1951,SAT,85,10667,149,1,0.001126
/Users/okamu/.cache/gomisat/corpus/sat-flat175-417/flat175-70.cnf,525,1951,SAT,243,28391,403,5,0.002492
/Users/okamu/.cache/gomisat/corpus/sat-flat175-417/flat175-71.cnf,525,1951,SAT,94,10191,197,2,0.000871
/Users/okamu/.cache/gomisat/corpus/sat-flat175-417/flat175-72.cnf,525,1951,SAT,795,91318,998,1,0.009499
/Users/okamu/.cache/gomisat/corpus/sat-flat175-417/flat175-73.cnf,525,1951,SAT,267,31514,389,1,0.003090
/Users/okamu/.cache/gomisat/corpus/sat-flat175-417/flat175-74.cnf,525,1951,SAT,251,27138,368,2,0.002466
/Users/okamu/.cache/gomisat/corpus/sat-flat175-417/flat175-75.cnf,525,1951,SAT,215,25875,361,5,0.002159
/Users/okamu/.cache/gomisat/corpus/sat-flat175-417/flat175-76.cnf,525,1951,SAT,66,8841,140,2,0.000751
/Users/okamu/.cache/gomisat/corpus/sat-flat175-417/flat175-77.cnf,525,1951,SAT,413,53212,545,1,0.004812
/Users/okamu/.cache/gomisat/corpus/sat-flat175-417/flat175-78.cnf,525,1951,SAT,1124,141406,1676,23,0.016559
/Users/okamu/.cache/gomisat/corpus/sat-flat175-417/flat175-79.cnf,525,1951,SAT,296,34589,440,6,0.003515
/Users/okamu/.cache/gomisat/corpus/sat-flat175-417/flat175-8.cnf,525,1951,SAT,121,13598,210,1,0.001226
/Users/okamu/.cache/gomisat/corpus/sat-flat175-417/flat175-80.cnf,525,1951,SAT,633,77388,1013,13,0.007936
/Users/okamu/.cache/gomisat/corpus/sat-flat175-417/flat175-81.cnf,525,1951,SAT,1128,133005,1573,23,0.015549
/Users/okamu/.cache/gomisat/corpus/sat-flat175-417/flat175-82.cnf,525,1951,SAT,693,78729,859,1,0.008509
/Users/okamu/.cache/gomisat/corpus/sat-flat175-417/flat175-83.cnf,525,1951,SAT,132,16079,210,1,0.001311
/Users/okamu/.cache/gomisat/corpus/sat-flat175-417/flat175-84.cnf,525,1951,SAT,109,13451,270,3,0.001186
/Users/okamu/.cache/gomisat/corpus/sat-flat175-417/flat175-85.cnf,525,1951,SAT,362,48088,503,1,0.004967
/Users/okamu/.cache/gomisat/corpus/sat-flat175-417/flat175-86.cnf,525,1951,SAT,581,74881,760,1,0.007473
/Users/okamu/.cache/gomisat/corpus/sat-flat175-417/flat175-87.cnf,525,1951,SAT,1302,145899,1549,3,0.017843
/Users/okamu/.cache/gomisat/corpus/sat-flat175-417/flat175-88.cnf,525,1951,SAT,373,42248,620,8,0.003907
/Users/okamu/.cache/gomisat/corpus/sat-flat175-417/flat175-89.cnf,525,1951,SAT,308,35969,432,1,0.003032
/Users/okamu/.cache/gomisat/corpus/sat-flat175-417/flat175-9.cnf,525,1951,SAT,330,37874,433,1,0.003173
/Users/okamu/.cache/gomisat/corpus/sat-flat175-417/flat175-90.cnf,525,1951,SAT,114,15046,203,2,0.001236
/Users/okamu/.cache/gomisat/corpus/sat-flat175-417/flat175-91.cnf,525,1951,SAT,307,36729,497,7,0.003275
/Users/okamu/.cache/gomisat/corpus/sat-flat175-417/flat175-92.cnf,525,1951,SAT,1311,164641,1555,1,0.019274
/Users/okamu/.cache/gomisat/corpus/sat-flat175-417/flat175-93.cnf,525,1951,SAT,284,34311,398,3,0.003204
/Users/okamu/.cache/gomisat/corpus/sat-flat175-417/flat175-94.cnf,525,1951,SAT,98,12153,197,2,0.000992
/Users/okamu/.cache/gomisat/corpus/sat-flat175-417/flat175-95.cnf,525,1951,SAT,188,22664,317,4,0.001854
/Users/okamu/.cache/gomisat/corpus/sat-flat175-417/flat175-96.cnf,525,1951,SAT,1081,139567,1363,3,0.015772
/Users/okamu/.cache/gomisat/corpus/sat-flat175-417/flat175-97.cnf,525,1951,SAT,703,85978,1051,14,0.009035
/Users/okamu/.cache/gomisat/corpus/sat-flat175-417/flat175-98.cnf,525,1951,SAT,140,17663,209,1,0.001543
/Users/okamu/.cache/gomisat/corpus/sat-flat175-417/flat175-99.cnf,525,1951,SAT,424,47730,560,1,0.004367
/Users/okamu/.cache/gomisat/corpus/sat-flat200-479/flat200-1.cnf,600,2237,SAT,130,20199,270,3,0.001768
/Users/okamu/.cache/gomisat/corpus/sat-flat200-479/flat200-10.cnf,600,2237,SAT,1289,171329,1541,1,0.020690
/Users/okamu/.cache/gomisat/corpus/sat-flat200-479/flat200-100.cnf,600,2237,SAT,680,85484,900,2,0.009164
/Users/okamu/.cache/gomisat/corpus/sat-flat200-479/flat200-11.cnf,600,2237,SAT,152,17637,271,1,0.001569
/Users/okamu/.cache/gomisat/corpus/sat-flat200-479/flat200-12.cnf,600,2237,SAT,1338,175229,1753,11,0.020642
/Users/okamu/.cache/gomisat/corpus/sat-flat200-479/flat200-13.cnf,600,2237,SAT,120,16078,234,3,0.001411
/Users/okamu/.cache/gomisat/corpus/sat-flat200-479/flat200-14.cnf,600,2237,SAT,500,69703,855,10,0.006822
/Users/okamu/.cache/gomisat/corpus/sat-flat200-479/flat200-15.cnf,600,2237,SAT,502,65857,672,1,0.006157
/Users/okamu/.cache/gomisat/corpus/sat-flat200-479/flat200-16.cnf,600,2237,SAT,1188,161955,1447,2,0.018565
/Users/okamu/.cache/gomisat/corpus/sat-flat200-479/flat200-17.cnf,600,2237,SAT,1604,218236,1929,1,0.027533
/Users/okamu/.cache/gomisat/corpus/sat-flat200-479/flat200-18.cnf,600,2237,SAT,650,83683,796,1,0.008084
/Users/okamu/.cache/gomisat/corpus/sat-flat200-479/flat200-19.cnf,600,2237,SAT,511,66016,762,8,0.006395
/Users/okamu/.cache/gomisat/corpus/sat-flat200-479/flat200-2.cnf,600,2237,SAT,86,10074,186,2,0.000873
/Users/okamu/.cache/gomisat/corpus/sat-flat200-479/flat200-20.cnf,600,2237,SAT,1327,171058,1549,1,0.020530
/Users/okamu/.cache/gomisat/corpus/sat-flat200-479/flat200-21.cnf,600,2237,SAT,182,23317,269,1,0.002422
/Users/okamu/.cache/gomisat/corpus/sat-flat200-479/flat200-22.cnf,600,2237,SAT,327,44188,588,4,0.004421
/Users/okamu/.cache/gomisat/corpus/sat-flat200-479/flat200-23.cnf,600,2237,SAT,562,72580,722,2,0.007321
/Users/okamu/.cache/gomisat/corpus/sat-flat200-479/flat200-24.cnf,600,2237,SAT,327,40778,465,1,0.003458
/Users/okamu/.cache/gomisat/corpus/sat-flat200-479/flat200-25.cnf,600,2237,SAT,804,107863,1264,15,0.011543
/Users/okamu/.cache/gomisat/corpus/sat-flat200-479/flat200-26.cnf,600,2237,SAT,5370,763552,8274,106,0.136096
/Users/okamu/.cache/gomisat/corpus/sat-flat200-479/flat200-27.cnf,600,2237,SAT,4047,543310,4664,1,0.084043
/Users/okamu/.cache/gomisat/corpus/sat-flat200-479/flat200-28.cnf,600,2237,SAT,775,98440,946,1,0.010306
/Users/okamu/.cache/gomisat/corpus/sat-flat200-479/flat200-29.cnf,600,2237,SAT,797,105307,1247,16,0.011000
/Users/okamu/.cache/gomisat/corpus/sat-flat200-479/flat200-3.cnf,600,2237,SAT,1465,200430,1722,1,0.024021
/Users/okamu/.cache/gomisat/corpus/sat-flat200-479/flat200-30.cnf,600,2237,SAT,520,68033,834,11,0.006358
/Users/okamu/.cache/gomisat/corpus/sat-flat200-479/flat200-31.cnf,600,2237,SAT,3685,492792,4307,1,0.080264
/Users/okamu/.cache/gomisat/corpus/sat-flat200-479/flat200-32.cnf,600,2237,SAT,97,14506,175,2,0.001152
/Users/okamu/.cache/gomisat/corpus/sat-flat200-479/flat200-33.cnf,600,2237,SAT,1518,218573,1843,1,0.026415
/Users/okamu/.cache/gomisat/corpus/sat-flat200-479/flat200-34.cnf,600,2237,SAT,249,35027,369,2,0.002981
/Users/okamu/.cache/gomisat/corpus/sat-flat200-479/flat200-35.cnf,600,2237,SAT,172,22628,296,4,0.001798
/Users/okamu/.cache/gomisat/corpus/sat-flat200-479/flat200-36.cnf,600,2237,SAT,567,72030,703,1,0.007817
/Users/okamu/.cache/gomisat/corpus/sat-flat200-479/flat200-37.cnf,600,2237,SAT,806,96263,982,1,0.010567
/Users/okamu/.cache/gomisat/corpus/sat-flat200-479/flat200-38.cnf,600,2237,SAT,865,118539,1334,18,0.012384
/Users/okamu/.cache/gomisat/corpus/sat-flat200-479/flat200-39.cnf,600,2237,SAT,118,14721,207,3,0.001273
/Users/okamu/.cache/gomisat/corpus/sat-flat200-479/flat200-4.cnf,600,2237,SAT,233,31345,340,3,0.003035
/Users/okamu/.cache/gomisat/corpus/sat-flat200-479/flat200-40.cnf,600,2237,SAT,153,18410,287,4,0.001914
/Users/okamu/.cache/gomisat/corpus/sat-flat200-479/flat200-41.cnf,600,2237,SAT,98,11495,194,1,0.001039
/Users/okamu/.cache/gomisat/corpus/sat-flat200-479/flat200-42.cnf,600,2237,SAT,92,11303,178,1,0.000974
/Users/okamu/.cache/gomisat/corpus/sat-flat200-479/flat200-43.cnf,600,2237,SAT,144,21305,246,3,0.001783
/Users/okamu/.cache/gomisat/corpus/sat-flat200-479/flat200-44.cnf,600,2237,SAT,1114,147198,1448,10,0.016332
/Users/okamu/.cache/gomisat/corpus/sat-flat200-479/flat200-45.cnf,600,2237,SAT,7914,1070430,8852,1,0.211890
/Users/okamu/.cache/gomisat/corpus/sat-flat200-479/flat200-46.cnf,600,2237,SAT,87,11750,182,2,0.001029
/Users/okamu/.cache/gomisat/corpus/sat-flat200-479/flat200-47.cnf,600,2237,SAT,290,40311,553,6,0.003460
/Users/okamu/.cache/gomisat/corpus/sat-flat200-479/flat200-48.cnf,600,2237,SAT,108,13622,250,3,0.001129
/Users/okamu/.cache/gomisat/corpus/sat-flat200-479/flat200-49.cnf,600,2237,SAT,228,29116,327,1,0.002838
/Users/okamu/.cache/gomisat/corpus/sat-flat200-479/flat200-5.cnf,600,2237,SAT,2756,357196,3933,43,0.051133
/Users/okamu/.cache/gomisat/corpus/sat-flat200-479/flat200-50.cnf,600,2237,SAT,1405,183096,2144,28,0.021743
/Users/okamu/.cache/gomisat/corpus/sat-flat200-479/flat200-51.cnf,600,2237,SAT,1311,176723,1529,1,0.021162
/Users/okamu/.cache/gomisat/corpus/sat-flat200-479/flat200-52.cnf,600,2237,SAT,100,15670,223,3,0.001239
/Users/okamu/.cache/gomisat/corpus/sat-flat200-479/flat200-53.cnf,600,2237,SAT,452,59418,594,1,0.005231
/Users/okamu/.cache/gomisat/corpus/sat-flat200-479/flat200-54.cnf,600,2237,SAT,807,102776,995,1,0.010500
/Users/okamu/.cache/gomisat/corpus/sat-flat200-479/flat200-55.cnf,600,2237,SAT,425,57182,579,1,0.005419
/Users/okamu/.cache/gomisat/corpus/sat-flat200-479/flat200-56.cnf,600,2237,SAT,1626,219906,2051,4,0.027415
/Users/okamu/.cache/gomisat/corpus/sat-flat200-479/flat200-57.cnf,600,2237,SAT,1357,178060,1718,6,0.021726
/Users/okamu/.cache/gomisat/corpus/sat-flat200-479/flat200-58.cnf,600,2237,SAT,24,4075,86,1,0.000415
/Users/okamu/.cache/gomisat/corpus/sat-flat200-479/flat200-59.cnf,600,2237,SAT,798,103538,1255,16,0.010806
/Users/okamu/.cache/gomisat/corpus/sat-flat200-479/flat200-6.cnf,600,2237,SAT,711,95998,956,1,0.009465
/Users/okamu/.cache/gomisat/corpus/sat-flat200-479/flat200-60.cnf,600,2237,SAT,73,10097,170,2,0.000868
/Users/okamu/.cache/gomisat/corpus/sat-flat200-479/flat200-61.cnf,600,2237,SAT,26,3167,89,1,0.000601
/Users/okamu/.cache/gomisat/corpus/sat-flat200-479/flat200-62.cnf,600,2237,SAT,597,76435,960,12,0.007870
/Users/okamu/.cache/gomisat/corpus/sat-flat200-479/flat200-63.cnf,600,2237,SAT,1195,168201,1469,1,0.020759
/Users/okamu/.cache/gomisat/corpus/sat-flat200-479/flat200-64.cnf,600,2237,SAT,938,123346,1396,19,0.013858
/Users/okamu/.cache/gomisat/corpus/sat-flat200-479/flat200-65.cnf,600,2237,SAT,1709,237927,1985,1,0.029869
/Users/okamu/.cache/gomisat/corpus/sat-flat200-479/flat200-66.cnf,600,2237,SAT,1717,232501,2720,34,0.030406
/Users/okamu/.cache/gomisat/corpus/sat-flat200-479/flat200-67.cnf,600,2237,SAT,877,114712,1273,6,0.012302
/Users/okamu/.cache/gomisat/corpus/sat-flat200-479/flat200-68.cnf,600,2237,SAT,221,29807,396,5,0.002531
/Users/okamu/.cache/gomisat/corpus/sat-flat200-479/flat200-69.cnf,600,2237,SAT,437,62112,636,4,0.006350
/Users/okamu/.cache/gomisat/corpus/sat-flat200-479/flat200-7.cnf,600,2237,SAT,1135,158011,1349,1,0.017208
/Users/okamu/.cache/gomisat/corpus/sat-flat200-479/flat200-70.cnf,600,2237,SAT,640,88463,922,5,0.009113
/Users/okamu/.cache/gomisat/corpus/sat-flat200-479/flat200-71.cnf,600,2237,SAT,424,56569,723,9,0.005714
/Users/okamu/.cache/gomisat/corpus/sat-flat200-479/flat200-72.cnf,600,2237,SAT,181,27053,359,4,0.002232
/Users/okamu/.cache/gomisat/corpus/sat-flat200-479/flat200-73.cnf,600,2237,SAT,833,105930,1047,1,0.010844
/Users/okamu/.cache/gomisat/corpus/sat-flat200-479/flat200-74.cnf,600,2237,SAT,979,132534,1679,20,0.014840
/Users/okamu/.cache/gomisat/corpus/sat-flat200-479/flat200-75.cnf,600,2237,SAT,1711,240300,2043,1,0.030472
/Users/okamu/.cache/gomisat/corpus/sat-flat200-479/flat200-76.cnf,600,2237,SAT,529,67535,662,1,0.006590
/Users/okamu/.cache/gomisat/corpus/sat-flat200-479/flat200-77.cnf,600,2237,SAT,2087,293715,2513,1,0.040252
/Users/okamu/.cache/gomisat/corpus/sat-flat200-479/flat200-78.cnf,600,2237,SAT,1554,205597,1972,4,0.024939
/Users/okamu/.cache/gomisat/corpus/sat-flat200-479/flat200-79.cnf,600,2237,SAT,101,13985,240,3,0.001216
/Users/okamu/.cache/gomisat/corpus/sat-flat200-479/flat200-8.cnf,600,2237,SAT,101,12931,184,1,0.001241
/Users/okamu/.cache/gomisat/corpus/sat-flat200-479/flat200-80.cnf,600,2237,SAT,3839,528009,4356,1,0.082065
/Users/okamu/.cache/gomisat/corpus/sat-flat200-479/flat200-81.cnf,600,2237,SAT,167,24095,279,3,0.002156
/Users/okamu/.cache/gomisat/corpus/sat-flat200-479/flat200-82.cnf,600,2237,SAT,1952,257523,2246,1,0.033682
/Users/okamu/.cache/gomisat/corpus/sat-flat200-479/flat200-83.cnf,600,2237,SAT,875,108978,1460,18,0.012159
/Users/okamu/.cache/gomisat/corpus/sat-flat200-479/flat200-84.cnf,600,2237,SAT,1224,166056,1761,16,0.019621
/Users/okamu/.cache/gomisat/corpus/sat-flat200-479/flat200-85.cnf,600,2237,SAT,1323,178025,1701,1,0.021261
/Users/okamu/.cache/gomisat/corpus/sat-flat200-479/flat200-86.cnf,600,2237,SAT,106,15809,232,2,0.001336
/Users/okamu/.cache/gomisat/corpus/sat-flat200-479/flat200-87.cnf,600,2237,SAT,1550,200888,1888,1,0.027996
/Users/okamu/.cache/gomisat/corpus/sat-flat200-479/flat200-88.cnf,600,2237,SAT,285,38170,547,6,0.003807
/Users/okamu/.cache/gomisat/corpus/sat-flat200-479/flat200-89.cnf,600,2237,SAT,630,78740,1015,13,0.008154
/Users/okamu/.cache/gomisat/corpus/sat-flat200-479/flat200-9.cnf,600,2237,SAT,1188,159945,1828,24,0.018225
/Users/okamu/.cache/gomisat/corpus/sat-flat200-479/flat200-90.cnf,600,2237,SAT,388,52757,546,1,0.004631
/Users/okamu/.cache/gomisat/corpus/sat-flat200-479/flat200-91.cnf,600,2237,SAT,186,24019,326,3,0.001999
/Users/okamu/.cache/gomisat/corpus/sat-flat200-479/flat200-92.cnf,600,2237,SAT,763,103662,997,1,0.010474
/Users/okamu/.cache/gomisat/corpus/sat-flat200-479/flat200-93.cnf,600,2237,SAT,624,84061,749,1,0.008366
/Users/okamu/.cache/gomisat/corpus/sat-flat200-479/flat200-94.cnf,600,2237,SAT,559,77284,845,5,0.007546
/Users/okamu/.cache/gomisat/corpus/sat-flat200-479/flat200-95.cnf,600,2237,SAT,3469,462370,4106,6,0.069177
/Users/okamu/.cache/gomisat/corpus/sat-flat200-479/flat200-96.cnf,600,2237,SAT,2747,375304,4522,55,0.054925
/Users/okamu/.cache/gomisat/corpus/sat-flat200-479/flat200-97.cnf,600,2237,SAT,88,10314,209,2,0.001125
/Users/okamu/.cache/gomisat/corpus/sat-flat200-479/flat200-98.cnf,600,2237,SAT,106,12805,230,3,0.001146
/Users/okamu/.cache/gomisat/corpus/sat-flat200-479/flat200-99.cnf,600,2237,SAT,1489,198131,2279,30,0.024875
/Users/okamu/.cache/gomisat/corpus/sat-hanoi/hanoi4.cnf,718,4934,SAT,2362,161152,4591,47,0.023586
/Users/okamu/.cache/gomisat/corpus/sat-hanoi/hanoi5.cnf,1931,14468,SAT,28028,2170720,63943,245,0.520940
/Users/okamu/.cache/gomisat/corpus/sat-inductive-inference/ii16a1.cnf,1650,19368,SAT,5,2056,1165,1,0.000380
/Users/okamu/.cache/gomisat/corpus/sat-inductive-inference/ii16a2.cnf,1602,23281,SAT,984,186102,5167,20,0.017179
/Users/okamu/.cache/gomisat/corpus/sat-inductive-inference/ii16b1.cnf,1728,24792,SAT,162,35867,2089,4,0.003884
/Users/okamu/.cache/gomisat/corpus/sat-inductive-inference/ii16b2.cnf,1076,16121,SAT,50,9674,183,2,0.000951
/Users/okamu/.cache/gomisat/corpus/sat-inductive-inference/ii16c1.cnf,1580,16467,SAT,2,1763,1017,1,0.000433
/Users/okamu/.cache/gomisat/corpus/sat-inductive-inference/ii16c2.cnf,924,13803,SAT,471,74703,1424,10,0.007098
/Users/okamu/.cache/gomisat/corpus/sat-inductive-inference/ii16d1.cnf,1230,15901,SAT,1,1478,458,1,0.000386
/Users/okamu/.cache/gomisat/corpus/sat-inductive-inference/ii16d2.cnf,836,12461,SAT,0,836,39,1,0.000394
/Users/okamu/.cache/gomisat/corpus/sat-inductive-inference/ii16e1.cnf,1245,14766,SAT,2,1469,774,1,0.000924
/Users/okamu/.cache/gomisat/corpus/sat-inductive-inference/ii16e2.cnf,532,7825,SAT,729,64212,2405,15,0.010543
/Users/okamu/.cache/gomisat/corpus/sat-inductive-inference/ii32a1.cnf,459,9212,SAT,1392,101030,4217,28,0.022120
/Users/okamu/.cache/gomisat/corpus/sat-inductive-inference/ii32b1.cnf,228,1374,SAT,3,293,40,1,0.000088
/Users/okamu/.cache/gomisat/corpus/sat-inductive-inference/ii32b2.cnf,261,2558,SAT,108,4473,431,3,0.001563
/Users/okamu/.cache/gomisat/corpus/sat-inductive-inference/ii32b3.cnf,348,5734,SAT,193,11185,780,4,0.002498
/Users/okamu/.cache/gomisat/corpus/sat-inductive-inference/ii32b4.cnf,381,6918,SAT,20,1116,60,1,0.000393
/Users/okamu/.cache/gomisat/corpus/sat-inductive-inference/ii32c1.cnf,225,1280,SAT,1,254,50,1,0.000060
/Users/okamu/.cache/gomisat/corpus/sat-inductive-inference/ii32c2.cnf,249,2182,SAT,0,249,45,1,0.000186
/Users/okamu/.cache/gomisat/corpus/sat-inductive-inference/ii32c3.cnf,279,3272,SAT,3,610,44,1,0.000394
/Users/okamu/.cache/gomisat/corpus/sat-inductive-inference/ii32c4.cnf,759,20862,SAT,1073,138930,3697,21,0.033598
/Users/okamu/.cache/gomisat/corpus/sat-inductive-inference/ii32d1.cnf,332,2703,SAT,51,1733,217,2,0.000981
/Users/okamu/.cache/gomisat/corpus/sat-inductive-inference/ii32d2.cnf,404,5153,SAT,513,20256,2008,10,0.005511
/Users/okamu/.cache/gomisat/corpus/sat-inductive-inference/ii32d3.cnf,824,19478,SAT,8426,850412,40218,160,0.251929
/Users/okamu/.cache/gomisat/corpus/sat-inductive-inference/ii32e1.cnf,222,1186,SAT,0,222,52,1,0.000049
/Users/okamu/.cache/gomisat/corpus/sat-inductive-inference/ii32e2.cnf,267,2746,SAT,35,1117,82,1,0.000336
/Users/okamu/.cache/gomisat/corpus/sat-inductive-inference/ii32e3.cnf,330,5020,SAT,562,28373,1982,11,0.006365
/Users/okamu/.cache/gomisat/corpus/sat-inductive-inference/ii32e4.cnf,387,7106,SAT,477,31209,1701,10,0.006842
/Users/okamu/.cache/gomisat/corpus/sat-inductive-inference/ii32e5.cnf,522,11636,SAT,108,11444,446,3,0.002639
/Users/okamu/.cache/gomisat/corpus/sat-inductive-inference/ii8a1.cnf,66,186,SAT,2,99,26,1,0.000019
/Users/okamu/.cache/gomisat/corpus/sat-inductive-inference/ii8a2.cnf,180,800,SAT,0,180,92,1,0.000030
/Users/okamu/.cache/gomisat/corpus/sat-inductive-inference/ii8a3.cnf,264,1552,SAT,1,287,136,1,0.000048
/Users/okamu/.cache/gomisat/corpus/sat-inductive-inference/ii8a4.cnf,396,2798,SAT,2,432,112,1,0.000084
/Users/okamu/.cache/gomisat/corpus/sat-inductive-inference/ii8b1.cnf,336,2068,SAT,2,349,165,1,0.000063
/Users/okamu/.cache/gomisat/corpus/sat-inductive-inference/ii8b2.cnf,576,4088,SAT,1,593,271,1,0.000096
/Users/okamu/.cache/gomisat/corpus/sat-inductive-inference/ii8b3.cnf,816,6108,SAT,0,816,456,1,0.000277
/Users/okamu/.cache/gomisat/corpus/sat-inductive-inference/ii8b4.cnf,1068,8214,SAT,0,1068,604,1,0.000174
/Users/okamu/.cache/gomisat/corpus/sat-inductive-inference/ii8c1.cnf,510,3065,SAT,0,510,332,1,0.000086
/Users/okamu/.cache/gomisat/corpus/sat-inductive-inference/ii8c2.cnf,950,6689,SAT,0,950,620,1,0.000155
/Users/okamu/.cache/gomisat/corpus/sat-inductive-inference/ii8d1.cnf,530,3207,SAT,2,682,420,1,0.000098
/Users/okamu/.cache/gomisat/corpus/sat-inductive-inference/ii8d2.cnf,930,6547,SAT,0,930,534,1,0.000158
/Users/okamu/.cache/gomisat/corpus/sat-inductive-inference/ii8e1.cnf,520,3136,SAT,0,520,321,1,0.000079
/Users/okamu/.cache/gomisat/corpus/sat-inductive-inference/ii8e2.cnf,870,6121,SAT,0,870,506,1,0.000127
/Users/okamu/.cache/gomisat/corpus/sat-logistics/logistics.a.cnf,828,6718,SAT,225,20308,1873,5,0.002166
/Users/okamu/.cache/gomisat/corpus/sat-logistics/logistics.b.cnf,843,7301,SAT,196,18092,1424,4,0.002036
/Users/okamu/.cache/gomisat/corpus/sat-logistics/logistics.c.cnf,1141,10719,SAT,301,35475,3306,7,0.003838
/Users/okamu/.cache/gomisat/corpus/sat-logistics/logistics.d.cnf,4713,21991,SAT,37,14902,435,1,0.001893
/Users/okamu/.cache/gomisat/corpus/sat-parity/par16-1-c.cnf,317,1264,SAT,3109,341371,3642,61,0.035200
/Users/okamu/.cache/gomisat/corpus/sat-parity/par16-1.cnf,1015,3310,SAT,5152,1110774,6067,102,0.096402
/Users/okamu/.cache/gomisat/corpus/sat-parity/par16-2-c.cnf,349,1392,SAT,5234,610987,6161,103,0.062757
/Users/okamu/.cache/gomisat/corpus/sat-parity/par16-2.cnf,1015,3374,SAT,7565,1684950,9057,143,0.142845
/Users/okamu/.cache/gomisat/corpus/sat-parity/par16-3-c.cnf,334,1332,SAT,3103,331795,3191,1,0.039415
/Users/okamu/.cache/gomisat/corpus/sat-parity/par16-3.cnf,1015,3344,SAT,3635,725047,4230,66,0.067072
/Users/okamu/.cache/gomisat/corpus/sat-parity/par16-4-c.cnf,324,1292,SAT,1234,119944,1327,1,0.014063
/Users/okamu/.cache/gomisat/corpus/sat-parity/par16-4.cnf,1015,3324,SAT,1101,254861,1318,18,0.020804
/Users/okamu/.cache/gomisat/corpus/sat-parity/par16-5-c.cnf,341,1360,SAT,1679,155478,1831,1,0.020813
/Users/okamu/.cache/gomisat/corpus/sat-parity/par16-5.cnf,1015,3358,SAT,3801,874584,4494,75,0.070655
/Users/okamu/.cache/gomisat/corpus/sat-parity/par32-1-c.cnf,1315,5254,UNKNOWN,146553,57346387,160859,407,10.002224
/Users/okamu/.cache/gomisat/corpus/sat-parity/par32-1.cnf,3176,10277,UNKNOWN,98038,80213317,115472,519,10.000173
/Users/okamu/.cache/gomisat/corpus/sat-parity/par32-2-c.cnf,1303,5206,UNKNOWN,161704,51267619,177300,349,10.002151
/Users/okamu/.cache/gomisat/corpus/sat-parity/par32-2.cnf,3176,10253,UNKNOWN,123633,78186885,138709,465,10.002276
/Users/okamu/.cache/gomisat/corpus/sat-parity/par32-3-c.cnf,1325,5294,UNKNOWN,131906,40284791,148848,421,10.002150
/Users/okamu/.cache/gomisat/corpus/sat-parity/par32-3.cnf,3176,10297,UNKNOWN,99114,67945748,116691,463,10.002196
/Users/okamu/.cache/gomisat/corpus/sat-parity/par32-4-c.cnf,1333,5326,UNKNOWN,181394,49485033,195363,241,10.002256
/Users/okamu/.cache/gomisat/corpus/sat-parity/par32-4.cnf,3176,10313,UNKNOWN,110041,63882884,129072,460,10.002286
/Users/okamu/.cache/gomisat/corpus/sat-parity/par32-5-c.cnf,1339,5350,UNKNOWN,164275,47666971,177203,308,10.000447
/Users/okamu/.cache/gomisat/corpus/sat-parity/par32-5.cnf,3176,10325,UNKNOWN,117637,65206862,140485,450,10.000812
/Users/okamu/.cache/gomisat/corpus/sat-parity/par8-1-c.cnf,64,254,SAT,15,400,18,1,0.000076
/Users/okamu/.cache/gomisat/corpus/sat-parity/par8-1.cnf,350,1149,SAT,26,1960,36,1,0.000205
/Users/okamu/.cache/gomisat/corpus/sat-parity/par8-2-c.cnf,68,270,SAT,18,585,22,1,0.000088
/Users/okamu/.cache/gomisat/corpus/sat-parity/par8-2.cnf,350,1157,SAT,15,1260,25,1,0.000140
/Users/okamu/.cache/gomisat/corpus/sat-parity/par8-3-c.cnf,75,298,SAT,28,924,32,1,0.000129
/Users/okamu/.cache/gomisat/corpus/sat-parity/par8-3.cnf,350,1171,SAT,18,1221,34,1,0.000150
/Users/okamu/.cache/gomisat/corpus/sat-parity/par8-4-c.cnf,67,266,SAT,7,236,13,1,0.000047
/Users/okamu/.cache/gomisat/corpus/sat-parity/par8-4.cnf,350,1155,SAT,1,436,19,1,0.000063
/Users/okamu/.cache/gomisat/corpus/sat-parity/par8-5-c.cnf,75,298,SAT,22,703,25,1,0.000101
/Users/okamu/.cache/gomisat/corpus/sat-parity/par8-5.cnf,350,1171,SAT,9,812,25,1,0.000105
/Users/okamu/.cache/gomisat/corpus/sat-uf150-645/uf150-01.cnf,150,645,SAT,440,13748,626,9,0.002132
/Users/okamu/.cache/gomisat/corpus/sat-uf150-645/uf150-010.cnf,150,645,SAT,1825,55691,2119,2,0.010451
/Users/okamu/.cache/gomisat/corpus/sat-uf150-645/uf150-0100.cnf,150,645,SAT,1357,39548,1647,1,0.008063
/Users/okamu/.cache/gomisat/corpus/sat-uf150-645/uf150-011.cnf,150,645,SAT,361,12790,447,1,0.001845
/Users/okamu/.cache/gomisat/corpus/sat-uf150-645/uf150-012.cnf,150,645,SAT,2844,87867,3342,1,0.018565
/Users/okamu/.cache/gomisat/corpus/sat-uf150-645/uf150-013.cnf,150,645,SAT,749,24110,1054,15,0.003779
/Users/okamu/.cache/gomisat/corpus/sat-uf150-645/uf150-014.cnf,150,645,SAT,1588,49505,1877,1,0.009600
/Users/okamu/.cache/gomisat/corpus/sat-uf150-645/uf150-015.cnf,150,645,SAT,508,16038,631,1,0.002528
/Users/okamu/.cache/gomisat/corpus/sat-uf150-645/uf150-016.cnf,150,645,SAT,458,13976,587,2,0.002493
/Users/okamu/.cache/gomisat/corpus/sat-uf150-645/uf150-017.cnf,150,645,SAT,73,2309,116,1,0.000348
/Users/okamu/.cache/gomisat/corpus/sat-uf150-645/uf150-018.cnf,150,645,SAT,678,21832,811,1,0.003561
/Users/okamu/.cache/gomisat/corpus/sat-uf150-645/uf150-019.cnf,150,645,SAT,1826,57434,2368,36,0.011666
/Users/okamu/.cache/gomisat/corpus/sat-uf150-645/uf150-02.cnf,150,645,SAT,1888,60765,2207,1,0.012299
/Users/okamu/.cache/gomisat/corpus/sat-uf150-645/uf150-020.cnf,150,645,SAT,784,24774,1017,16,0.004149
/Users/okamu/.cache/gomisat/corpus/sat-uf150-645/uf150-021.cnf,150,645,SAT,1110,35470,1438,19,0.006409
/Users/okamu/.cache/gomisat/corpus/sat-uf150-645/uf150-022.cnf,150,645,SAT,325,11165,442,1,0.001634
/Users/okamu/.cache/gomisat/corpus/sat-uf150-645/uf150-023.cnf,150,645,SAT,3310,101718,3847,1,0.021462
/Users/okamu/.cache/gomisat/corpus/sat-uf150-645/uf150-024.cnf,150,645,SAT,385,11798,480,1,0.001863
/Users/okamu/.cache/gomisat/corpus/sat-uf150-645/uf150-025.cnf,150,645,SAT,3165,100054,3695,1,0.021910
/Users/okamu/.cache/gomisat/corpus/sat-uf150-645/uf150-026.cnf,150,645,SAT,1852,55568,2306,17,0.010968
/Users/okamu/.cache/gomisat/corpus/sat-uf150-645/uf150-027.cnf,150,645,SAT,1730,55115,2109,3,0.010962
/Users/okamu/.cache/gomisat/corpus/sat-uf150-645/uf150-028.cnf,150,645,SAT,2499,79177,2897,1,0.017288
/Users/okamu/.cache/gomisat/corpus/sat-uf150-645/uf150-029.cnf,150,645,SAT,332,11138,491,7,0.001618
/Users/okamu/.cache/gomisat/corpus/sat-uf150-645/uf150-03.cnf,150,645,SAT,1028,33396,1272,1,0.005905
/Users/okamu/.cache/gomisat/corpus/sat-uf150-645/uf150-030.cnf,150,645,SAT,52,1718,99,2,0.000269
/Users/okamu/.cache/gomisat/corpus/sat-uf150-645/uf150-031.cnf,150,645,SAT,2447,76569,3266,44,0.017241
/Users/okamu/.cache/gomisat/corpus/sat-uf150-645/uf150-032.cnf,150,645,SAT,487,13899,562,1,0.002193
/Users/okamu/.cache/gomisat/corpus/sat-uf150-645/uf150-033.cnf,150,645,SAT,2692,84239,3153,1,0.017770
/Users/okamu/.cache/gomisat/corpus/sat-uf150-645/uf150-034.cnf,150,645,SAT,1259,38190,1480,3,0.006784
/Users/okamu/.cache/gomisat/corpus/sat-uf150-645/uf150-035.cnf,150,645,SAT,602,18330,747,1,0.003007
/Users/okamu/.cache/gomisat/corpus/sat-uf150-645/uf150-036.cnf,150,645,SAT,836,25793,1025,4,0.004470
/Users/okamu/.cache/gomisat/corpus/sat-uf150-645/uf150-037.cnf,150,645,SAT,2096,65448,2502,1,0.013013
/Users/okamu/.cache/gomisat/corpus/sat-uf150-645/uf150-038.cnf,150,645,SAT,1982,62106,2627,40,0.013445
/Users/okamu/.cache/gomisat/corpus/sat-uf150-645/uf150-039.cnf,150,645,SAT,162,5164,235,3,0.000762
/Users/okamu/.cache/gomisat/corpus/sat-uf150-645/uf150-04.cnf,150,645,SAT,136,3971,194,1,0.000590
/Users/okamu/.cache/gomisat/corpus/sat-uf150-645/uf150-040.cnf,150,645,SAT,1364,42948,1604,1,0.008361
/Users/okamu/.cache/gomisat/corpus/sat-uf150-645/uf150-041.cnf,150,645,SAT,2450,77068,2917,1,0.015842
/Users/okamu/.cache/gomisat/corpus/sat-uf150-645/uf150-042.cnf,150,645,SAT,2564,81093,2984,1,0.018413
/Users/okamu/.cache/gomisat/corpus/sat-uf150-645/uf150-043.cnf,150,645,SAT,2957,92996,3602,13,0.019472
/Users/okamu/.cache/gomisat/corpus/sat-uf150-645/uf150-044.cnf,150,645,SAT,768,22776,916,1,0.003891
/Users/okamu/.cache/gomisat/corpus/sat-uf150-645/uf150-045.cnf,150,645,SAT,442,14489,544,1,0.002336
/Users/okamu/.cache/gomisat/corpus/sat-uf150-645/uf150-046.cnf,150,645,SAT,1636,52942,1945,2,0.010125
/Users/okamu/.cache/gomisat/corpus/sat-uf150-645/uf150-047.cnf,150,645,SAT,47,1441,80,1,0.000233
/Users/okamu/.cache/gomisat/corpus/sat-uf150-645/uf150-048.cnf,150,645,SAT,73,2605,131,2,0.000383
/Users/okamu/.cache/gomisat/corpus/sat-uf150-645/uf150-049.cnf,150,645,SAT,3724,117104,4403,1,0.026636
/Users/okamu/.cache/gomisat/corpus/sat-uf150-645/uf150-05.cnf,150,645,SAT,1824,57999,2171,1,0.011404
/Users/okamu/.cache/gomisat/corpus/sat-uf150-645/uf150-050.cnf,150,645,SAT,2045,66933,2609,28,0.013883
/Users/okamu/.cache/gomisat/corpus/sat-uf150-645/uf150-051.cnf,150,645,SAT,748,25227,914,1,0.003933
/Users/okamu/.cache/gomisat/corpus/sat-uf150-645/uf150-052.cnf,150,645,SAT,2551,79277,3355,51,0.018402
/Users/okamu/.cache/gomisat/corpus/sat-uf150-645/uf150-053.cnf,150,645,SAT,2240,71599,2958,34,0.015421
/Users/okamu/.cache/gomisat/corpus/sat-uf150-645/uf150-054.cnf,150,645,SAT,2236,68904,2671,1,0.012752
/Users/okamu/.cache/gomisat/corpus/sat-uf150-645/uf150-055.cnf,150,645,SAT,720,21993,946,11,0.003697
/Users/okamu/.cache/gomisat/corpus/sat-uf150-645/uf150-056.cnf,150,645,SAT,696,22062,954,14,0.003589
/Users/okamu/.cache/gomisat/corpus/sat-uf150-645/uf150-057.cnf,150,645,SAT,230,7204,294,1,0.001479
/Users/okamu/.cache/gomisat/corpus/sat-uf150-645/uf150-058.cnf,150,645,SAT,515,16165,691,11,0.002528
/Users/okamu/.cache/gomisat/corpus/sat-uf150-645/uf150-059.cnf,150,645,SAT,1475,46564,1754,3,0.008168
/Users/okamu/.cache/gomisat/corpus/sat-uf150-645/uf150-06.cnf,150,645,SAT,70,2424,113,1,0.000359
/Users/okamu/.cache/gomisat/corpus/sat-uf150-645/uf150-060.cnf,150,645,SAT,115,3704,190,3,0.000530
/Users/okamu/.cache/gomisat/corpus/sat-uf150-645/uf150-061.cnf,150,645,SAT,1446,48219,1775,3,0.008586
/Users/okamu/.cache/gomisat/corpus/sat-uf150-645/uf150-062.cnf,150,645,SAT,1902,59082,2277,2,0.012128
/Users/okamu/.cache/gomisat/corpus/sat-uf150-645/uf150-063.cnf,150,645,SAT,4177,128332,5472,83,0.033559
/Users/okamu/.cache/gomisat/corpus/sat-uf150-645/uf150-064.cnf,150,645,SAT,1216,38680,1434,1,0.006993
/Users/okamu/.cache/gomisat/corpus/sat-uf150-645/uf150-065.cnf,150,645,SAT,1910,57676,2268,1,0.012108
/Users/okamu/.cache/gomisat/corpus/sat-uf150-645/uf150-066.cnf,150,645,SAT,509,15890,608,1,0.002479
/Users/okamu/.cache/gomisat/corpus/sat-uf150-645/uf150-067.cnf,150,645,SAT,1831,60567,2511,37,0.011946
/Users/okamu/.cache/gomisat/corpus/sat-uf150-645/uf150-068.cnf,150,645,SAT,1215,37386,1424,1,0.006700
/Users/okamu/.cache/gomisat/corpus/sat-uf150-645/uf150-069.cnf,150,645,SAT,108,3561,181,3,0.000517
/Users/okamu/.cache/gomisat/corpus/sat-uf150-645/uf150-07.cnf,150,645,SAT,763,22948,929,1,0.003973
/Users/okamu/.cache/gomisat/corpus/sat-uf150-645/uf150-070.cnf,150,645,SAT,516,16365,664,4,0.002511
/Users/okamu/.cache/gomisat/corpus/sat-uf150-645/uf150-071.cnf,150,645,SAT,621,21287,876,13,0.003278
/Users/okamu/.cache/gomisat/corpus/sat-uf150-645/uf150-072.cnf,150,645,SAT,1093,34761,1472,22,0.006637
/Users/okamu/.cache/gomisat/corpus/sat-uf150-645/uf150-073.cnf,150,645,SAT,2323,74734,3091,45,0.016304
/Users/okamu/.cache/gomisat/corpus/sat-uf150-645/uf150-074.cnf,150,645,SAT,116,4028,214,3,0.000561
/Users/okamu/.cache/gomisat/corpus/sat-uf150-645/uf150-075.cnf,150,645,SAT,171,5272,264,4,0.000756
/Users/okamu/.cache/gomisat/corpus/sat-uf150-645/uf150-076.cnf,150,645,SAT,1195,37777,1418,1,0.007088
/Users/okamu/.cache/gomisat/corpus/sat-uf150-645/uf150-077.cnf,150,645,SAT,2220,69980,2937,44,0.015357
/Users/okamu/.cache/gomisat/corpus/sat-uf150-645/uf150-078.cnf,150,645,SAT,1234,40160,1717,25,0.007990
/Users/okamu/.cache/gomisat/corpus/sat-uf150-645/uf150-079.cnf,150,645,SAT,3759,125054,4454,1,0.026296
/Users/okamu/.cache/gomisat/corpus/sat-uf150-645/uf150-08.cnf,150,645,SAT,60,2138,121,2,0.000644
/Users/okamu/.cache/gomisat/corpus/sat-uf150-645/uf150-080.cnf,150,645,SAT,383,12098,469,1,0.001955
/Users/okamu/.cache/gomisat/corpus/sat-uf150-645/uf150-081.cnf,150,645,SAT,2226,70009,2632,4,0.014674
/Users/okamu/.cache/gomisat/corpus/sat-uf150-645/uf150-082.cnf,150,645,SAT,947,30693,1168,2,0.005333
/Users/okamu/.cache/gomisat/corpus/sat-uf150-645/uf150-083.cnf,150,645,SAT,693,22396,957,14,0.004042
/Users/okamu/.cache/gomisat/corpus/sat-uf150-645/uf150-084.cnf,150,645,SAT,43,1517,80,1,0.000240
/Users/okamu/.cache/gomisat/corpus/sat-uf150-645/uf150-085.cnf,150,645,SAT,91,3280,175,2,0.000473
/Users/okamu/.cache/gomisat/corpus/sat-uf150-645/uf150-086.cnf,150,645,SAT,776,23137,994,1,0.003975
/Users/okamu/.cache/gomisat/corpus/sat-uf150-645/uf150-087.cnf,150,645,SAT,3072,97129,3613,1,0.022027
/Users/okamu/.cache/gomisat/corpus/sat-uf150-645/uf150-088.cnf,150,645,SAT,633,20269,858,13,0.003155
/Users/okamu/.cache/gomisat/corpus/sat-uf150-645/uf150-089.cnf,150,645,SAT,5043,161449,5991,1,0.039331
/Users/okamu/.cache/gomisat/corpus/sat-uf150-645/uf150-09.cnf,150,645,SAT,1296,41416,1527,1,0.007594
/Users/okamu/.cache/gomisat/corpus/sat-uf150-645/uf150-090.cnf,150,645,SAT,578,18650,803,7,0.002930
/Users/okamu/.cache/gomisat/corpus/sat-uf150-645/uf150-091.cnf,150,645,SAT,2193,69891,2559,1,0.014490
/Users/okamu/.cache/gomisat/corpus/sat-uf150-645/uf150-092.cnf,150,645,SAT,1078,34352,1484,22,0.006192
/Users/okamu/.cache/gomisat/corpus/sat-uf150-645/uf150-093.cnf,150,645,SAT,108,3963,199,3,0.000562
/Users/okamu/.cache/gomisat/corpus/sat-uf150-645/uf150-094.cnf,150,645,SAT,417,12726,525,3,0.001936
/Users/okamu/.cache/gomisat/corpus/sat-uf150-645/uf150-095.cnf,150,645,SAT,1627,51529,2119,32,0.009880
/Users/okamu/.cache/gomisat/corpus/sat-uf150-645/uf150-096.cnf,150,645,SAT,1600,52207,2130,32,0.009933
/Users/okamu/.cache/gomisat/corpus/sat-uf150-645/uf150-097.cnf,150,645,SAT,1137,36036,1556,23,0.006341
/Users/okamu/.cache/gomisat/corpus/sat-uf150-645/uf150-098.cnf,150,645,SAT,2091,66700,2775,42,0.014718
/Users/okamu/.cache/gomisat/corpus/sat-uf150-645/uf150-099.cnf,150,645,SAT,1702,53902,2146,15,0.010614
/Users/okamu/.cache/gomisat/corpus/sat-uf200-860/uf200-01.cnf,200,860,SAT,6274,243617,7511,6,0.055110
/Users/okamu/.cache/gomisat/corpus/sat-uf200-860/uf200-010.cnf,200,860,SAT,10905,407573,14213,142,0.117242
/Users/okamu/.cache/gomisat/corpus/sat-uf200-860/uf200-0100.cnf,200,860,SAT,17033,651370,20156,10,0.196623
/Users/okamu/.cache/gomisat/corpus/sat-uf200-860/uf200-011.cnf,200,860,SAT,4742,178015,6439,88,0.047071
/Users/okamu/.cache/gomisat/corpus/sat-uf200-860/uf200-012.cnf,200,860,SAT,3777,146449,4635,13,0.033163
/Users/okamu/.cache/gomisat/corpus/sat-uf200-860/uf200-013.cnf,200,860,SAT,13221,501188,15463,12,0.149093
/Users/okamu/.cache/gomisat/corpus/sat-uf200-860/uf200-014.cnf,200,860,SAT,5531,212925,7398,109,0.054798
/Users/okamu/.cache/gomisat/corpus/sat-uf200-860/uf200-015.cnf,200,860,SAT,5550,215097,6501,2,0.050208
/Users/okamu/.cache/gomisat/corpus/sat-uf200-860/uf200-016.cnf,200,860,SAT,4609,168281,5452,1,0.044110
/Users/okamu/.cache/gomisat/corpus/sat-uf200-860/uf200-017.cnf,200,860,SAT,13448,521451,15735,2,0.149456
/Users/okamu/.cache/gomisat/corpus/sat-uf200-860/uf200-018.cnf,200,860,SAT,8290,324924,9622,1,0.086266
/Users/okamu/.cache/gomisat/corpus/sat-uf200-860/uf200-019.cnf,200,860,SAT,14320,543197,18746,170,0.181904
/Users/okamu/.cache/gomisat/corpus/sat-uf200-860/uf200-02.cnf,200,860,SAT,3458,129520,4705,44,0.028137
/Users/okamu/.cache/gomisat/corpus/sat-uf200-860/uf200-020.cnf,200,860,SAT,1990,74016,2426,1,0.015206
/Users/okamu/.cache/gomisat/corpus/sat-uf200-860/uf200-021.cnf,200,860,SAT,24701,954711,29760,48,0.331154
/Users/okamu/.cache/gomisat/corpus/sat-uf200-860/uf200-022.cnf,200,860,SAT,13095,495979,17415,197,0.158753
/Users/okamu/.cache/gomisat/corpus/sat-uf200-860/uf200-023.cnf,200,860,SAT,4357,163943,5233,1,0.038127
/Users/okamu/.cache/gomisat/corpus/sat-uf200-860/uf200-024.cnf,200,860,SAT,961,37307,1173,1,0.006699
/Users/okamu/.cache/gomisat/corpus/sat-uf200-860/uf200-025.cnf,200,860,SAT,6448,248225,7707,12,0.057468
/Users/okamu/.cache/gomisat/corpus/sat-uf200-860/uf200-026.cnf,200,860,SAT,9326,364493,12344,116,0.107085
/Users/okamu/.cache/gomisat/corpus/sat-uf200-860/uf200-027.cnf,200,860,SAT,13043,509727,16284,94,0.148669
/Users/okamu/.cache/gomisat/corpus/sat-uf200-860/uf200-028.cnf,200,860,SAT,6612,260598,8939,83,0.066005
/Users/okamu/.cache/gomisat/corpus/sat-uf200-860/uf200-029.cnf,200,860,SAT,7194,274427,8484,2,0.069291
/Users/okamu/.cache/gomisat/corpus/sat-uf200-860/uf200-03.cnf,200,860,SAT,6143,241079,7293,1,0.057429
/Users/okamu/.cache/gomisat/corpus/sat-uf200-860/uf200-030.cnf,200,860,SAT,14536,551814,16851,1,0.170722
/Users/okamu/.cache/gomisat/corpus/sat-uf200-860/uf200-031.cnf,200,860,SAT,7023,276652,8419,9,0.063254
/Users/okamu/.cache/gomisat/corpus/sat-uf200-860/uf200-032.cnf,200,860,SAT,9119,357885,10816,11,0.090153
/Users/okamu/.cache/gomisat/corpus/sat-uf200-860/uf200-033.cnf,200,860,SAT,19643,752692,24183,91,0.230270
/Users/okamu/.cache/gomisat/corpus/sat-uf200-860/uf200-034.cnf,200,860,SAT,6890,265943,8199,3,0.062181
/Users/okamu/.cache/gomisat/corpus/sat-uf200-860/uf200-035.cnf,200,860,SAT,10497,400723,13608,137,0.113519
/Users/okamu/.cache/gomisat/corpus/sat-uf200-860/uf200-036.cnf,200,860,SAT,13583,513874,17639,196,0.160151
/Users/okamu/.cache/gomisat/corpus/sat-uf200-860/uf200-037.cnf,200,860,SAT,6743,258882,8115,10,0.065384
/Users/okamu/.cache/gomisat/corpus/sat-uf200-860/uf200-038.cnf,200,860,SAT,12081,435140,15609,183,0.141770
/Users/okamu/.cache/gomisat/corpus/sat-uf200-860/uf200-039.cnf,200,860,SAT,6918,261348,8142,1,0.066154
/Users/okamu/.cache/gomisat/corpus/sat-uf200-860/uf200-04.cnf,200,860,SAT,16695,624475,20201,47,0.191138
/Users/okamu/.cache/gomisat/corpus/sat-uf200-860/uf200-040.cnf,200,860,SAT,6907,257533,8145,1,0.068757
/Users/okamu/.cache/gomisat/corpus/sat-uf200-860/uf200-041.cnf,200,860,SAT,6671,251893,7781,1,0.063910
/Users/okamu/.cache/gomisat/corpus/sat-uf200-860/uf200-042.cnf,200,860,SAT,33720,1300716,39135,1,0.477072
/Users/okamu/.cache/gomisat/corpus/sat-uf200-860/uf200-043.cnf,200,860,SAT,12734,467674,14947,1,0.139243
/Users/okamu/.cache/gomisat/corpus/sat-uf200-860/uf200-044.cnf,200,860,SAT,5477,202557,7442,103,0.053369
/Users/okamu/.cache/gomisat/corpus/sat-uf200-860/uf200-045.cnf,200,860,SAT,7833,301931,9421,20,0.072332
/Users/okamu/.cache/gomisat/corpus/sat-uf200-860/uf200-046.cnf,200,860,SAT,12982,511085,15242,1,0.147996
/Users/okamu/.cache/gomisat/corpus/sat-uf200-860/uf200-047.cnf,200,860,SAT,5326,210535,7479,105,0.053635
/Users/okamu/.cache/gomisat/corpus/sat-uf200-860/uf200-048.cnf,200,860,SAT,1903,72651,2215,1,0.014872
/Users/okamu/.cache/gomisat/corpus/sat-uf200-860/uf200-049.cnf,200,860,SAT,23103,875752,28939,197,0.311408
/Users/okamu/.cache/gomisat/corpus/sat-uf200-860/uf200-05.cnf,200,860,SAT,8058,308215,11127,159,0.088457
/Users/okamu/.cache/gomisat/corpus/sat-uf200-860/uf200-050.cnf,200,860,SAT,13619,522988,17536,180,0.156047
/Users/okamu/.cache/gomisat/corpus/sat-uf200-860/uf200-051.cnf,200,860,SAT,2183,87385,2551,1,0.017947
/Users/okamu/.cache/gomisat/corpus/sat-uf200-860/uf200-052.cnf,200,860,SAT,14777,567959,19463,186,0.187233
/Users/okamu/.cache/gomisat/corpus/sat-uf200-860/uf200-053.cnf,200,860,SAT,3788,148255,5346,75,0.032887
/Users/okamu/.cache/gomisat/corpus/sat-uf200-860/uf200-054.cnf,200,860,SAT,5327,207590,6653,32,0.049042
/Users/okamu/.cache/gomisat/corpus/sat-uf200-860/uf200-055.cnf,200,860,SAT,13908,513792,16314,1,0.161365
/Users/okamu/.cache/gomisat/corpus/sat-uf200-860/uf200-056.cnf,200,860,SAT,3852,152249,4692,1,0.035189
/Users/okamu/.cache/gomisat/corpus/sat-uf200-860/uf200-057.cnf,200,860,SAT,13307,493049,15601,1,0.147356
/Users/okamu/.cache/gomisat/corpus/sat-uf200-860/uf200-058.cnf,200,860,SAT,8899,334806,11144,64,0.085708
/Users/okamu/.cache/gomisat/corpus/sat-uf200-860/uf200-059.cnf,200,860,SAT,10943,410431,13409,61,0.107771
/Users/okamu/.cache/gomisat/corpus/sat-uf200-860/uf200-06.cnf,200,860,SAT,17638,673933,20535,1,0.196538
/Users/okamu/.cache/gomisat/corpus/sat-uf200-860/uf200-060.cnf,200,860,SAT,15440,563984,19925,182,0.191414
/Users/okamu/.cache/gomisat/corpus/sat-uf200-860/uf200-061.cnf,200,860,SAT,11149,416479,13268,2,0.116923
/Users/okamu/.cache/gomisat/corpus/sat-uf200-860/uf200-062.cnf,200,860,SAT,3620,134992,4316,1,0.029343
/Users/okamu/.cache/gomisat/corpus/sat-uf200-860/uf200-063.cnf,200,860,SAT,3341,129302,4021,1,0.025628
/Users/okamu/.cache/gomisat/corpus/sat-uf200-860/uf200-064.cnf,200,860,SAT,821,30383,1081,3,0.005047
/Users/okamu/.cache/gomisat/corpus/sat-uf200-860/uf200-065.cnf,200,860,SAT,6185,229479,7531,19,0.059432
/Users/okamu/.cache/gomisat/corpus/sat-uf200-860/uf200-066.cnf,200,860,SAT,10596,392233,12464,1,0.118230
/Users/okamu/.cache/gomisat/corpus/sat-uf200-860/uf200-067.cnf,200,860,SAT,3735,135579,4423,1,0.031233
/Users/okamu/.cache/gomisat/corpus/sat-uf200-860/uf200-068.cnf,200,860,SAT,24940,939082,28818,1,0.345538
/Users/okamu/.cache/gomisat/corpus/sat-uf200-860/uf200-069.cnf,200,860,SAT,5119,206169,5995,2,0.046544
/Users/okamu/.cache/gomisat/corpus/sat-uf200-860/uf200-07.cnf,200,860,SAT,372,13910,471,1,0.002446
/Users/okamu/.cache/gomisat/corpus/sat-uf200-860/uf200-070.cnf,200,860,SAT,1006,37319,1243,1,0.006690
/Users/okamu/.cache/gomisat/corpus/sat-uf200-860/uf200-071.cnf,200,860,SAT,21241,826987,25224,32,0.267738
/Users/okamu/.cache/gomisat/corpus/sat-uf200-860/uf200-072.cnf,200,860,SAT,14857,556489,19326,184,0.181027
/Users/okamu/.cache/gomisat/corpus/sat-uf200-860/uf200-073.cnf,200,860,SAT,747,30118,1079,15,0.004562
/Users/okamu/.cache/gomisat/corpus/sat-uf200-860/uf200-074.cnf,200,860,SAT,4673,175659,5601,1,0.042859
/Users/okamu/.cache/gomisat/corpus/sat-uf200-860/uf200-075.cnf,200,860,SAT,1892,73682,2345,2,0.013704
/Users/okamu/.cache/gomisat/corpus/sat-uf200-860/uf200-076.cnf,200,860,SAT,8207,318238,9822,2,0.087088
/Users/okamu/.cache/gomisat/corpus/sat-uf200-860/uf200-077.cnf,200,860,SAT,6578,254295,9009,122,0.068570
/Users/okamu/.cache/gomisat/corpus/sat-uf200-860/uf200-078.cnf,200,860,SAT,3653,143156,5089,73,0.032759
/Users/okamu/.cache/gomisat/corpus/sat-uf200-860/uf200-079.cnf,200,860,SAT,4269,157094,5179,13,0.037706
/Users/okamu/.cache/gomisat/corpus/sat-uf200-860/uf200-08.cnf,200,860,SAT,10629,396034,12542,1,0.110838
/Users/okamu/.cache/gomisat/corpus/sat-uf200-860/uf200-080.cnf,200,860,SAT,7434,287851,8626,1,0.080245
/Users/okamu/.cache/gomisat/corpus/sat-uf200-860/uf200-081.cnf,200,860,SAT,15674,597513,18353,1,0.179074
/Users/okamu/.cache/gomisat/corpus/sat-uf200-860/uf200-082.cnf,200,860,SAT,12578,483471,16534,175,0.151084
/Users/okamu/.cache/gomisat/corpus/sat-uf200-860/uf200-083.cnf,200,860,SAT,842,34176,1244,17,0.005384
/Users/okamu/.cache/gomisat/corpus/sat-uf200-860/uf200-084.cnf,200,860,SAT,884,32665,1185,5,0.005560
/Users/okamu/.cache/gomisat/corpus/sat-uf200-860/uf200-085.cnf,200,860,SAT,9599,371211,11564,24,0.100126
/Users/okamu/.cache/gomisat/corpus/sat-uf200-860/uf200-086.cnf,200,860,SAT,14645,565084,18704,133,0.180410
/Users/okamu/.cache/gomisat/corpus/sat-uf200-860/uf200-087.cnf,200,860,SAT,19999,772827,23148,1,0.252423
/Users/okamu/.cache/gomisat/corpus/sat-uf200-860/uf200-088.cnf,200,860,SAT,12889,488797,16818,174,0.146571
/Users/okamu/.cache/gomisat/corpus/sat-uf200-860/uf200-089.cnf,200,860,SAT,21469,830825,25456,34,0.242464
/Users/okamu/.cache/gomisat/corpus/sat-uf200-860/uf200-09.cnf,200,860,SAT,20757,801365,24400,8,0.257964
/Users/okamu/.cache/gomisat/corpus/sat-uf200-860/uf200-090.cnf,200,860,SAT,15139,554576,17657,1,0.175156
/Users/okamu/.cache/gomisat/corpus/sat-uf200-860/uf200-091.cnf,200,860,SAT,833,30397,1129,8,0.005113
/Users/okamu/.cache/gomisat/corpus/sat-uf200-860/uf200-092.cnf,200,860,SAT,5491,204393,6430,1,0.049689
/Users/okamu/.cache/gomisat/corpus/sat-uf200-860/uf200-093.cnf,200,860,SAT,5448,197333,7396,108,0.051916
/Users/okamu/.cache/gomisat/corpus/sat-uf200-860/uf200-094.cnf,200,860,SAT,7985,316699,9342,2,0.072243
/Users/okamu/.cache/gomisat/corpus/sat-uf200-860/uf200-095.cnf,200,860,SAT,4343,167321,5203,6,0.037445
/Users/okamu/.cache/gomisat/corpus/sat-uf200-860/uf200-096.cnf,200,860,SAT,4999,191104,5887,1,0.045308
/Users/okamu/.cache/gomisat/corpus/sat-uf200-860/uf200-097.cnf,200,860,SAT,8106,301420,9386,1,0.081728
/Users/okamu/.cache/gomisat/corpus/sat-uf200-860/uf200-098.cnf,200,860,SAT,3352,123724,3936,2,0.027292
/Users/okamu/.cache/gomisat/corpus/sat-uf200-860/uf200-099.cnf,200,860,SAT,30081,1115012,34970,2,0.402087
/Users/okamu/.cache/gomisat/corpus/sat-uf225-960/uf225-01.cnf,225,960,SAT,3066,130768,3684,1,0.027530
/Users/okamu/.cache/gomisat/corpus/sat-uf225-960/uf225-010.cnf,225,960,SAT,29382,1206430,34159,1,0.476403
/Users/okamu/.cache/gomisat/corpus/sat-uf225-960/uf225-0100.cnf,225,960,SAT,9040,375711,10693,1,0.102361
/Users/okamu/.cache/gomisat/corpus/sat-uf225-960/uf225-011.cnf,225,960,SAT,14893,621890,17628,2,0.176953
/Users/okamu/.cache/gomisat/corpus/sat-uf225-960/uf225-012.cnf,225,960,SAT,21036,874394,24773,1,0.292834
/Users/okamu/.cache/gomisat/corpus/sat-uf225-960/uf225-013.cnf,225,960,SAT,29656,1232492,36838,196,0.447724
/Users/okamu/.cache/gomisat/corpus/sat-uf225-960/uf225-014.cnf,225,960,SAT,9167,378188,12641,152,0.101837
/Users/okamu/.cache/gomisat/corpus/sat-uf225-960/uf225-015.cnf,225,960,SAT,40034,1680283,46551,1,0.613572
/Users/okamu/.cache/gomisat/corpus/sat-uf225-960/uf225-016.cnf,225,960,SAT,5672,237298,6717,1,0.055887
/Users/okamu/.cache/gomisat/corpus/sat-uf225-960/uf225-017.cnf,225,960,SAT,20419,839088,23837,1,0.288856
/Users/okamu/.cache/gomisat/corpus/sat-uf225-960/uf225-018.cnf,225,960,SAT,3288,142889,4748,65,0.029227
/Users/okamu/.cache/gomisat/corpus/sat-uf225-960/uf225-019.cnf,225,960,SAT,10490,427389,12166,1,0.115746
/Users/okamu/.cache/gomisat/corpus/sat-uf225-960/uf225-02.cnf,225,960,SAT,7724,331445,11340,152,0.087441
/Users/okamu/.cache/gomisat/corpus/sat-uf225-960/uf225-020.cnf,225,960,SAT,30982,1299307,36566,6,0.432849
/Users/okamu/.cache/gomisat/corpus/sat-uf225-960/uf225-021.cnf,225,960,SAT,5997,259914,8882,118,0.063630
/Users/okamu/.cache/gomisat/corpus/sat-uf225-960/uf225-022.cnf,225,960,SAT,22893,923209,26899,9,0.311477
/Users/okamu/.cache/gomisat/corpus/sat-uf225-960/uf225-023.cnf,225,960,SAT,19837,788038,23544,15,0.264137
/Users/okamu/.cache/gomisat/corpus/sat-uf225-960/uf225-024.cnf,225,960,SAT,33647,1388062,42236,219,0.542863
/Users/okamu/.cache/gomisat/corpus/sat-uf225-960/uf225-025.cnf,225,960,SAT,3832,164951,5504,76,0.035085
/Users/okamu/.cache/gomisat/corpus/sat-uf225-960/uf225-026.cnf,225,960,SAT,5593,219010,6626,1,0.055051
/Users/okamu/.cache/gomisat/corpus/sat-uf225-960/uf225-027.cnf,225,960,SAT,7501,312004,8810,2,0.080539
/Users/okamu/.cache/gomisat/corpus/sat-uf225-960/uf225-028.cnf,225,960,SAT,31080,1320145,36713,25,0.462423
/Users/okamu/.cache/gomisat/corpus/sat-uf225-960/uf225-029.cnf,225,960,SAT,54534,2266130,65978,182,0.940930
/Users/okamu/.cache/gomisat/corpus/sat-uf225-960/uf225-03.cnf,225,960,SAT,37241,1558622,43538,9,0.544718
/Users/okamu/.cache/gomisat/corpus/sat-uf225-960/uf225-030.cnf,225,960,SAT,1572,66168,1945,1,0.012148
/Users/okamu/.cache/gomisat/corpus/sat-uf225-960/uf225-031.cnf,225,960,SAT,15012,618563,17425,1,0.189159
/Users/okamu/.cache/gomisat/corpus/sat-uf225-960/uf225-032.cnf,225,960,SAT,14462,605910,17622,59,0.184027
/Users/okamu/.cache/gomisat/corpus/sat-uf225-960/uf225-033.cnf,225,960,SAT,43457,1779222,50283,1,0.706006
/Users/okamu/.cache/gomisat/corpus/sat-uf225-960/uf225-034.cnf,225,960,SAT,57495,2348277,66176,1,1.021099
/Users/okamu/.cache/gomisat/corpus/sat-uf225-960/uf225-035.cnf,225,960,SAT,34896,1422661,40722,3,0.494502
/Users/okamu/.cache/gomisat/corpus/sat-uf225-960/uf225-036.cnf,225,960,SAT,11886,502033,16080,193,0.151656
/Users/okamu/.cache/gomisat/corpus/sat-uf225-960/uf225-037.cnf,225,960,SAT,12702,531437,17598,218,0.158424
/Users/okamu/.cache/gomisat/corpus/sat-uf225-960/uf225-038.cnf,225,960,SAT,15398,646019,19637,120,0.198662
/Users/okamu/.cache/gomisat/corpus/sat-uf225-960/uf225-039.cnf,225,960,SAT,8777,357676,12038,173,0.103091
/Users/okamu/.cache/gomisat/corpus/sat-uf225-960/uf225-04.cnf,225,960,SAT,31927,1317699,39725,201,0.472666
/Users/okamu/.cache/gomisat/corpus/sat-uf225-960/uf225-040.cnf,225,960,SAT,6366,265120,7721,12,0.067364
/Users/okamu/.cache/gomisat/corpus/sat-uf225-960/uf225-041.cnf,225,960,SAT,25105,1079539,31451,156,0.353106
/Users/okamu/.cache/gomisat/corpus/sat-uf225-960/uf225-042.cnf,225,960,SAT,4975,208846,6196,26,0.046675
/Users/okamu/.cache/gomisat/corpus/sat-uf225-960/uf225-043.cnf,225,960,SAT,5722,242130,6855,3,0.055016
/Users/okamu/.cache/gomisat/corpus/sat-uf225-960/uf225-044.cnf,225,960,SAT,11851,496335,15655,135,0.147436
/Users/okamu/.cache/gomisat/corpus/sat-uf225-960/uf225-045.cnf,225,960,SAT,4291,179002,6084,78,0.041042
/Users/okamu/.cache/gomisat/corpus/sat-uf225-960/uf225-046.cnf,225,960,SAT,44700,1831676,53767,94,0.710877
/Users/okamu/.cache/gomisat/corpus/sat-uf225-960/uf225-047.cnf,225,960,SAT,56639,2279796,65764,3,1.056644
/Users/okamu/.cache/gomisat/corpus/sat-uf225-960/uf225-048.cnf,225,960,SAT,19622,832285,26106,196,0.285000
/Users/okamu/.cache/gomisat/corpus/sat-uf225-960/uf225-049.cnf,225,960,SAT,9525,394006,11374,2,0.106268
/Users/okamu/.cache/gomisat/corpus/sat-uf225-960/uf225-05.cnf,225,960,SAT,968,39750,1321,8,0.006552
/Users/okamu/.cache/gomisat/corpus/sat-uf225-960/uf225-050.cnf,225,960,SAT,1519,64680,1922,5,0.011587
/Users/okamu/.cache/gomisat/corpus/sat-uf225-960/uf225-051.cnf,225,960,SAT,15682,652731,18556,13,0.192625
/Users/okamu/.cache/gomisat/corpus/sat-uf225-960/uf225-052.cnf,225,960,SAT,1696,70989,2535,34,0.013431
/Users/okamu/.cache/gomisat/corpus/sat-uf225-960/uf225-053.cnf,225,960,SAT,44491,1833832,52025,2,0.726937
/Users/okamu/.cache/gomisat/corpus/sat-uf225-960/uf225-054.cnf,225,960,SAT,11926,513282,14358,18,0.138716
/Users/okamu/.cache/gomisat/corpus/sat-uf225-960/uf225-055.cnf,225,960,SAT,5424,224636,6579,7,0.051220
/Users/okamu/.cache/gomisat/corpus/sat-uf225-960/uf225-056.cnf,225,960,SAT,42525,1696366,49101,1,0.701260
/Users/okamu/.cache/gomisat/corpus/sat-uf225-960/uf225-057.cnf,225,960,SAT,22232,906238,29053,199,0.325814
/Users/okamu/.cache/gomisat/corpus/sat-uf225-960/uf225-058.cnf,225,960,SAT,11782,500841,13857,1,0.136601
/Users/okamu/.cache/gomisat/corpus/sat-uf225-960/uf225-059.cnf,225,960,SAT,52462,2129493,61217,5,0.939941
/Users/okamu/.cache/gomisat/corpus/sat-uf225-960/uf225-06.cnf,225,960,SAT,37127,1514035,45838,184,0.584019
/Users/okamu/.cache/gomisat/corpus/sat-uf225-960/uf225-060.cnf,225,960,SAT,1630,67615,2068,2,0.013063
/Users/okamu/.cache/gomisat/corpus/sat-uf225-960/uf225-061.cnf,225,960,SAT,22824,950669,28931,198,0.322621
/Users/okamu/.cache/gomisat/corpus/sat-uf225-960/uf225-062.cnf,225,960,SAT,15052,625417,19803,187,0.189461
/Users/okamu/.cache/gomisat/corpus/sat-uf225-960/uf225-063.cnf,225,960,SAT,8319,347089,10146,22,0.091029
/Users/okamu/.cache/gomisat/corpus/sat-uf225-960/uf225-064.cnf,225,960,SAT,9100,369366,10827,1,0.091145
/Users/okamu/.cache/gomisat/corpus/sat-uf225-960/uf225-065.cnf,225,960,SAT,74958,2972183,86517,2,1.562787
/Users/okamu/.cache/gomisat/corpus/sat-uf225-960/uf225-066.cnf,225,960,SAT,5419,226552,6585,2,0.050326
/Users/okamu/.cache/gomisat/corpus/sat-uf225-960/uf225-067.cnf,225,960,SAT,7344,313377,8670,3,0.077045
/Users/okamu/.cache/gomisat/corpus/sat-uf225-960/uf225-068.cnf,225,960,SAT,5758,231333,6905,1,0.057998
/Users/okamu/.cache/gomisat/corpus/sat-uf225-960/uf225-069.cnf,225,960,SAT,23782,969908,29879,186,0.324971
/Users/okamu/.cache/gomisat/corpus/sat-uf225-960/uf225-07.cnf,225,960,SAT,9697,398406,13638,192,0.117545
/Users/okamu/.cache/gomisat/corpus/sat-uf225-960/uf225-070.cnf,225,960,SAT,15730,645398,19025,22,0.190192
/Users/okamu/.cache/gomisat/corpus/sat-uf225-960/uf225-071.cnf,225,960,SAT,4042,175332,5960,80,0.038527
/Users/okamu/.cache/gomisat/corpus/sat-uf225-960/uf225-072.cnf,225,960,SAT,19318,818215,22734,3,0.239505
/Users/okamu/.cache/gomisat/corpus/sat-uf225-960/uf225-073.cnf,225,960,SAT,52885,2171151,61637,2,0.905044
/Users/okamu/.cache/gomisat/corpus/sat-uf225-960/uf225-074.cnf,225,960,SAT,12591,519324,14744,1,0.153907
/Users/okamu/.cache/gomisat/corpus/sat-uf225-960/uf225-075.cnf,225,960,SAT,29004,1229880,35651,134,0.408185
/Users/okamu/.cache/gomisat/corpus/sat-uf225-960/uf225-076.cnf,225,960,SAT,49018,1992907,57422,19,0.830969
/Users/okamu/.cache/gomisat/corpus/sat-uf225-960/uf225-077.cnf,225,960,SAT,3074,126578,3967,15,0.027095
/Users/okamu/.cache/gomisat/corpus/sat-uf225-960/uf225-078.cnf,225,960,SAT,14439,595153,17179,3,0.186733
/Users/okamu/.cache/gomisat/corpus/sat-uf225-960/uf225-079.cnf,225,960,SAT,9606,404339,12016,59,0.108728
/Users/okamu/.cache/gomisat/corpus/sat-uf225-960/uf225-08.cnf,225,960,SAT,29084,1203065,36320,195,0.460436
/Users/okamu/.cache/gomisat/corpus/sat-uf225-960/uf225-080.cnf,225,960,SAT,24054,1021249,27718,1,0.334181
/Users/okamu/.cache/gomisat/corpus/sat-uf225-960/uf225-081.cnf,225,960,SAT,10815,474084,12620,3,0.125081
/Users/okamu/.cache/gomisat/corpus/sat-uf225-960/uf225-082.cnf,225,960,SAT,18609,794665,21711,3,0.247652
/Users/okamu/.cache/gomisat/corpus/sat-uf225-960/uf225-083.cnf,225,960,SAT,6439,272839,7555,1,0.064472
/Users/okamu/.cache/gomisat/corpus/sat-uf225-960/uf225-084.cnf,225,960,SAT,6319,271120,7424,2,0.066743
/Users/okamu/.cache/gomisat/corpus/sat-uf225-960/uf225-085.cnf,225,960,SAT,27410,1100200,32901,54,0.362187
/Users/okamu/.cache/gomisat/corpus/sat-uf225-960/uf225-086.cnf,225,960,SAT,3763,162245,4574,4,0.034760
/Users/okamu/.cache/gomisat/corpus/sat-uf225-960/uf225-087.cnf,225,960,SAT,1835,79346,2785,37,0.019389
/Users/okamu/.cache/gomisat/corpus/sat-uf225-960/uf225-088.cnf,225,960,SAT,19283,792180,22543,7,0.245859
/Users/okamu/.cache/gomisat/corpus/sat-uf225-960/uf225-089.cnf,225,960,SAT,3379,142211,3950,2,0.031126
/Users/okamu/.cache/gomisat/corpus/sat-uf225-960/uf225-09.cnf,225,960,SAT,48071,1975260,57738,151,0.766810
/Users/okamu/.cache/gomisat/corpus/sat-uf225-960/uf225-090.cnf,225,960,SAT,22215,925153,27633,149,0.283936
/Users/okamu/.cache/gomisat/corpus/sat-uf225-960/uf225-091.cnf,225,960,SAT,15483,630994,18140,3,0.185286
/Users/okamu/.cache/gomisat/corpus/sat-uf225-960/uf225-092.cnf,225,960,SAT,14254,586735,16638,1,0.173684
/Users/okamu/.cache/gomisat/corpus/sat-uf225-960/uf225-093.cnf,225,960,SAT,32879,1330665,39995,127,0.486889
/Users/okamu/.cache/gomisat/corpus/sat-uf225-960/uf225-094.cnf,225,960,SAT,17894,751636,23956,230,0.243486
/Users/okamu/.cache/gomisat/corpus/sat-uf225-960/uf225-095.cnf,225,960,SAT,23865,982356,30159,180,0.340393
/Users/okamu/.cache/gomisat/corpus/sat-uf225-960/uf225-096.cnf,225,960,SAT,50425,2075388,58429,2,0.838040
/Users/okamu/.cache/gomisat/corpus/sat-uf225-960/uf225-097.cnf,225,960,SAT,26171,1039900,32757,179,0.372044
/Users/okamu/.cache/gomisat/corpus/sat-uf225-960/uf225-098.cnf,225,960,SAT,17131,705673,20811,51,0.203698
/Users/okamu/.cache/gomisat/corpus/sat-uf225-960/uf225-099.cnf,225,960,SAT,9721,393956,13405,176,0.114913
/Users/okamu/.cache/gomisat/corpus/sat-uf250-1065/uf250-01.cnf,250,1065,SAT,16238,740601,20364,74,0.217004
/Users/okamu/.cache/gomisat/corpus/sat-uf250-1065/uf250-010.cnf,250,1065,SAT,99892,4479388,117059,79,2.081542
/Users/okamu/.cache/gomisat/corpus/sat-uf250-1065/uf250-0100.cnf,250,1065,SAT,658,29068,986,12,0.004532
/Users/okamu/.cache/gomisat/corpus/sat-uf250-1065/uf250-011.cnf,250,1065,SAT,190329,8232407,220894,28,5.954558
/Users/okamu/.cache/gomisat/corpus/sat-uf250-1065/uf250-012.cnf,250,1065,SAT,33623,1482247,39195,1,0.504117
/Users/okamu/.cache/gomisat/corpus/sat-uf250-1065/uf250-013.cnf,250,1065,SAT,26555,1178461,31451,13,0.386968
/Users/okamu/.cache/gomisat/corpus/sat-uf250-1065/uf250-014.cnf,250,1065,SAT,46152,2059389,54735,46,0.806165
/Users/okamu/.cache/gomisat/corpus/sat-uf250-1065/uf250-015.cnf,250,1065,SAT,25418,1128239,30073,7,0.375573
/Users/okamu/.cache/gomisat/corpus/sat-uf250-1065/uf250-016.cnf,250,1065,SAT,4998,227121,6134,13,0.052473
/Users/okamu/.cache/gomisat/corpus/sat-uf250-1065/uf250-017.cnf,250,1065,SAT,56603,2427421,65938,3,1.000898
/Users/okamu/.cache/gomisat/corpus/sat-uf250-1065/uf250-018.cnf,250,1065,SAT,5643,259754,6880,3,0.057387
/Users/okamu/.cache/gomisat/corpus/sat-uf250-1065/uf250-019.cnf,250,1065,SAT,52464,2336597,62790,92,0.917122
/Users/okamu/.cache/gomisat/corpus/sat-uf250-1065/uf250-02.cnf,250,1065,SAT,104818,4494374,120721,11,2.512570
/Users/okamu/.cache/gomisat/corpus/sat-uf250-1065/uf250-020.cnf,250,1065,SAT,68982,3009088,81680,97,1.268226
/Users/okamu/.cache/gomisat/corpus/sat-uf250-1065/uf250-021.cnf,250,1065,SAT,9838,453592,13868,126,0.122101
/Users/okamu/.cache/gomisat/corpus/sat-uf250-1065/uf250-022.cnf,250,1065,SAT,122187,5233718,141868,31,2.822154
/Users/okamu/.cache/gomisat/corpus/sat-uf250-1065/uf250-023.cnf,250,1065,SAT,37065,1671537,43563,3,0.610494
/Users/okamu/.cache/gomisat/corpus/sat-uf250-1065/uf250-024.cnf,250,1065,SAT,22814,1017294,26908,4,0.336924
/Users/okamu/.cache/gomisat/corpus/sat-uf250-1065/uf250-025.cnf,250,1065,SAT,4400,194011,6504,87,0.043485
/Users/okamu/.cache/gomisat/corpus/sat-uf250-1065/uf250-026.cnf,250,1065,SAT,54058,2324017,66761,251,1.011337
/Users/okamu/.cache/gomisat/corpus/sat-uf250-1065/uf250-027.cnf,250,1065,SAT,42520,1872482,53644,282,0.770483
/Users/okamu/.cache/gomisat/corpus/sat-uf250-1065/uf250-028.cnf,250,1065,SAT,80177,3549948,93315,12,1.859434
/Users/okamu/.cache/gomisat/corpus/sat-uf250-1065/uf250-029.cnf,250,1065,SAT,203300,8647492,236095,35,6.651456
/Users/okamu/.cache/gomisat/corpus/sat-uf250-1065/uf250-03.cnf,250,1065,SAT,37646,1664783,44653,19,0.622151
/Users/okamu/.cache/gomisat/corpus/sat-uf250-1065/uf250-030.cnf,250,1065,SAT,9565,428449,14228,189,0.117890
/Users/okamu/.cache/gomisat/corpus/sat-uf250-1065/uf250-031.cnf,250,1065,SAT,12576,572680,14919,3,0.160322
/Users/okamu/.cache/gomisat/corpus/sat-uf250-1065/uf250-032.cnf,250,1065,SAT,142258,6077235,164808,8,4.031005
/Users/okamu/.cache/gomisat/corpus/sat-uf250-1065/uf250-033.cnf,250,1065,SAT,22776,1030968,30257,199,0.323962
/Users/okamu/.cache/gomisat/corpus/sat-uf250-1065/uf250-034.cnf,250,1065,SAT,17374,768933,22045,107,0.231712
/Users/okamu/.cache/gomisat/corpus/sat-uf250-1065/uf250-035.cnf,250,1065,SAT,4189,191973,5944,46,0.041125
/Users/okamu/.cache/gomisat/corpus/sat-uf250-1065/uf250-036.cnf,250,1065,SAT,110957,4770016,133592,326,2.688249
/Users/okamu/.cache/gomisat/corpus/sat-uf250-1065/uf250-037.cnf,250,1065,SAT,2120,102301,2772,11,0.017972
/Users/okamu/.cache/gomisat/corpus/sat-uf250-1065/uf250-038.cnf,250,1065,SAT,162036,7058037,191074,206,4.903221
/Users/okamu/.cache/gomisat/corpus/sat-uf250-1065/uf250-039.cnf,250,1065,SAT,82189,3662563,95782,35,1.742304
/Users/okamu/.cache/gomisat/corpus/sat-uf250-1065/uf250-04.cnf,250,1065,SAT,12031,561119,14268,4,0.149828
/Users/okamu/.cache/gomisat/corpus/sat-uf250-1065/uf250-040.cnf,250,1065,SAT,10769,473773,12681,1,0.136961
/Users/okamu/.cache/gomisat/corpus/sat-uf250-1065/uf250-041.cnf,250,1065,SAT,8967,401660,10568,2,0.104686
/Users/okamu/.cache/gomisat/corpus/sat-uf250-1065/uf250-042.cnf,250,1065,SAT,16933,744632,20983,78,0.228618
/Users/okamu/.cache/gomisat/corpus/sat-uf250-1065/uf250-043.cnf,250,1065,SAT,114096,4857540,131567,21,2.825800
/Users/okamu/.cache/gomisat/corpus/sat-uf250-1065/uf250-044.cnf,250,1065,SAT,12206,563505,17527,196,0.153076
/Users/okamu/.cache/gomisat/corpus/sat-uf250-1065/uf250-045.cnf,250,1065,SAT,36494,1636375,43194,21,0.573236
/Users/okamu/.cache/gomisat/corpus/sat-uf250-1065/uf250-046.cnf,250,1065,SAT,64473,2872110,74211,3,1.274231
/Users/okamu/.cache/gomisat/corpus/sat-uf250-1065/uf250-047.cnf,250,1065,SAT,71351,3146297,83388,20,1.410502
/Users/okamu/.cache/gomisat/corpus/sat-uf250-1065/uf250-048.cnf,250,1065,SAT,68622,3043352,82732,205,1.398000
/Users/okamu/.cache/gomisat/corpus/sat-uf250-1065/uf250-049.cnf,250,1065,SAT,8652,383769,12746,171,0.103610
/Users/okamu/.cache/gomisat/corpus/sat-uf250-1065/uf250-05.cnf,250,1065,SAT,30396,1344944,37284,106,0.464073
/Users/okamu/.cache/gomisat/corpus/sat-uf250-1065/uf250-050.cnf,250,1065,SAT,17009,770452,22454,196,0.236332
/Users/okamu/.cache/gomisat/corpus/sat-uf250-1065/uf250-051.cnf,250,1065,SAT,35305,1545277,44862,228,0.597371
/Users/okamu/.cache/gomisat/corpus/sat-uf250-1065/uf250-052.cnf,250,1065,SAT,43988,1899633,51335,14,0.742247
/Users/okamu/.cache/gomisat/corpus/sat-uf250-1065/uf250-053.cnf,250,1065,SAT,59255,2592613,71206,186,1.091826
/Users/okamu/.cache/gomisat/corpus/sat-uf250-1065/uf250-054.cnf,250,1065,SAT,89136,3952594,102835,24,1.846433
/Users/okamu/.cache/gomisat/corpus/sat-uf250-1065/uf250-055.cnf,250,1065,SAT,5642,254458,7015,15,0.058256
/Users/okamu/.cache/gomisat/corpus/sat-uf250-1065/uf250-056.cnf,250,1065,SAT,14318,642480,17371,11,0.177810
/Users/okamu/.cache/gomisat/corpus/sat-uf250-1065/uf250-057.cnf,250,1065,SAT,121535,5255807,140937,8,3.241089
/Users/okamu/.cache/gomisat/corpus/sat-uf250-1065/uf250-058.cnf,250,1065,SAT,55044,2460414,66553,132,1.039532
/Users/okamu/.cache/gomisat/corpus/sat-uf250-1065/uf250-059.cnf,250,1065,SAT,49630,2113659,59317,103,0.870779
/Users/okamu/.cache/gomisat/corpus/sat-uf250-1065/uf250-06.cnf,250,1065,SAT,24510,1101668,31689,211,0.376034
/Users/okamu/.cache/gomisat/corpus/sat-uf250-1065/uf250-060.cnf,250,1065,SAT,90564,3879005,108188,214,2.029183
/Users/okamu/.cache/gomisat/corpus/sat-uf250-1065/uf250-061.cnf,250,1065,SAT,53996,2390847,63843,45,0.944766
/Users/okamu/.cache/gomisat/corpus/sat-uf250-1065/uf250-062.cnf,250,1065,SAT,11316,486472,13690,2,0.137992
/Users/okamu/.cache/gomisat/corpus/sat-uf250-1065/uf250-063.cnf,250,1065,SAT,30757,1360180,35825,1,0.482532
/Users/okamu/.cache/gomisat/corpus/sat-uf250-1065/uf250-064.cnf,250,1065,SAT,7360,330185,8932,5,0.080102
/Users/okamu/.cache/gomisat/corpus/sat-uf250-1065/uf250-065.cnf,250,1065,SAT,35167,1579752,44400,200,0.569175
/Users/okamu/.cache/gomisat/corpus/sat-uf250-1065/uf250-066.cnf,250,1065,SAT,59768,2700650,71000,70,1.121135
/Users/okamu/.cache/gomisat/corpus/sat-uf250-1065/uf250-067.cnf,250,1065,SAT,22374,981288,28600,201,0.314949
/Users/okamu/.cache/gomisat/corpus/sat-uf250-1065/uf250-068.cnf,250,1065,SAT,4078,184672,6220,81,0.039544
/Users/okamu/.cache/gomisat/corpus/sat-uf250-1065/uf250-069.cnf,250,1065,SAT,71423,3170403,83745,34,1.509657
/Users/okamu/.cache/gomisat/corpus/sat-uf250-1065/uf250-07.cnf,250,1065,SAT,66784,2944703,81153,213,1.273565
/Users/okamu/.cache/gomisat/corpus/sat-uf250-1065/uf250-070.cnf,250,1065,SAT,80525,3464600,93476,32,1.556712
/Users/okamu/.cache/gomisat/corpus/sat-uf250-1065/uf250-071.cnf,250,1065,SAT,113542,5043462,134047,225,2.597434
/Users/okamu/.cache/gomisat/corpus/sat-uf250-1065/uf250-072.cnf,250,1065,SAT,50909,2217989,59368,20,0.909326
/Users/okamu/.cache/gomisat/corpus/sat-uf250-1065/uf250-073.cnf,250,1065,SAT,34037,1506188,40385,12,0.566624
/Users/okamu/.cache/gomisat/corpus/sat-uf250-1065/uf250-074.cnf,250,1065,SAT,34978,1533369,40685,1,0.567315
/Users/okamu/.cache/gomisat/corpus/sat-uf250-1065/uf250-075.cnf,250,1065,SAT,55634,2459268,67624,200,1.027832
/Users/okamu/.cache/gomisat/corpus/sat-uf250-1065/uf250-076.cnf,250,1065,SAT,76924,3361548,90162,10,1.599584
/Users/okamu/.cache/gomisat/corpus/sat-uf250-1065/uf250-077.cnf,250,1065,SAT,16189,704579,19480,34,0.219758
/Users/okamu/.cache/gomisat/corpus/sat-uf250-1065/uf250-078.cnf,250,1065,SAT,86493,3852756,101784,29,1.990836
/Users/okamu/.cache/gomisat/corpus/sat-uf250-1065/uf250-079.cnf,250,1065,SAT,106053,4629105,126083,211,2.733389
/Users/okamu/.cache/gomisat/corpus/sat-uf250-1065/uf250-08.cnf,250,1065,SAT,42740,1919654,50837,30,0.714011
/Users/okamu/.cache/gomisat/corpus/sat-uf250-1065/uf250-080.cnf,250,1065,SAT,76535,3426797,92415,203,1.455340
/Users/okamu/.cache/gomisat/corpus/sat-uf250-1065/uf250-081.cnf,250,1065,SAT,115922,5071313,135118,33,2.946484
/Users/okamu/.cache/gomisat/corpus/sat-uf250-1065/uf250-082.cnf,250,1065,SAT,12352,560277,14566,1,0.155270
/Users/okamu/.cache/gomisat/corpus/sat-uf250-1065/uf250-083.cnf,250,1065,SAT,20581,922073,24704,25,0.296504
/Users/okamu/.cache/gomisat/corpus/sat-uf250-1065/uf250-084.cnf,250,1065,SAT,8729,395467,13090,172,0.103130
/Users/okamu/.cache/gomisat/corpus/sat-uf250-1065/uf250-085.cnf,250,1065,SAT,2808,120351,3407,1,0.026283
/Users/okamu/.cache/gomisat/corpus/sat-uf250-1065/uf250-086.cnf,250,1065,SAT,82671,3615068,99306,187,1.777783
/Users/okamu/.cache/gomisat/corpus/sat-uf250-1065/uf250-087.cnf,250,1065,SAT,97083,4157276,113927,15,2.246264
/Users/okamu/.cache/gomisat/corpus/sat-uf250-1065/uf250-088.cnf,250,1065,SAT,63643,2854052,74112,7,1.280846
/Users/okamu/.cache/gomisat/corpus/sat-uf250-1065/uf250-089.cnf,250,1065,SAT,21161,954451,25275,17,0.304536
/Users/okamu/.cache/gomisat/corpus/sat-uf250-1065/uf250-09.cnf,250,1065,SAT,43089,1898976,50360,1,0.732961
/Users/okamu/.cache/gomisat/corpus/sat-uf250-1065/uf250-090.cnf,250,1065,SAT,43667,1929261,54796,282,0.811273
/Users/okamu/.cache/gomisat/corpus/sat-uf250-1065/uf250-091.cnf,250,1065,SAT,12912,604796,17502,139,0.172937
/Users/okamu/.cache/gomisat/corpus/sat-uf250-1065/uf250-092.cnf,250,1065,SAT,37493,1585680,44825,46,0.612932
/Users/okamu/.cache/gomisat/corpus/sat-uf250-1065/uf250-093.cnf,250,1065,SAT,69517,3106029,80586,2,1.367574
/Users/okamu/.cache/gomisat/corpus/sat-uf250-1065/uf250-094.cnf,250,1065,SAT,138982,6029483,161280,18,3.848270
/Users/okamu/.cache/gomisat/corpus/sat-uf250-1065/uf250-095.cnf,250,1065,SAT,12794,582359,15114,4,0.167732
/Users/okamu/.cache/gomisat/corpus/sat-uf250-1065/uf250-096.cnf,250,1065,SAT,9422,423827,12739,97,0.115112
/Users/okamu/.cache/gomisat/corpus/sat-uf250-1065/uf250-097.cnf,250,1065,SAT,46545,2030532,54444,17,0.765714
/Users/okamu/.cache/gomisat/corpus/sat-uf250-1065/uf250-098.cnf,250,1065,SAT,26285,1147671,30951,3,0.405670
/Users/okamu/.cache/gomisat/corpus/sat-uf250-1065/uf250-099.cnf,250,1065,SAT,15694,687859,18163,1,0.211668
/Users/okamu/.cache/gomisat/corpus/unsat-bf/bf0432-007.cnf,1040,3668,UNSAT,329,49923,872,7,0.004023
/Users/okamu/.cache/gomisat/corpus/unsat-bf/bf1355-075.cnf,2180,6778,UNSAT,21,3839,222,1,0.000379
/Users/okamu/.cache/gomisat/corpus/unsat-bf/bf1355-638.cnf,2177,6768,UNSAT,44,8349,449,1,0.001016
/Users/okamu/.cache/gomisat/corpus/unsat-bf/bf2670-001.cnf,1393,3434,UNSAT,25,4150,339,1,0.000342
/Users/okamu/.cache/gomisat/corpus/unsat-pigeon-hole/hole10.cnf,110,561,UNKNOWN,199892,2536332,253062,744,10.002154
/Users/okamu/.cache/gomisat/corpus/unsat-pigeon-hole/hole6.cnf,42,133,UNSAT,850,10667,1029,7,0.003520
/Users/okamu/.cache/gomisat/corpus/unsat-pigeon-hole/hole7.cnf,56,204,UNSAT,4227,57480,5665,62,0.051843
/Users/okamu/.cache/gomisat/corpus/unsat-pigeon-hole/hole8.cnf,72,297,UNSAT,25435,334665,35149,294,0.635029
/Users/okamu/.cache/gomisat/corpus/unsat-pigeon-hole/hole9.cnf,90,415,UNSAT,101845,1380508,131479,567,3.915010
/Users/okamu/.cache/gomisat/corpus/unsat-pret/pret150_25.cnf,150,400,UNSAT,541,7459,1756,2,0.001380
/Users/okamu/.cache/gomisat/corpus/unsat-pret/pret150_40.cnf,150,400,UNSAT,541,7459,1756,2,0.001392
/Users/okamu/.cache/gomisat/corpus/unsat-pret/pret150_60.cnf,150,400,UNSAT,541,7459,1756,2,0.001388
/Users/okamu/.cache/gomisat/corpus/unsat-pret/pret150_75.cnf,150,400,UNSAT,541,7459,1756,2,0.001362
/Users/okamu/.cache/gomisat/corpus/unsat-pret/pret60_25.cnf,60,160,UNSAT,197,2167,471,2,0.000500
/Users/okamu/.cache/gomisat/corpus/unsat-pret/pret60_40.cnf,60,160,UNSAT,197,2167,471,2,0.000374
/Users/okamu/.cache/gomisat/corpus/unsat-pret/pret60_60.cnf,60,160,UNSAT,197,2167,471,2,0.000363
/Users/okamu/.cache/gomisat/corpus/unsat-pret/pret60_75.cnf,60,160,UNSAT,197,2167,471,2,0.000359
/Users/okamu/.cache/gomisat/corpus/unsat-uuf150-645/uuf150-01.cnf,150,645,UNSAT,2676,83228,3170,8,0.016603
/Users/okamu/.cache/gomisat/corpus/unsat-uuf150-645/uuf150-010.cnf,150,645,UNSAT,3069,92986,3547,1,0.021259
/Users/okamu/.cache/gomisat/corpus/unsat-uuf150-645/uuf150-0100.cnf,150,645,UNSAT,4352,137826,5559,84,0.034262
/Users/okamu/.cache/gomisat/corpus/unsat-uuf150-645/uuf150-011.cnf,150,645,UNSAT,2760,83717,3151,1,0.017052
/Users/okamu/.cache/gomisat/corpus/unsat-uuf150-645/uuf150-012.cnf,150,645,UNSAT,3432,105793,4451,67,0.025726
/Users/okamu/.cache/gomisat/corpus/unsat-uuf150-645/uuf150-013.cnf,150,645,UNSAT,3497,100543,3979,1,0.025104
/Users/okamu/.cache/gomisat/corpus/unsat-uuf150-645/uuf150-014.cnf,150,645,UNSAT,3801,119925,4882,74,0.028732
/Users/okamu/.cache/gomisat/corpus/unsat-uuf150-645/uuf150-015.cnf,150,645,UNSAT,5836,176318,6798,1,0.047250
/Users/okamu/.cache/gomisat/corpus/unsat-uuf150-645/uuf150-016.cnf,150,645,UNSAT,1571,48838,1958,21,0.009367
/Users/okamu/.cache/gomisat/corpus/unsat-uuf150-645/uuf150-017.cnf,150,645,UNSAT,3496,108761,4078,1,0.022253
/Users/okamu/.cache/gomisat/corpus/unsat-uuf150-645/uuf150-018.cnf,150,645,UNSAT,3719,117339,4701,72,0.029169
/Users/okamu/.cache/gomisat/corpus/unsat-uuf150-645/uuf150-019.cnf,150,645,UNSAT,1883,55791,2173,3,0.010829
/Users/okamu/.cache/gomisat/corpus/unsat-uuf150-645/uuf150-02.cnf,150,645,UNSAT,3775,114045,4437,1,0.025679
/Users/okamu/.cache/gomisat/corpus/unsat-uuf150-645/uuf150-020.cnf,150,645,UNSAT,2934,86913,3431,1,0.018955
/Users/okamu/.cache/gomisat/corpus/unsat-uuf150-645/uuf150-021.cnf,150,645,UNSAT,2831,88732,3668,56,0.019492
/Users/okamu/.cache/gomisat/corpus/unsat-uuf150-645/uuf150-022.cnf,150,645,UNSAT,3061,91212,3610,1,0.019079
/Users/okamu/.cache/gomisat/corpus/unsat-uuf150-645/uuf150-023.cnf,150,645,UNSAT,2398,71543,2809,1,0.015070
/Users/okamu/.cache/gomisat/corpus/unsat-uuf150-645/uuf150-024.cnf,150,645,UNSAT,1853,58462,2248,14,0.011126
/Users/okamu/.cache/gomisat/corpus/unsat-uuf150-645/uuf150-025.cnf,150,645,UNSAT,2727,83321,3320,17,0.017337
/Users/okamu/.cache/gomisat/corpus/unsat-uuf150-645/uuf150-026.cnf,150,645,UNSAT,2225,68919,2690,8,0.013671
/Users/okamu/.cache/gomisat/corpus/unsat-uuf150-645/uuf150-027.cnf,150,645,UNSAT,2697,82647,3111,1,0.016315
/Users/okamu/.cache/gomisat/corpus/unsat-uuf150-645/uuf150-028.cnf,150,645,UNSAT,2872,91558,3463,12,0.019169
/Users/okamu/.cache/gomisat/corpus/unsat-uuf150-645/uuf150-029.cnf,150,645,UNSAT,2530,77390,2933,1,0.016208
/Users/okamu/.cache/gomisat/corpus/unsat-uuf150-645/uuf150-03.cnf,150,645,UNSAT,3031,92100,3532,1,0.019526
/Users/okamu/.cache/gomisat/corpus/unsat-uuf150-645/uuf150-030.cnf,150,645,UNSAT,2763,88205,3193,1,0.018303
/Users/okamu/.cache/gomisat/corpus/unsat-uuf150-645/uuf150-031.cnf,150,645,UNSAT,1179,37232,1429,5,0.006343
/Users/okamu/.cache/gomisat/corpus/unsat-uuf150-645/uuf150-032.cnf,150,645,UNSAT,2771,86665,3148,1,0.017605
/Users/okamu/.cache/gomisat/corpus/unsat-uuf150-645/uuf150-033.cnf,150,645,UNSAT,2301,71272,2698,1,0.014823
/Users/okamu/.cache/gomisat/corpus/unsat-uuf150-645/uuf150-034.cnf,150,645,UNSAT,1427,42658,1805,13,0.008088
/Users/okamu/.cache/gomisat/corpus/unsat-uuf150-645/uuf150-035.cnf,150,645,UNSAT,2141,67199,2641,5,0.013206
/Users/okamu/.cache/gomisat/corpus/unsat-uuf150-645/uuf150-036.cnf,150,645,UNSAT,2574,76695,3017,1,0.016483
/Users/okamu/.cache/gomisat/corpus/unsat-uuf150-645/uuf150-037.cnf,150,645,UNSAT,3231,96239,3747,1,0.020956
/Users/okamu/.cache/gomisat/corpus/unsat-uuf150-645/uuf150-038.cnf,150,645,UNSAT,3673,115264,4335,6,0.025911
/Users/okamu/.cache/gomisat/corpus/unsat-uuf150-645/uuf150-039.cnf,150,645,UNSAT,3115,91937,3581,1,0.020815
/Users/okamu/.cache/gomisat/corpus/unsat-uuf150-645/uuf150-04.cnf,150,645,UNSAT,2386,70736,2832,11,0.015706
/Users/okamu/.cache/gomisat/corpus/unsat-uuf150-645/uuf150-040.cnf,150,645,UNSAT,3826,123212,4604,8,0.026643
/Users/okamu/.cache/gomisat/corpus/unsat-uuf150-645/uuf150-041.cnf,150,645,UNSAT,2445,71878,2863,2,0.015272
/Users/okamu/.cache/gomisat/corpus/unsat-uuf150-645/uuf150-042.cnf,150,645,UNSAT,2102,66001,2658,31,0.015086
/Users/okamu/.cache/gomisat/corpus/unsat-uuf150-645/uuf150-043.cnf,150,645,UNSAT,1819,54665,2147,2,0.010309
/Users/okamu/.cache/gomisat/corpus/unsat-uuf150-645/uuf150-044.cnf,150,645,UNSAT,2834,87987,3468,15,0.017269
/Users/okamu/.cache/gomisat/corpus/unsat-uuf150-645/uuf150-045.cnf,150,645,UNSAT,3782,113764,4380,2,0.023940
/Users/okamu/.cache/gomisat/corpus/unsat-uuf150-645/uuf150-046.cnf,150,645,UNSAT,3155,96142,4075,63,0.022259
/Users/okamu/.cache/gomisat/corpus/unsat-uuf150-645/uuf150-047.cnf,150,645,UNSAT,1854,59588,2173,2,0.011177
/Users/okamu/.cache/gomisat/corpus/unsat-uuf150-645/uuf150-048.cnf,150,645,UNSAT,2791,85680,3317,10,0.023156
/Users/okamu/.cache/gomisat/corpus/unsat-uuf150-645/uuf150-049.cnf,150,645,UNSAT,1612,49760,1861,7,0.009676
/Users/okamu/.cache/gomisat/corpus/unsat-uuf150-645/uuf150-05.cnf,150,645,UNSAT,2429,75838,2848,2,0.014528
/Users/okamu/.cache/gomisat/corpus/unsat-uuf150-645/uuf150-050.cnf,150,645,UNSAT,2980,94426,3420,1,0.021199
/Users/okamu/.cache/gomisat/corpus/unsat-uuf150-645/uuf150-051.cnf,150,645,UNSAT,2335,73229,2738,1,0.014011
/Users/okamu/.cache/gomisat/corpus/unsat-uuf150-645/uuf150-052.cnf,150,645,UNSAT,2229,69714,2553,1,0.014036
/Users/okamu/.cache/gomisat/corpus/unsat-uuf150-645/uuf150-053.cnf,150,645,UNSAT,2086,62836,2387,1,0.012971
/Users/okamu/.cache/gomisat/corpus/unsat-uuf150-645/uuf150-054.cnf,150,645,UNSAT,1771,53801,2101,2,0.010123
/Users/okamu/.cache/gomisat/corpus/unsat-uuf150-645/uuf150-055.cnf,150,645,UNSAT,6218,196285,7272,4,0.045936
/Users/okamu/.cache/gomisat/corpus/unsat-uuf150-645/uuf150-056.cnf,150,645,UNSAT,1432,44176,1821,23,0.008033
/Users/okamu/.cache/gomisat/corpus/unsat-uuf150-645/uuf150-057.cnf,150,645,UNSAT,2759,84981,3313,15,0.017096
/Users/okamu/.cache/gomisat/corpus/unsat-uuf150-645/uuf150-058.cnf,150,645,UNSAT,1838,55238,2380,36,0.011143
/Users/okamu/.cache/gomisat/corpus/unsat-uuf150-645/uuf150-059.cnf,150,645,UNSAT,1935,58451,2250,1,0.011824
/Users/okamu/.cache/gomisat/corpus/unsat-uuf150-645/uuf150-06.cnf,150,645,UNSAT,2394,71650,2725,1,0.015354
/Users/okamu/.cache/gomisat/corpus/unsat-uuf150-645/uuf150-060.cnf,150,645,UNSAT,2879,88445,3382,1,0.018475
/Users/okamu/.cache/gomisat/corpus/unsat-uuf150-645/uuf150-061.cnf,150,645,UNSAT,2643,81349,3355,46,0.017079
/Users/okamu/.cache/gomisat/corpus/unsat-uuf150-645/uuf150-062.cnf,150,645,UNSAT,2093,62700,2715,41,0.014241
/Users/okamu/.cache/gomisat/corpus/unsat-uuf150-645/uuf150-063.cnf,150,645,UNSAT,3661,114712,4389,8,0.024067
/Users/okamu/.cache/gomisat/corpus/unsat-uuf150-645/uuf150-064.cnf,150,645,UNSAT,3556,108013,4573,64,0.027909
/Users/okamu/.cache/gomisat/corpus/unsat-uuf150-645/uuf150-065.cnf,150,645,UNSAT,4323,133393,5004,1,0.032166
/Users/okamu/.cache/gomisat/corpus/unsat-uuf150-645/uuf150-066.cnf,150,645,UNSAT,2344,71643,2707,2,0.013843
/Users/okamu/.cache/gomisat/corpus/unsat-uuf150-645/uuf150-067.cnf,150,645,UNSAT,3421,100481,3982,1,0.022520
/Users/okamu/.cache/gomisat/corpus/unsat-uuf150-645/uuf150-068.cnf,150,645,UNSAT,4420,134270,5144,1,0.033157
/Users/okamu/.cache/gomisat/corpus/unsat-uuf150-645/uuf150-069.cnf,150,645,UNSAT,3338,101564,3931,1,0.022146
/Users/okamu/.cache/gomisat/corpus/unsat-uuf150-645/uuf150-07.cnf,150,645,UNSAT,2739,86116,3226,1,0.017406
/Users/okamu/.cache/gomisat/corpus/unsat-uuf150-645/uuf150-070.cnf,150,645,UNSAT,2305,74824,2735,5,0.014560
/Users/okamu/.cache/gomisat/corpus/unsat-uuf150-645/uuf150-071.cnf,150,645,UNSAT,3040,94992,3886,55,0.021709
/Users/okamu/.cache/gomisat/corpus/unsat-uuf150-645/uuf150-072.cnf,150,645,UNSAT,5267,163212,6145,3,0.041714
/Users/okamu/.cache/gomisat/corpus/unsat-uuf150-645/uuf150-073.cnf,150,645,UNSAT,2361,71151,2920,23,0.015208
/Users/okamu/.cache/gomisat/corpus/unsat-uuf150-645/uuf150-074.cnf,150,645,UNSAT,2013,60097,2336,1,0.016027
/Users/okamu/.cache/gomisat/corpus/unsat-uuf150-645/uuf150-075.cnf,150,645,UNSAT,3027,92294,3507,4,0.019501
/Users/okamu/.cache/gomisat/corpus/unsat-uuf150-645/uuf150-076.cnf,150,645,UNSAT,2816,87610,3309,2,0.017449
/Users/okamu/.cache/gomisat/corpus/unsat-uuf150-645/uuf150-077.cnf,150,645,UNSAT,3057,90306,3535,1,0.020667
/Users/okamu/.cache/gomisat/corpus/unsat-uuf150-645/uuf150-078.cnf,150,645,UNSAT,3208,95057,3727,1,0.022575
/Users/okamu/.cache/gomisat/corpus/unsat-uuf150-645/uuf150-079.cnf,150,645,UNSAT,3527,106131,4038,1,0.024213
/Users/okamu/.cache/gomisat/corpus/unsat-uuf150-645/uuf150-08.cnf,150,645,UNSAT,2368,70840,2774,1,0.014973
/Users/okamu/.cache/gomisat/corpus/unsat-uuf150-645/uuf150-080.cnf,150,645,UNSAT,3377,103297,3980,1,0.022975
/Users/okamu/.cache/gomisat/corpus/unsat-uuf150-645/uuf150-081.cnf,150,645,UNSAT,1730,56682,2026,2,0.009466
/Users/okamu/.cache/gomisat/corpus/unsat-uuf150-645/uuf150-082.cnf,150,645,UNSAT,4157,131131,4780,1,0.029348
/Users/okamu/.cache/gomisat/corpus/unsat-uuf150-645/uuf150-083.cnf,150,645,UNSAT,2383,72821,2894,20,0.016761
/Users/okamu/.cache/gomisat/corpus/unsat-uuf150-645/uuf150-084.cnf,150,645,UNSAT,5780,181479,6642,1,0.045961
/Users/okamu/.cache/gomisat/corpus/unsat-uuf150-645/uuf150-085.cnf,150,645,UNSAT,2334,73287,2760,6,0.015188
/Users/okamu/.cache/gomisat/corpus/unsat-uuf150-645/uuf150-086.cnf,150,645,UNSAT,2380,72371,2767,1,0.015507
/Users/okamu/.cache/gomisat/corpus/unsat-uuf150-645/uuf150-087.cnf,150,645,UNSAT,4297,134909,5048,1,0.031770
/Users/okamu/.cache/gomisat/corpus/unsat-uuf150-645/uuf150-088.cnf,150,645,UNSAT,3783,119180,4598,12,0.027201
/Users/okamu/.cache/gomisat/corpus/unsat-uuf150-645/uuf150-089.cnf,150,645,UNSAT,1224,36657,1512,24,0.007422
/Users/okamu/.cache/gomisat/corpus/unsat-uuf150-645/uuf150-09.cnf,150,645,UNSAT,2225,66215,2581,1,0.013901
/Users/okamu/.cache/gomisat/corpus/unsat-uuf150-645/uuf150-090.cnf,150,645,UNSAT,2277,69821,2748,5,0.014432
/Users/okamu/.cache/gomisat/corpus/unsat-uuf150-645/uuf150-091.cnf,150,645,UNSAT,2340,73444,2730,1,0.014576
/Users/okamu/.cache/gomisat/corpus/unsat-uuf150-645/uuf150-092.cnf,150,645,UNSAT,2309,68315,2693,1,0.012971
/Users/okamu/.cache/gomisat/corpus/unsat-uuf150-645/uuf150-093.cnf,150,645,UNSAT,4271,133445,4975,2,0.029692
/Users/okamu/.cache/gomisat/corpus/unsat-uuf150-645/uuf150-094.cnf,150,645,UNSAT,2310,69210,2913,42,0.016657
/Users/okamu/.cache/gomisat/corpus/unsat-uuf150-645/uuf150-095.cnf,150,645,UNSAT,2023,59707,2252,1,0.011408
/Users/okamu/.cache/gomisat/corpus/unsat-uuf150-645/uuf150-096.cnf,150,645,UNSAT,2360,73911,2878,20,0.014099
/Users/okamu/.cache/gomisat/corpus/unsat-uuf150-645/uuf150-097.cnf,150,645,UNSAT,4596,144501,5258,1,0.034898
/Users/okamu/.cache/gomisat/corpus/unsat-uuf150-645/uuf150-098.cnf,150,645,UNSAT,3916,115681,4647,3,0.028346
/Users/okamu/.cache/gomisat/corpus/unsat-uuf150-645/uuf150-099.cnf,150,645,UNSAT,2941,88020,3433,1,0.018932
/Users/okamu/.cache/gomisat/corpus/unsat-uuf200-860/uuf200-01.cnf,200,860,UNSAT,18578,667245,21786,1,0.212807
/Users/okamu/.cache/gomisat/corpus/unsat-uuf200-860/uuf200-010.cnf,200,860,UNSAT,26366,993256,30638,1,0.329539
/Users/okamu/.cache/gomisat/corpus/unsat-uuf200-860/uuf200-011.cnf,200,860,UNSAT,17102,681372,20269,27,0.193951
/Users/okamu/.cache/gomisat/corpus/unsat-uuf200-860/uuf200-012.cnf,200,860,UNSAT,24685,920600,30764,197,0.323374
/Users/okamu/.cache/gomisat/corpus/unsat-uuf200-860/uuf200-013.cnf,200,860,UNSAT,14919,538325,17258,1,0.160967
/Users/okamu/.cache/gomisat/corpus/unsat-uuf200-860/uuf200-014.cnf,200,860,UNSAT,15639,584316,18304,3,0.164376
/Users/okamu/.cache/gomisat/corpus/unsat-uuf200-860/uuf200-015.cnf,200,860,UNSAT,17773,646126,22732,197,0.217299
/Users/okamu/.cache/gomisat/corpus/unsat-uuf200-860/uuf200-016.cnf,200,860,UNSAT,14006,538698,16666,25,0.147652
/Users/okamu/.cache/gomisat/corpus/unsat-uuf200-860/uuf200-017.cnf,200,860,UNSAT,9761,354978,11432,1,0.092068
/Users/okamu/.cache/gomisat/corpus/unsat-uuf200-860/uuf200-018.cnf,200,860,UNSAT,17742,649601,20648,2,0.191062
/Users/okamu/.cache/gomisat/corpus/unsat-uuf200-860/uuf200-019.cnf,200,860,UNSAT,11030,424027,13776,114,0.113398
/Users/okamu/.cache/gomisat/corpus/unsat-uuf200-860/uuf200-02.cnf,200,860,UNSAT,14058,522429,16663,18,0.145368
/Users/okamu/.cache/gomisat/corpus/unsat-uuf200-860/uuf200-020.cnf,200,860,UNSAT,9144,333975,11712,144,0.092482
/Users/okamu/.cache/gomisat/corpus/unsat-uuf200-860/uuf200-021.cnf,200,860,UNSAT,18035,659005,22015,108,0.226510
/Users/okamu/.cache/gomisat/corpus/unsat-uuf200-860/uuf200-022.cnf,200,860,UNSAT,20177,745618,23423,1,0.236370
/Users/okamu/.cache/gomisat/corpus/unsat-uuf200-860/uuf200-023.cnf,200,860,UNSAT,10994,418732,12894,10,0.113376
/Users/okamu/.cache/gomisat/corpus/unsat-uuf200-860/uuf200-024.cnf,200,860,UNSAT,20193,728307,23577,1,0.251252
/Users/okamu/.cache/gomisat/corpus/unsat-uuf200-860/uuf200-025.cnf,200,860,UNSAT,33041,1236864,38308,1,0.467934
/Users/okamu/.cache/gomisat/corpus/unsat-uuf200-860/uuf200-026.cnf,200,860,UNSAT,23849,876184,29969,218,0.331328
/Users/okamu/.cache/gomisat/corpus/unsat-uuf200-860/uuf200-027.cnf,200,860,UNSAT,10892,401002,12898,12,0.108686
/Users/okamu/.cache/gomisat/corpus/unsat-uuf200-860/uuf200-028.cnf,200,860,UNSAT,14748,547668,17183,7,0.155690
/Users/okamu/.cache/gomisat/corpus/unsat-uuf200-860/uuf200-029.cnf,200,860,UNSAT,18895,690093,23724,175,0.235257
/Users/okamu/.cache/gomisat/corpus/unsat-uuf200-860/uuf200-03.cnf,200,860,UNSAT,12241,447956,14225,1,0.122985
/Users/okamu/.cache/gomisat/corpus/unsat-uuf200-860/uuf200-030.cnf,200,860,UNSAT,8039,308227,9604,2,0.071750
/Users/okamu/.cache/gomisat/corpus/unsat-uuf200-860/uuf200-031.cnf,200,860,UNSAT,13776,524866,17362,140,0.145959
/Users/okamu/.cache/gomisat/corpus/unsat-uuf200-860/uuf200-032.cnf,200,860,UNSAT,19063,731166,22493,36,0.220424
/Users/okamu/.cache/gomisat/corpus/unsat-uuf200-860/uuf200-033.cnf,200,860,UNSAT,10270,378011,11909,1,0.096464
/Users/okamu/.cache/gomisat/corpus/unsat-uuf200-860/uuf200-034.cnf,200,860,UNSAT,13908,499703,17035,86,0.154576
/Users/okamu/.cache/gomisat/corpus/unsat-uuf200-860/uuf200-035.cnf,200,860,UNSAT,14738,550255,18897,195,0.165465
/Users/okamu/.cache/gomisat/corpus/unsat-uuf200-860/uuf200-036.cnf,200,860,UNSAT,26626,992933,31084,1,0.351912
/Users/okamu/.cache/gomisat/corpus/unsat-uuf200-860/uuf200-037.cnf,200,860,UNSAT,23438,900317,29381,237,0.306133
/Users/okamu/.cache/gomisat/corpus/unsat-uuf200-860/uuf200-038.cnf,200,860,UNSAT,18426,679487,23198,195,0.217675
/Users/okamu/.cache/gomisat/corpus/unsat-uuf200-860/uuf200-039.cnf,200,860,UNSAT,12091,441356,14577,59,0.132026
/Users/okamu/.cache/gomisat/corpus/unsat-uuf200-860/uuf200-04.cnf,200,860,UNSAT,39289,1461847,47901,188,0.621781
/Users/okamu/.cache/gomisat/corpus/unsat-uuf200-860/uuf200-040.cnf,200,860,UNSAT,17994,660679,22406,153,0.207521
/Users/okamu/.cache/gomisat/corpus/unsat-uuf200-860/uuf200-041.cnf,200,860,UNSAT,12838,489368,15993,124,0.135532
/Users/okamu/.cache/gomisat/corpus/unsat-uuf200-860/uuf200-042.cnf,200,860,UNSAT,14851,537943,18923,204,0.181935
/Users/okamu/.cache/gomisat/corpus/unsat-uuf200-860/uuf200-043.cnf,200,860,UNSAT,20097,716740,23361,1,0.249835
/Users/okamu/.cache/gomisat/corpus/unsat-uuf200-860/uuf200-044.cnf,200,860,UNSAT,15609,602658,19506,149,0.185873
/Users/okamu/.cache/gomisat/corpus/unsat-uuf200-860/uuf200-045.cnf,200,860,UNSAT,30649,1142994,35387,1,0.441793
/Users/okamu/.cache/gomisat/corpus/unsat-uuf200-860/uuf200-046.cnf,200,860,UNSAT,23694,894642,27535,2,0.292792
/Users/okamu/.cache/gomisat/corpus/unsat-uuf200-860/uuf200-047.cnf,200,860,UNSAT,13334,485108,17337,188,0.158137
/Users/okamu/.cache/gomisat/corpus/unsat-uuf200-860/uuf200-048.cnf,200,860,UNSAT,15194,578765,17722,3,0.164442
/Users/okamu/.cache/gomisat/corpus/unsat-uuf200-860/uuf200-049.cnf,200,860,UNSAT,18462,684309,22364,80,0.210961
/Users/okamu/.cache/gomisat/corpus/unsat-uuf200-860/uuf200-05.cnf,200,860,UNSAT,11361,423519,13246,6,0.109214
/Users/okamu/.cache/gomisat/corpus/unsat-uuf200-860/uuf200-050.cnf,200,860,UNSAT,13356,518097,16095,62,0.145369
/Users/okamu/.cache/gomisat/corpus/unsat-uuf200-860/uuf200-051.cnf,200,860,UNSAT,22983,850813,28598,172,0.291287
/Users/okamu/.cache/gomisat/corpus/unsat-uuf200-860/uuf200-052.cnf,200,860,UNSAT,19586,755946,24881,200,0.241178
/Users/okamu/.cache/gomisat/corpus/unsat-uuf200-860/uuf200-053.cnf,200,860,UNSAT,11745,448878,13806,3,0.124394
/Users/okamu/.cache/gomisat/corpus/unsat-uuf200-860/uuf200-054.cnf,200,860,UNSAT,24579,926711,28539,1,0.323228
/Users/okamu/.cache/gomisat/corpus/unsat-uuf200-860/uuf200-055.cnf,200,860,UNSAT,15602,567548,19987,199,0.185000
/Users/okamu/.cache/gomisat/corpus/unsat-uuf200-860/uuf200-056.cnf,200,860,UNSAT,35625,1310563,40765,1,0.561464
/Users/okamu/.cache/gomisat/corpus/unsat-uuf200-860/uuf200-057.cnf,200,860,UNSAT,20212,740856,23310,1,0.230514
/Users/okamu/.cache/gomisat/corpus/unsat-uuf200-860/uuf200-058.cnf,200,860,UNSAT,28618,1072783,33304,1,0.372790
/Users/okamu/.cache/gomisat/corpus/unsat-uuf200-860/uuf200-059.cnf,200,860,UNSAT,15379,550888,19161,170,0.182695
/Users/okamu/.cache/gomisat/corpus/unsat-uuf200-860/uuf200-06.cnf,200,860,UNSAT,14145,541614,17434,72,0.149690
/Users/okamu/.cache/gomisat/corpus/unsat-uuf200-860/uuf200-060.cnf,200,860,UNSAT,11576,432443,13404,6,0.117242
/Users/okamu/.cache/gomisat/corpus/unsat-uuf200-860/uuf200-061.cnf,200,860,UNSAT,10687,395121,12951,56,0.110430
/Users/okamu/.cache/gomisat/corpus/unsat-uuf200-860/uuf200-062.cnf,200,860,UNSAT,7070,263432,8914,80,0.069675
/Users/okamu/.cache/gomisat/corpus/unsat-uuf200-860/uuf200-063.cnf,200,860,UNSAT,18141,674939,22663,145,0.210832
/Users/okamu/.cache/gomisat/corpus/unsat-uuf200-860/uuf200-064.cnf,200,860,UNSAT,24100,899035,28772,58,0.301134
/Users/okamu/.cache/gomisat/corpus/unsat-uuf200-860/uuf200-065.cnf,200,860,UNSAT,18349,668888,23158,213,0.229791
/Users/okamu/.cache/gomisat/corpus/unsat-uuf200-860/uuf200-066.cnf,200,860,UNSAT,35793,1357953,41894,3,0.535343
/Users/okamu/.cache/gomisat/corpus/unsat-uuf200-860/uuf200-067.cnf,200,860,UNSAT,18401,693523,22350,95,0.220890
/Users/okamu/.cache/gomisat/corpus/unsat-uuf200-860/uuf200-068.cnf,200,860,UNSAT,18674,701157,21736,1,0.209955
/Users/okamu/.cache/gomisat/corpus/unsat-uuf200-860/uuf200-069.cnf,200,860,UNSAT,9391,338080,12141,147,0.099166
/Users/okamu/.cache/gomisat/corpus/unsat-uuf200-860/uuf200-07.cnf,200,860,UNSAT,18188,684085,21730,32,0.226357
/Users/okamu/.cache/gomisat/corpus/unsat-uuf200-860/uuf200-070.cnf,200,860,UNSAT,12950,499537,15642,57,0.131175
/Users/okamu/.cache/gomisat/corpus/unsat-uuf200-860/uuf200-071.cnf,200,860,UNSAT,15613,577897,18309,4,0.175253
/Users/okamu/.cache/gomisat/corpus/unsat-uuf200-860/uuf200-072.cnf,200,860,UNSAT,13904,524784,16128,2,0.144505
/Users/okamu/.cache/gomisat/corpus/unsat-uuf200-860/uuf200-073.cnf,200,860,UNSAT,17064,642425,19833,1,0.210591
/Users/okamu/.cache/gomisat/corpus/unsat-uuf200-860/uuf200-074.cnf,200,860,UNSAT,21846,829659,27089,155,0.266929
/Users/okamu/.cache/gomisat/corpus/unsat-uuf200-860/uuf200-075.cnf,200,860,UNSAT,20338,785311,25660,196,0.255399
/Users/okamu/.cache/gomisat/corpus/unsat-uuf200-860/uuf200-076.cnf,200,860,UNSAT,11036,428248,12755,1,0.107347
/Users/okamu/.cache/gomisat/corpus/unsat-uuf200-860/uuf200-077.cnf,200,860,UNSAT,11721,452928,15222,182,0.129467
/Users/okamu/.cache/gomisat/corpus/unsat-uuf200-860/uuf200-078.cnf,200,860,UNSAT,23003,864361,26710,1,0.274370
/Users/okamu/.cache/gomisat/corpus/unsat-uuf200-860/uuf200-079.cnf,200,860,UNSAT,15556,584595,19494,147,0.179317
/Users/okamu/.cache/gomisat/corpus/unsat-uuf200-860/uuf200-08.cnf,200,860,UNSAT,20891,766857,26430,223,0.268686
/Users/okamu/.cache/gomisat/corpus/unsat-uuf200-860/uuf200-080.cnf,200,860,UNSAT,20464,762410,25524,195,0.242733
/Users/okamu/.cache/gomisat/corpus/unsat-uuf200-860/uuf200-081.cnf,200,860,UNSAT,25746,925398,31294,114,0.326810
/Users/okamu/.cache/gomisat/corpus/unsat-uuf200-860/uuf200-082.cnf,200,860,UNSAT,15933,608846,20347,193,0.180952
/Users/okamu/.cache/gomisat/corpus/unsat-uuf200-860/uuf200-083.cnf,200,860,UNSAT,17132,650430,21530,169,0.206413
/Users/okamu/.cache/gomisat/corpus/unsat-uuf200-860/uuf200-084.cnf,200,860,UNSAT,8441,314828,10222,34,0.077460
/Users/okamu/.cache/gomisat/corpus/unsat-uuf200-860/uuf200-085.cnf,200,860,UNSAT,19514,738867,24277,165,0.249788
/Users/okamu/.cache/gomisat/corpus/unsat-uuf200-860/uuf200-086.cnf,200,860,UNSAT,20303,756664,23712,1,0.239270
/Users/okamu/.cache/gomisat/corpus/unsat-uuf200-860/uuf200-087.cnf,200,860,UNSAT,18439,663185,22569,109,0.238217
/Users/okamu/.cache/gomisat/corpus/unsat-uuf200-860/uuf200-088.cnf,200,860,UNSAT,10018,377425,12685,116,0.108077
/Users/okamu/.cache/gomisat/corpus/unsat-uuf200-860/uuf200-089.cnf,200,860,UNSAT,19651,715214,22778,1,0.238095
/Users/okamu/.cache/gomisat/corpus/unsat-uuf200-860/uuf200-09.cnf,200,860,UNSAT,14474,536578,18338,148,0.177764
/Users/okamu/.cache/gomisat/corpus/unsat-uuf200-860/uuf200-090.cnf,200,860,UNSAT,20001,713091,25117,198,0.308568
/Users/okamu/.cache/gomisat/corpus/unsat-uuf200-860/uuf200-091.cnf,200,860,UNSAT,18007,656494,21741,63,0.239161
/Users/okamu/.cache/gomisat/corpus/unsat-uuf200-860/uuf200-092.cnf,200,860,UNSAT,14574,546960,18558,187,0.195210
/Users/okamu/.cache/gomisat/corpus/unsat-uuf200-860/uuf200-093.cnf,200,860,UNSAT,13149,486623,15902,76,0.171446
/Users/okamu/.cache/gomisat/corpus/unsat-uuf200-860/uuf200-094.cnf,200,860,UNSAT,18724,693499,23547,168,0.239723
/Users/okamu/.cache/gomisat/corpus/unsat-uuf200-860/uuf200-095.cnf,200,860,UNSAT,24482,913368,30674,208,0.332509
/Users/okamu/.cache/gomisat/corpus/unsat-uuf200-860/uuf200-096.cnf,200,860,UNSAT,11539,428653,13251,1,0.113461
/Users/okamu/.cache/gomisat/corpus/unsat-uuf200-860/uuf200-097.cnf,200,860,UNSAT,13121,474764,16768,152,0.153178
/Users/okamu/.cache/gomisat/corpus/unsat-uuf200-860/uuf200-098.cnf,200,860,UNSAT,16654,627955,19511,2,0.189535
/Users/okamu/.cache/gomisat/corpus/unsat-uuf200-860/uuf200-099.cnf,200,860,UNSAT,22118,839325,25609,2,0.265956
/Users/okamu/.cache/gomisat/corpus/unsat-uuf225-960/uuf225-01.cnf,225,960,UNSAT,41975,1712979,51254,212,0.678073
/Users/okamu/.cache/gomisat/corpus/unsat-uuf225-960/uuf225-010.cnf,225,960,UNSAT,36617,1491911,45092,207,0.539425
/Users/okamu/.cache/gomisat/corpus/unsat-uuf225-960/uuf225-0100.cnf,225,960,UNSAT,61397,2538637,70878,5,1.032042
/Users/okamu/.cache/gomisat/corpus/unsat-uuf225-960/uuf225-011.cnf,225,960,UNSAT,40978,1620419,47483,1,0.620255
/Users/okamu/.cache/gomisat/corpus/unsat-uuf225-960/uuf225-012.cnf,225,960,UNSAT,29991,1233839,37097,198,0.408271
/Users/okamu/.cache/gomisat/corpus/unsat-uuf225-960/uuf225-013.cnf,225,960,UNSAT,37814,1513353,44063,5,0.563643
/Users/okamu/.cache/gomisat/corpus/unsat-uuf225-960/uuf225-014.cnf,225,960,UNSAT,19993,793699,23231,1,0.240172
/Users/okamu/.cache/gomisat/corpus/unsat-uuf225-960/uuf225-015.cnf,225,960,UNSAT,38020,1539188,44536,16,0.559785
/Users/okamu/.cache/gomisat/corpus/unsat-uuf225-960/uuf225-016.cnf,225,960,UNSAT,35323,1423720,43589,201,0.525796
/Users/okamu/.cache/gomisat/corpus/unsat-uuf225-960/uuf225-017.cnf,225,960,UNSAT,38886,1578742,45429,10,0.551340
/Users/okamu/.cache/gomisat/corpus/unsat-uuf225-960/uuf225-018.cnf,225,960,UNSAT,34515,1414765,42394,190,0.510059
/Users/okamu/.cache/gomisat/corpus/unsat-uuf225-960/uuf225-019.cnf,225,960,UNSAT,46540,1825410,54233,2,0.729072
/Users/okamu/.cache/gomisat/corpus/unsat-uuf225-960/uuf225-02.cnf,225,960,UNSAT,27053,1102863,33596,218,0.365386
/Users/okamu/.cache/gomisat/corpus/unsat-uuf225-960/uuf225-020.cnf,225,960,UNSAT,22641,925202,26278,9,0.286739
/Users/okamu/.cache/gomisat/corpus/unsat-uuf225-960/uuf225-021.cnf,225,960,UNSAT,49838,2029959,57820,2,0.804250
/Users/okamu/.cache/gomisat/corpus/unsat-uuf225-960/uuf225-022.cnf,225,960,UNSAT,41096,1693600,47632,5,0.622828
/Users/okamu/.cache/gomisat/corpus/unsat-uuf225-960/uuf225-023.cnf,225,960,UNSAT,29406,1196609,34849,54,0.407172
/Users/okamu/.cache/gomisat/corpus/unsat-uuf225-960/uuf225-024.cnf,225,960,UNSAT,36257,1480455,44729,198,0.517371
/Users/okamu/.cache/gomisat/corpus/unsat-uuf225-960/uuf225-025.cnf,225,960,UNSAT,40788,1678719,49064,141,0.606493
/Users/okamu/.cache/gomisat/corpus/unsat-uuf225-960/uuf225-026.cnf,225,960,UNSAT,33143,1302824,38675,3,0.450284
/Users/okamu/.cache/gomisat/corpus/unsat-uuf225-960/uuf225-027.cnf,225,960,UNSAT,44911,1825407,54091,144,0.717837
/Users/okamu/.cache/gomisat/corpus/unsat-uuf225-960/uuf225-028.cnf,225,960,UNSAT,34466,1401197,40244,1,0.466785
/Users/okamu/.cache/gomisat/corpus/unsat-uuf225-960/uuf225-029.cnf,225,960,UNSAT,23765,960028,30243,250,0.309341
/Users/okamu/.cache/gomisat/corpus/unsat-uuf225-960/uuf225-03.cnf,225,960,UNSAT,33877,1335770,39861,48,0.473352
/Users/okamu/.cache/gomisat/corpus/unsat-uuf225-960/uuf225-030.cnf,225,960,UNSAT,36762,1481335,42681,1,0.541754
/Users/okamu/.cache/gomisat/corpus/unsat-uuf225-960/uuf225-031.cnf,225,960,UNSAT,46256,1893330,55652,152,0.746605
/Users/okamu/.cache/gomisat/corpus/unsat-uuf225-960/uuf225-032.cnf,225,960,UNSAT,43772,1737876,50706,1,0.650253
/Users/okamu/.cache/gomisat/corpus/unsat-uuf225-960/uuf225-033.cnf,225,960,UNSAT,57249,2353489,66308,2,0.946607
/Users/okamu/.cache/gomisat/corpus/unsat-uuf225-960/uuf225-034.cnf,225,960,UNSAT,43672,1829107,50825,1,0.650555
/Users/okamu/.cache/gomisat/corpus/unsat-uuf225-960/uuf225-035.cnf,225,960,UNSAT,45769,1851694,55026,162,0.705713
/Users/okamu/.cache/gomisat/corpus/unsat-uuf225-960/uuf225-036.cnf,225,960,UNSAT,31054,1250892,37378,124,0.413277
/Users/okamu/.cache/gomisat/corpus/unsat-uuf225-960/uuf225-037.cnf,225,960,UNSAT,36055,1441017,43573,136,0.517435
/Users/okamu/.cache/gomisat/corpus/unsat-uuf225-960/uuf225-038.cnf,225,960,UNSAT,15875,625670,18504,3,0.171512
/Users/okamu/.cache/gomisat/corpus/unsat-uuf225-960/uuf225-039.cnf,225,960,UNSAT,59469,2391250,69097,14,0.975223
/Users/okamu/.cache/gomisat/corpus/unsat-uuf225-960/uuf225-04.cnf,225,960,UNSAT,23571,928910,27608,5,0.293174
/Users/okamu/.cache/gomisat/corpus/unsat-uuf225-960/uuf225-040.cnf,225,960,UNSAT,25478,1024242,30229,39,0.314158
/Users/okamu/.cache/gomisat/corpus/unsat-uuf225-960/uuf225-041.cnf,225,960,UNSAT,48907,1916095,56444,1,0.806246
/Users/okamu/.cache/gomisat/corpus/unsat-uuf225-960/uuf225-042.cnf,225,960,UNSAT,28451,1170006,35021,237,0.406679
/Users/okamu/.cache/gomisat/corpus/unsat-uuf225-960/uuf225-043.cnf,225,960,UNSAT,65579,2560594,76531,2,1.176034
/Users/okamu/.cache/gomisat/corpus/unsat-uuf225-960/uuf225-044.cnf,225,960,UNSAT,29260,1226872,36225,188,0.413145
/Users/okamu/.cache/gomisat/corpus/unsat-uuf225-960/uuf225-045.cnf,225,960,UNSAT,23891,974410,28574,57,0.298388
/Users/okamu/.cache/gomisat/corpus/unsat-uuf225-960/uuf225-046.cnf,225,960,UNSAT,42278,1650710,49144,2,0.642259
/Users/okamu/.cache/gomisat/corpus/unsat-uuf225-960/uuf225-047.cnf,225,960,UNSAT,55204,2215855,66320,186,0.942820
/Users/okamu/.cache/gomisat/corpus/unsat-uuf225-960/uuf225-048.cnf,225,960,UNSAT,26836,1110137,31253,2,0.330377
/Users/okamu/.cache/gomisat/corpus/unsat-uuf225-960/uuf225-049.cnf,225,960,UNSAT,23285,951820,29207,203,0.296712
/Users/okamu/.cache/gomisat/corpus/unsat-uuf225-960/uuf225-05.cnf,225,960,UNSAT,83420,3385465,97718,118,1.736481
/Users/okamu/.cache/gomisat/corpus/unsat-uuf225-960/uuf225-050.cnf,225,960,UNSAT,35647,1404167,44093,205,0.557319
/Users/okamu/.cache/gomisat/corpus/unsat-uuf225-960/uuf225-051.cnf,225,960,UNSAT,16712,677477,20478,99,0.191854
/Users/okamu/.cache/gomisat/corpus/unsat-uuf225-960/uuf225-052.cnf,225,960,UNSAT,33929,1375620,39621,15,0.513145
/Users/okamu/.cache/gomisat/corpus/unsat-uuf225-960/uuf225-053.cnf,225,960,UNSAT,44266,1797119,51859,2,0.658943
/Users/okamu/.cache/gomisat/corpus/unsat-uuf225-960/uuf225-054.cnf,225,960,UNSAT,43963,1784065,51872,16,0.674871
/Users/okamu/.cache/gomisat/corpus/unsat-uuf225-960/uuf225-055.cnf,225,960,UNSAT,50649,2001384,59125,14,0.843349
/Users/okamu/.cache/gomisat/corpus/unsat-uuf225-960/uuf225-056.cnf,225,960,UNSAT,39031,1576300,45415,1,0.544236
/Users/okamu/.cache/gomisat/corpus/unsat-uuf225-960/uuf225-057.cnf,225,960,UNSAT,59443,2381465,70094,90,1.339670
/Users/okamu/.cache/gomisat/corpus/unsat-uuf225-960/uuf225-058.cnf,225,960,UNSAT,41814,1723808,49193,6,0.676953
/Users/okamu/.cache/gomisat/corpus/unsat-uuf225-960/uuf225-059.cnf,225,960,UNSAT,42453,1675413,49181,1,0.684242
/Users/okamu/.cache/gomisat/corpus/unsat-uuf225-960/uuf225-06.cnf,225,960,UNSAT,33645,1343195,40583,127,0.486537
/Users/okamu/.cache/gomisat/corpus/unsat-uuf225-960/uuf225-060.cnf,225,960,UNSAT,27467,1086015,31830,1,0.394453
/Users/okamu/.cache/gomisat/corpus/unsat-uuf225-960/uuf225-061.cnf,225,960,UNSAT,17969,697602,21336,24,0.198085
/Users/okamu/.cache/gomisat/corpus/unsat-uuf225-960/uuf225-062.cnf,225,960,UNSAT,41141,1657495,50508,235,0.645142
/Users/okamu/.cache/gomisat/corpus/unsat-uuf225-960/uuf225-063.cnf,225,960,UNSAT,57400,2348435,66378,23,1.009561
/Users/okamu/.cache/gomisat/corpus/unsat-uuf225-960/uuf225-064.cnf,225,960,UNSAT,25205,1010038,30158,102,0.318438
/Users/okamu/.cache/gomisat/corpus/unsat-uuf225-960/uuf225-065.cnf,225,960,UNSAT,39779,1605149,47229,72,0.558954
/Users/okamu/.cache/gomisat/corpus/unsat-uuf225-960/uuf225-066.cnf,225,960,UNSAT,31448,1248980,36324,3,0.444985
/Users/okamu/.cache/gomisat/corpus/unsat-uuf225-960/uuf225-067.cnf,225,960,UNSAT,33102,1354441,38910,22,0.450252
/Users/okamu/.cache/gomisat/corpus/unsat-uuf225-960/uuf225-068.cnf,225,960,UNSAT,33825,1373107,39934,62,0.478532
/Users/okamu/.cache/gomisat/corpus/unsat-uuf225-960/uuf225-069.cnf,225,960,UNSAT,56821,2254796,64976,1,0.994217
/Users/okamu/.cache/gomisat/corpus/unsat-uuf225-960/uuf225-07.cnf,225,960,UNSAT,31311,1240290,38235,192,0.463218
/Users/okamu/.cache/gomisat/corpus/unsat-uuf225-960/uuf225-070.cnf,225,960,UNSAT,59899,2429041,71042,67,1.053820
/Users/okamu/.cache/gomisat/corpus/unsat-uuf225-960/uuf225-071.cnf,225,960,UNSAT,44900,1764799,52236,1,0.681545
/Users/okamu/.cache/gomisat/corpus/unsat-uuf225-960/uuf225-072.cnf,225,960,UNSAT,24232,961007,27987,2,0.309926
/Users/okamu/.cache/gomisat/corpus/unsat-uuf225-960/uuf225-073.cnf,225,960,UNSAT,30075,1231809,37163,248,0.431009
/Users/okamu/.cache/gomisat/corpus/unsat-uuf225-960/uuf225-074.cnf,225,960,UNSAT,56305,2288202,65759,23,0.967703
/Users/okamu/.cache/gomisat/corpus/unsat-uuf225-960/uuf225-075.cnf,225,960,UNSAT,20676,830418,23850,1,0.255026
/Users/okamu/.cache/gomisat/corpus/unsat-uuf225-960/uuf225-076.cnf,225,960,UNSAT,26008,1079839,30339,9,0.335521
/Users/okamu/.cache/gomisat/corpus/unsat-uuf225-960/uuf225-077.cnf,225,960,UNSAT,19029,743045,21913,3,0.226913
/Users/okamu/.cache/gomisat/corpus/unsat-uuf225-960/uuf225-078.cnf,225,960,UNSAT,83621,3369041,96492,1,1.630802
/Users/okamu/.cache/gomisat/corpus/unsat-uuf225-960/uuf225-079.cnf,225,960,UNSAT,24247,981965,28840,49,0.304261
/Users/okamu/.cache/gomisat/corpus/unsat-uuf225-960/uuf225-08.cnf,225,960,UNSAT,19214,790123,23600,118,0.234131
/Users/okamu/.cache/gomisat/corpus/unsat-uuf225-960/uuf225-080.cnf,225,960,UNSAT,76635,3031721,88342,3,1.535671
/Users/okamu/.cache/gomisat/corpus/unsat-uuf225-960/uuf225-081.cnf,225,960,UNSAT,43560,1759450,50971,4,0.621847
/Users/okamu/.cache/gomisat/corpus/unsat-uuf225-960/uuf225-082.cnf,225,960,UNSAT,26455,1034662,32555,186,0.377808
/Users/okamu/.cache/gomisat/corpus/unsat-uuf225-960/uuf225-083.cnf,225,960,UNSAT,84692,3440873,98808,23,1.668313
/Users/okamu/.cache/gomisat/corpus/unsat-uuf225-960/uuf225-084.cnf,225,960,UNSAT,16494,650887,19577,12,0.183194
/Users/okamu/.cache/gomisat/corpus/unsat-uuf225-960/uuf225-085.cnf,225,960,UNSAT,49863,1980291,59809,154,0.857865
/Users/okamu/.cache/gomisat/corpus/unsat-uuf225-960/uuf225-086.cnf,225,960,UNSAT,44831,1893148,54252,196,0.673860
/Users/okamu/.cache/gomisat/corpus/unsat-uuf225-960/uuf225-087.cnf,225,960,UNSAT,24365,984795,28349,1,0.311085
/Users/okamu/.cache/gomisat/corpus/unsat-uuf225-960/uuf225-088.cnf,225,960,UNSAT,28881,1157413,33980,17,0.361663
/Users/okamu/.cache/gomisat/corpus/unsat-uuf225-960/uuf225-089.cnf,225,960,UNSAT,47452,1984061,55117,4,0.700045
/Users/okamu/.cache/gomisat/corpus/unsat-uuf225-960/uuf225-09.cnf,225,960,UNSAT,50026,2034490,58165,7,0.806772
/Users/okamu/.cache/gomisat/corpus/unsat-uuf225-960/uuf225-090.cnf,225,960,UNSAT,34372,1368007,40849,52,0.529212
/Users/okamu/.cache/gomisat/corpus/unsat-uuf225-960/uuf225-091.cnf,225,960,UNSAT,40939,1700579,47023,2,0.619588
/Users/okamu/.cache/gomisat/corpus/unsat-uuf225-960/uuf225-092.cnf,225,960,UNSAT,48775,2047434,59450,200,0.783349
/Users/okamu/.cache/gomisat/corpus/unsat-uuf225-960/uuf225-093.cnf,225,960,UNSAT,43321,1705572,52509,138,0.662987
/Users/okamu/.cache/gomisat/corpus/unsat-uuf225-960/uuf225-094.cnf,225,960,UNSAT,77003,3125423,91868,160,1.477189
/Users/okamu/.cache/gomisat/corpus/unsat-uuf225-960/uuf225-095.cnf,225,960,UNSAT,33328,1329334,40864,196,0.506442
/Users/okamu/.cache/gomisat/corpus/unsat-uuf225-960/uuf225-096.cnf,225,960,UNSAT,56663,2264888,65897,9,1.017455
/Users/okamu/.cache/gomisat/corpus/unsat-uuf225-960/uuf225-097.cnf,225,960,UNSAT,33107,1351043,39716,63,0.451551
/Users/okamu/.cache/gomisat/corpus/unsat-uuf225-960/uuf225-098.cnf,225,960,UNSAT,76495,3044229,89403,33,1.495455
/Users/okamu/.cache/gomisat/corpus/unsat-uuf225-960/uuf225-099.cnf,225,960,UNSAT,20650,844023,24660,45,0.236653
/Users/okamu/.cache/gomisat/corpus/unsat-uuf250-1065/uuf250-01.cnf,250,1065,UNSAT,86693,3841486,100694,11,1.684405
/Users/okamu/.cache/gomisat/corpus/unsat-uuf250-1065/uuf250-010.cnf,250,1065,UNSAT,72184,3163554,84366,21,1.263008
/Users/okamu/.cache/gomisat/corpus/unsat-uuf250-1065/uuf250-0100.cnf,250,1065,UNSAT,112854,4754467,132283,70,2.390896
/Users/okamu/.cache/gomisat/corpus/unsat-uuf250-1065/uuf250-011.cnf,250,1065,UNSAT,121759,5189682,141649,66,2.894968
/Users/okamu/.cache/gomisat/corpus/unsat-uuf250-1065/uuf250-012.cnf,250,1065,UNSAT,90395,3924343,104827,15,1.882652
/Users/okamu/.cache/gomisat/corpus/unsat-uuf250-1065/uuf250-013.cnf,250,1065,UNSAT,91031,3849559,105812,14,1.893172
/Users/okamu/.cache/gomisat/corpus/unsat-uuf250-1065/uuf250-014.cnf,250,1065,UNSAT,122044,5263028,144045,183,3.048683
/Users/okamu/.cache/gomisat/corpus/unsat-uuf250-1065/uuf250-015.cnf,250,1065,UNSAT,166281,7008584,191760,23,4.786902
/Users/okamu/.cache/gomisat/corpus/unsat-uuf250-1065/uuf250-016.cnf,250,1065,UNSAT,72616,3062271,88224,313,1.506688
/Users/okamu/.cache/gomisat/corpus/unsat-uuf250-1065/uuf250-017.cnf,250,1065,UNSAT,84151,3557502,97618,3,1.714760
/Users/okamu/.cache/gomisat/corpus/unsat-uuf250-1065/uuf250-018.cnf,250,1065,UNSAT,130330,5627709,150261,5,3.044746
/Users/okamu/.cache/gomisat/corpus/unsat-uuf250-1065/uuf250-019.cnf,250,1065,UNSAT,93788,4035830,107958,11,2.033417
/Users/okamu/.cache/gomisat/corpus/unsat-uuf250-1065/uuf250-02.cnf,250,1065,UNSAT,89886,3860894,106252,151,1.830145
/Users/okamu/.cache/gomisat/corpus/unsat-uuf250-1065/uuf250-020.cnf,250,1065,UNSAT,116479,4944361,136268,34,2.557561
/Users/okamu/.cache/gomisat/corpus/unsat-uuf250-1065/uuf250-021.cnf,250,1065,UNSAT,150785,6583122,177050,208,3.979473
/Users/okamu/.cache/gomisat/corpus/unsat-uuf250-1065/uuf250-022.cnf,250,1065,UNSAT,158048,6832881,182271,16,4.161097
/Users/okamu/.cache/gomisat/corpus/unsat-uuf250-1065/uuf250-023.cnf,250,1065,UNSAT,59094,2507708,71152,213,1.082385
/Users/okamu/.cache/gomisat/corpus/unsat-uuf250-1065/uuf250-024.cnf,250,1065,UNSAT,61465,2671541,71563,10,1.028905
/Users/okamu/.cache/gomisat/corpus/unsat-uuf250-1065/uuf250-025.cnf,250,1065,UNSAT,93443,4084991,108312,8,1.846472
/Users/okamu/.cache/gomisat/corpus/unsat-uuf250-1065/uuf250-026.cnf,250,1065,UNSAT,47723,2058527,58010,198,0.767386
/Users/okamu/.cache/gomisat/corpus/unsat-uuf250-1065/uuf250-027.cnf,250,1065,UNSAT,106485,4621347,123892,48,2.479535
/Users/okamu/.cache/gomisat/corpus/unsat-uuf250-1065/uuf250-028.cnf,250,1065,UNSAT,98852,4264813,116253,123,2.280503
/Users/okamu/.cache/gomisat/corpus/unsat-uuf250-1065/uuf250-029.cnf,250,1065,UNSAT,100617,4249130,115778,6,2.220425
/Users/okamu/.cache/gomisat/corpus/unsat-uuf250-1065/uuf250-03.cnf,250,1065,UNSAT,88086,3843767,103999,175,1.800833
/Users/okamu/.cache/gomisat/corpus/unsat-uuf250-1065/uuf250-030.cnf,250,1065,UNSAT,57775,2423038,69068,98,1.008474
/Users/okamu/.cache/gomisat/corpus/unsat-uuf250-1065/uuf250-031.cnf,250,1065,UNSAT,137289,6088942,163048,241,3.285165
/Users/okamu/.cache/gomisat/corpus/unsat-uuf250-1065/uuf250-032.cnf,250,1065,UNSAT,144060,5993091,165834,18,4.038566
/Users/okamu/.cache/gomisat/corpus/unsat-uuf250-1065/uuf250-033.cnf,250,1065,UNSAT,148180,6289336,175263,214,4.048709
/Users/okamu/.cache/gomisat/corpus/unsat-uuf250-1065/uuf250-034.cnf,250,1065,UNSAT,127663,5543141,149122,48,3.301368
/Users/okamu/.cache/gomisat/corpus/unsat-uuf250-1065/uuf250-035.cnf,250,1065,UNSAT,130120,5507285,155018,264,3.407081
/Users/okamu/.cache/gomisat/corpus/unsat-uuf250-1065/uuf250-036.cnf,250,1065,UNSAT,86739,3663828,100842,19,1.842443
/Users/okamu/.cache/gomisat/corpus/unsat-uuf250-1065/uuf250-037.cnf,250,1065,UNSAT,52458,2224967,60681,2,0.860083
/Users/okamu/.cache/gomisat/corpus/unsat-uuf250-1065/uuf250-038.cnf,250,1065,UNSAT,37592,1633692,46102,197,0.551353
/Users/okamu/.cache/gomisat/corpus/unsat-uuf250-1065/uuf250-039.cnf,250,1065,UNSAT,105965,4483177,122554,6,2.431676
/Users/okamu/.cache/gomisat/corpus/unsat-uuf250-1065/uuf250-04.cnf,250,1065,UNSAT,88840,3763579,103749,47,1.867966
/Users/okamu/.cache/gomisat/corpus/unsat-uuf250-1065/uuf250-040.cnf,250,1065,UNSAT,62690,2617307,71572,2,1.102165
/Users/okamu/.cache/gomisat/corpus/unsat-uuf250-1065/uuf250-041.cnf,250,1065,UNSAT,68534,3029078,80787,33,1.252662
/Users/okamu/.cache/gomisat/corpus/unsat-uuf250-1065/uuf250-042.cnf,250,1065,UNSAT,82971,3581262,98646,201,1.664900
/Users/okamu/.cache/gomisat/corpus/unsat-uuf250-1065/uuf250-043.cnf,250,1065,UNSAT,142614,6093254,164653,21,3.749366
/Users/okamu/.cache/gomisat/corpus/unsat-uuf250-1065/uuf250-044.cnf,250,1065,UNSAT,112080,4770614,129603,9,2.816331
/Users/okamu/.cache/gomisat/corpus/unsat-uuf250-1065/uuf250-045.cnf,250,1065,UNSAT,58910,2565028,71173,162,1.005196
/Users/okamu/.cache/gomisat/corpus/unsat-uuf250-1065/uuf250-046.cnf,250,1065,UNSAT,178340,7624227,207840,45,5.317618
/Users/okamu/.cache/gomisat/corpus/unsat-uuf250-1065/uuf250-047.cnf,250,1065,UNSAT,87140,3703836,103736,230,1.875437
/Users/okamu/.cache/gomisat/corpus/unsat-uuf250-1065/uuf250-048.cnf,250,1065,UNSAT,36870,1634221,44143,98,0.544644
/Users/okamu/.cache/gomisat/corpus/unsat-uuf250-1065/uuf250-049.cnf,250,1065,UNSAT,70449,3209331,84467,192,1.282717
/Users/okamu/.cache/gomisat/corpus/unsat-uuf250-1065/uuf250-05.cnf,250,1065,UNSAT,91498,3868652,106698,9,1.900611
/Users/okamu/.cache/gomisat/corpus/unsat-uuf250-1065/uuf250-050.cnf,250,1065,UNSAT,106623,4497774,125925,158,2.310277
/Users/okamu/.cache/gomisat/corpus/unsat-uuf250-1065/uuf250-051.cnf,250,1065,UNSAT,126503,5465213,146282,15,3.052355
/Users/okamu/.cache/gomisat/corpus/unsat-uuf250-1065/uuf250-052.cnf,250,1065,UNSAT,102020,4322554,122676,366,2.271897
/Users/okamu/.cache/gomisat/corpus/unsat-uuf250-1065/uuf250-053.cnf,250,1065,UNSAT,157710,6644501,182442,32,4.421506
/Users/okamu/.cache/gomisat/corpus/unsat-uuf250-1065/uuf250-054.cnf,250,1065,UNSAT,126409,5523165,145388,13,3.096987
/Users/okamu/.cache/gomisat/corpus/unsat-uuf250-1065/uuf250-055.cnf,250,1065,UNSAT,39689,1669915,46013,4,0.603290
/Users/okamu/.cache/gomisat/corpus/unsat-uuf250-1065/uuf250-056.cnf,250,1065,UNSAT,62736,2739457,73181,5,1.060564
/Users/okamu/.cache/gomisat/corpus/unsat-uuf250-1065/uuf250-057.cnf,250,1065,UNSAT,96743,4143029,113668,65,2.149205
/Users/okamu/.cache/gomisat/corpus/unsat-uuf250-1065/uuf250-058.cnf,250,1065,UNSAT,133882,5821058,158354,212,3.022837
/Users/okamu/.cache/gomisat/corpus/unsat-uuf250-1065/uuf250-059.cnf,250,1065,UNSAT,52164,2222379,60186,2,0.874429
/Users/okamu/.cache/gomisat/corpus/unsat-uuf250-1065/uuf250-06.cnf,250,1065,UNSAT,95499,4095282,110890,34,2.177387
/Users/okamu/.cache/gomisat/corpus/unsat-uuf250-1065/uuf250-060.cnf,250,1065,UNSAT,49316,2149280,58259,63,0.791267
/Users/okamu/.cache/gomisat/corpus/unsat-uuf250-1065/uuf250-061.cnf,250,1065,UNSAT,159026,6846031,187130,224,4.645940
/Users/okamu/.cache/gomisat/corpus/unsat-uuf250-1065/uuf250-062.cnf,250,1065,UNSAT,76891,3290469,89311,13,1.546177
/Users/okamu/.cache/gomisat/corpus/unsat-uuf250-1065/uuf250-063.cnf,250,1065,UNSAT,133186,5707778,157701,238,3.523025
/Users/okamu/.cache/gomisat/corpus/unsat-uuf250-1065/uuf250-064.cnf,250,1065,UNSAT,103127,4436867,121582,198,2.444256
/Users/okamu/.cache/gomisat/corpus/unsat-uuf250-1065/uuf250-065.cnf,250,1065,UNSAT,57708,2480589,66538,2,1.031255
/Users/okamu/.cache/gomisat/corpus/unsat-uuf250-1065/uuf250-066.cnf,250,1065,UNSAT,181977,7916963,214232,245,5.405932
/Users/okamu/.cache/gomisat/corpus/unsat-uuf250-1065/uuf250-067.cnf,250,1065,UNSAT,94149,4091609,110259,23,2.017559
/Users/okamu/.cache/gomisat/corpus/unsat-uuf250-1065/uuf250-068.cnf,250,1065,UNSAT,32815,1413105,38592,53,0.454278
/Users/okamu/.cache/gomisat/corpus/unsat-uuf250-1065/uuf250-069.cnf,250,1065,UNSAT,106641,4495597,126688,192,2.453039
/Users/okamu/.cache/gomisat/corpus/unsat-uuf250-1065/uuf250-07.cnf,250,1065,UNSAT,98990,4211445,117012,220,2.194916
/Users/okamu/.cache/gomisat/corpus/unsat-uuf250-1065/uuf250-070.cnf,250,1065,UNSAT,185784,8044936,215302,56,5.543040
/Users/okamu/.cache/gomisat/corpus/unsat-uuf250-1065/uuf250-071.cnf,250,1065,UNSAT,122990,5282121,143004,23,2.978507
/Users/okamu/.cache/gomisat/corpus/unsat-uuf250-1065/uuf250-072.cnf,250,1065,UNSAT,105230,4520536,121912,11,2.451265
/Users/okamu/.cache/gomisat/corpus/unsat-uuf250-1065/uuf250-073.cnf,250,1065,UNSAT,69970,3085906,80923,6,1.291657
/Users/okamu/.cache/gomisat/corpus/unsat-uuf250-1065/uuf250-074.cnf,250,1065,UNSAT,74059,3135571,88777,209,1.380428
/Users/okamu/.cache/gomisat/corpus/unsat-uuf250-1065/uuf250-075.cnf,250,1065,UNSAT,108774,4715355,127283,14,3.571291
/Users/okamu/.cache/gomisat/corpus/unsat-uuf250-1065/uuf250-076.cnf,250,1065,UNSAT,69781,2978017,81979,96,1.301864
/Users/okamu/.cache/gomisat/corpus/unsat-uuf250-1065/uuf250-077.cnf,250,1065,UNSAT,156304,6801387,184245,162,4.541139
/Users/okamu/.cache/gomisat/corpus/unsat-uuf250-1065/uuf250-078.cnf,250,1065,UNSAT,95181,4146232,113255,209,2.008375
/Users/okamu/.cache/gomisat/corpus/unsat-uuf250-1065/uuf250-079.cnf,250,1065,UNSAT,85810,3708985,99895,19,1.811981
/Users/okamu/.cache/gomisat/corpus/unsat-uuf250-1065/uuf250-08.cnf,250,1065,UNSAT,91084,3885331,106400,58,1.927710
/Users/okamu/.cache/gomisat/corpus/unsat-uuf250-1065/uuf250-080.cnf,250,1065,UNSAT,104857,4476968,121364,38,2.408454
/Users/okamu/.cache/gomisat/corpus/unsat-uuf250-1065/uuf250-081.cnf,250,1065,UNSAT,133767,5604856,155089,23,3.513525
/Users/okamu/.cache/gomisat/corpus/unsat-uuf250-1065/uuf250-082.cnf,250,1065,UNSAT,107079,4596365,126262,209,2.486663
/Users/okamu/.cache/gomisat/corpus/unsat-uuf250-1065/uuf250-083.cnf,250,1065,UNSAT,45595,2019369,53182,15,0.715128
/Users/okamu/.cache/gomisat/corpus/unsat-uuf250-1065/uuf250-084.cnf,250,1065,UNSAT,63284,2789431,74548,105,1.074600
/Users/okamu/.cache/gomisat/corpus/unsat-uuf250-1065/uuf250-085.cnf,250,1065,UNSAT,101535,4284632,117667,18,2.257570
/Users/okamu/.cache/gomisat/corpus/unsat-uuf250-1065/uuf250-086.cnf,250,1065,UNSAT,77269,3283995,89847,47,1.478206
/Users/okamu/.cache/gomisat/corpus/unsat-uuf250-1065/uuf250-087.cnf,250,1065,UNSAT,227560,9761050,263391,40,7.491944
/Users/okamu/.cache/gomisat/corpus/unsat-uuf250-1065/uuf250-088.cnf,250,1065,UNSAT,107568,4589298,127911,212,2.440370
/Users/okamu/.cache/gomisat/corpus/unsat-uuf250-1065/uuf250-089.cnf,250,1065,UNSAT,107005,4636949,123837,32,2.616316
/Users/okamu/.cache/gomisat/corpus/unsat-uuf250-1065/uuf250-09.cnf,250,1065,UNSAT,192981,8428103,223276,36,5.847895
/Users/okamu/.cache/gomisat/corpus/unsat-uuf250-1065/uuf250-090.cnf,250,1065,UNSAT,28267,1201972,32981,22,0.387037
/Users/okamu/.cache/gomisat/corpus/unsat-uuf250-1065/uuf250-091.cnf,250,1065,UNSAT,95970,4193457,114795,211,2.040929
/Users/okamu/.cache/gomisat/corpus/unsat-uuf250-1065/uuf250-092.cnf,250,1065,UNSAT,129681,5491650,153824,155,3.421953
/Users/okamu/.cache/gomisat/corpus/unsat-uuf250-1065/uuf250-093.cnf,250,1065,UNSAT,101605,4351283,118795,25,2.278651
/Users/okamu/.cache/gomisat/corpus/unsat-uuf250-1065/uuf250-094.cnf,250,1065,UNSAT,70042,2959549,84201,204,1.301057
/Users/okamu/.cache/gomisat/corpus/unsat-uuf250-1065/uuf250-095.cnf,250,1065,UNSAT,59938,2511829,71604,142,1.039515
/Users/okamu/.cache/gomisat/corpus/unsat-uuf250-1065/uuf250-096.cnf,250,1065,UNSAT,113159,4869599,130321,23,2.757094
/Users/okamu/.cache/gomisat/corpus/unsat-uuf250-1065/uuf250-097.cnf,250,1065,UNSAT,55011,2424681,64118,14,0.950261
/Users/okamu/.cache/gomisat/corpus/unsat-uuf250-1065/uuf250-098.cnf,250,1065,UNSAT,66873,2891929,76980,3,1.263261
/Users/okamu/.cache/gomisat/corpus/unsat-uuf250-1065/uuf250-099.cnf,250,1065,UNSAT,62574,2667217,73351,49,1.119442
