instance,vars,clauses,status,conflicts,propagations,decisions,restarts,seconds
/Users/okamu/.cache/gomisat/corpus/sat-ais/ais10.cnf,181,3151,SAT,96,3043,247,1,0.002134
/Users/okamu/.cache/gomisat/corpus/sat-ais/ais12.cnf,265,5666,SAT,88,3444,243,1,0.003197
/Users/okamu/.cache/gomisat/corpus/sat-ais/ais6.cnf,61,581,SAT,9,222,35,1,0.000141
/Users/okamu/.cache/gomisat/corpus/sat-ais/ais8.cnf,113,1520,SAT,8,306,65,1,0.000205
/Users/okamu/.cache/gomisat/corpus/sat-beijing/2bitadd_10.cnf,590,1422,UNKNOWN,500921,25105678,668949,1023,10.002031
/Users/okamu/.cache/gomisat/corpus/sat-beijing/2bitadd_11.cnf,649,1562,SAT,189,7475,885,2,0.002460
/Users/okamu/.cache/gomisat/corpus/sat-beijing/2bitadd_12.cnf,708,1702,SAT,182,7796,977,2,0.002511
/Users/okamu/.cache/gomisat/corpus/sat-beijing/2bitcomp_5.cnf,125,310,SAT,0,125,58,1,0.000017
/Users/okamu/.cache/gomisat/corpus/sat-beijing/2bitmax_6.cnf,252,766,SAT,0,252,137,1,0.000034
/Users/okamu/.cache/gomisat/corpus/sat-beijing/3bitadd_31.cnf,8432,31310,SAT,8635,1478631,47505,37,0.526467
/Users/okamu/.cache/gomisat/corpus/sat-beijing/3bitadd_32.cnf,8704,32316,SAT,1429,254372,17725,10,0.074076
/Users/okamu/.cache/gomisat/corpus/sat-beijing/3blocks.cnf,283,9690,SAT,75,4288,589,1,0.000876
/Users/okamu/.cache/gomisat/corpus/sat-beijing/4blocks.cnf,758,47820,SAT,1912,108490,8769,13,0.035972
/Users/okamu/.cache/gomisat/corpus/sat-beijing/4blocksb.cnf,410,24758,SAT,257,15851,1593,3,0.003749
/Users/okamu/.cache/gomisat/corpus/sat-beijing/e0ddr2-10-by-5-1.cnf,19500,103887,SAT,143,83933,5891,2,0.008868
/Users/okamu/.cache/gomisat/corpus/sat-beijing/e0ddr2-10-by-5-4.cnf,19500,104527,SAT,0,19500,5795,1,0.003978
/Users/okamu/.cache/gomisat/corpus/sat-beijing/enddr2-10-by-5-1.cnf,20700,111567,SAT,0,20700,5458,1,0.005479
/Users/okamu/.cache/gomisat/corpus/sat-beijing/enddr2-10-by-5-8.cnf,21000,113729,SAT,0,21000,5550,1,0.004524
/Users/okamu/.cache/gomisat/corpus/sat-beijing/ewddr2-10-by-5-1.cnf,21800,118607,SAT,0,21800,5474,1,0.004716
/Users/okamu/.cache/gomisat/corpus/sat-beijing/ewddr2-10-by-5-8.cnf,22500,123329,SAT,1,22774,5353,1,0.005099
/Users/okamu/.cache/gomisat/corpus/sat-blocksworld/anomaly.cnf,48,261,SAT,1,83,5,1,0.000017
/Users/okamu/.cache/gomisat/corpus/sat-blocksworld/bw_large.a.cnf,459,4675,SAT,18,2767,39,1,0.000286
/Users/okamu/.cache/gomisat/corpus/sat-blocksworld/bw_large.b.cnf,1087,13772,SAT,55,16796,131,1,0.001344
/Users/okamu/.cache/gomisat/corpus/sat-blocksworld/bw_large.c.cnf,3016,50457,SAT,1028,459602,2002,7,0.035085
/Users/okamu/.cache/gomisat/corpus/sat-blocksworld/bw_large.d.cnf,6325,131973,SAT,1581,1129406,3756,10,0.078117
/Users/okamu/.cache/gomisat/corpus/sat-blocksworld/huge.cnf,459,7054,SAT,21,3710,40,1,0.000357
/Users/okamu/.cache/gomisat/corpus/sat-blocksworld/medium.cnf,116,953,SAT,5,362,13,1,0.000053
/Users/okamu/.cache/gomisat/corpus/sat-bmc/bmc-galileo-8.cnf,58074,294821,SAT,1064,744566,7129,7,0.094644
/Users/okamu/.cache/gomisat/corpus/sat-bmc/bmc-galileo-9.cnf,63624,326999,SAT,2237,3116421,11554,14,0.248486
/Users/okamu/.cache/gomisat/corpus/sat-bmc/bmc-ibm-1.cnf,9685,55870,SAT,1397,407807,9005,9,0.048396
/Users/okamu/.cache/gomisat/corpus/sat-bmc/bmc-ibm-10.cnf,59056,323700,SAT,4572,4048660,31314,24,0.434485
/Users/okamu/.cache/gomisat/corpus/sat-bmc/bmc-ibm-11.cnf,32109,150027,SAT,4670,3884031,17923,25,0.369677
/Users/okamu/.cache/gomisat/corpus/sat-bmc/bmc-ibm-12.cnf,39598,194778,SAT,6351,8179451,26381,30,0.864147
/Users/okamu/.cache/gomisat/corpus/sat-bmc/bmc-ibm-13.cnf,13215,65728,SAT,4523,2461357,12972,24,0.274749
/Users/okamu/.cache/gomisat/corpus/sat-bmc/bmc-ibm-2.cnf,2810,11683,SAT,70,13369,338,1,0.001431
/Users/okamu/.cache/gomisat/corpus/sat-bmc/bmc-ibm-3.cnf,14930,72106,SAT,1823,1024732,4694,13,0.085580
/Users/okamu/.cache/gomisat/corpus/sat-bmc/bmc-ibm-4.cnf,28161,139716,SAT,1009,830267,6857,7,0.079051
/Users/okamu/.cache/gomisat/corpus/sat-bmc/bmc-ibm-5.cnf,9396,41207,SAT,67,31367,2000,1,0.004910
/Users/okamu/.cache/gomisat/corpus/sat-bmc/bmc-ibm-6.cnf,51639,368352,SAT,2091,766283,19119,14,0.120982
/Users/okamu/.cache/gomisat/corpus/sat-bmc/bmc-ibm-7.cnf,8710,39774,SAT,4,15691,401,1,0.002184
/Users/okamu/.cache/gomisat/corpus/sat-flat150-360/flat150-1.cnf,450,1680,SAT,204,22313,311,3,0.002750
/Users/okamu/.cache/gomisat/corpus/sat-flat150-360/flat150-10.cnf,450,1680,SAT,139,16434,257,2,0.001936
/Users/okamu/.cache/gomisat/corpus/sat-flat150-360/flat150-100.cnf,450,1680,SAT,120,14747,200,2,0.001678
/Users/okamu/.cache/gomisat/corpus/sat-flat150-360/flat150-11.cnf,450,1680,SAT,57,6319,137,1,0.000824
/Users/okamu/.cache/gomisat/corpus/sat-flat150-360/flat150-12.cnf,450,1680,SAT,127,13340,222,2,0.001636
/Users/okamu/.cache/gomisat/corpus/sat-flat150-360/flat150-13.cnf,450,1680,SAT,127,13327,235,2,0.001682
/Users/okamu/.cache/gomisat/corpus/sat-flat150-360/flat150-14.cnf,450,1680,SAT,148,16371,238,2,0.001943
/Users/okamu/.cache/gomisat/corpus/sat-flat150-360/flat150-15.cnf,450,1680,SAT,232,26991,343,3,0.003231
/Users/okamu/.cache/gomisat/corpus/sat-flat150-360/flat150-16.cnf,450,1680,SAT,538,56308,715,5,0.007675
/Users/okamu/.cache/gomisat/corpus/sat-flat150-360/flat150-17.cnf,450,1680,SAT,12,1777,51,1,0.000232
/Users/okamu/.cache/gomisat/corpus/sat-flat150-360/flat150-18.cnf,450,1680,SAT,34,4204,95,1,0.000596
/Users/okamu/.cache/gomisat/corpus/sat-flat150-360/flat150-19.cnf,450,1680,SAT,388,39933,500,3,0.004863
/Users/okamu/.cache/gomisat/corpus/sat-flat150-360/flat150-2.cnf,450,1680,SAT,377,40638,551,3,0.005467
/Users/okamu/.cache/gomisat/corpus/sat-flat150-360/flat150-20.cnf,450,1680,SAT,14,1740,60,1,0.000226
/Users/okamu/.cache/gomisat/corpus/sat-flat150-360/flat150-21.cnf,450,1680,SAT,118,11937,187,2,0.001381
/Users/okamu/.cache/gomisat/corpus/sat-flat150-360/flat150-22.cnf,450,1680,SAT,264,26862,362,3,0.003202
/Users/okamu/.cache/gomisat/corpus/sat-flat150-360/flat150-23.cnf,450,1680,SAT,202,23237,309,3,0.002786
/Users/okamu/.cache/gomisat/corpus/sat-flat150-360/flat150-24.cnf,450,1680,SAT,272,30513,396,3,0.003750
/Users/okamu/.cache/gomisat/corpus/sat-flat150-360/flat150-25.cnf,450,1680,SAT,69,7580,129,1,0.000921
/Users/okamu/.cache/gomisat/corpus/sat-flat150-360/flat150-26.cnf,450,1680,SAT,195,22043,312,2,0.002779
/Users/okamu/.cache/gomisat/corpus/sat-flat150-360/flat150-27.cnf,450,1680,SAT,12,2303,57,1,0.000258
/Users/okamu/.cache/gomisat/corpus/sat-flat150-360/flat150-28.cnf,450,1680,SAT,223,24264,317,3,0.002871
/Users/okamu/.cache/gomisat/corpus/sat-flat150-360/flat150-29.cnf,450,1680,SAT,229,25368,351,3,0.002984
/Users/okamu/.cache/gomisat/corpus/sat-flat150-360/flat150-3.cnf,450,1680,SAT,14,1279,83,1,0.000238
/Users/okamu/.cache/gomisat/corpus/sat-flat150-360/flat150-30.cnf,450,1680,SAT,324,34031,459,3,0.004151
/Users/okamu/.cache/gomisat/corpus/sat-flat150-360/flat150-31.cnf,450,1680,SAT,111,12186,185,2,0.001449
/Users/okamu/.cache/gomisat/corpus/sat-flat150-360/flat150-32.cnf,450,1680,SAT,144,15180,213,2,0.001748
/Users/okamu/.cache/gomisat/corpus/sat-flat150-360/flat150-33.cnf,450,1680,SAT,380,42243,517,3,0.005465
/Users/okamu/.cache/gomisat/corpus/sat-flat150-360/flat150-34.cnf,450,1680,SAT,239,27696,337,3,0.003361
/Users/okamu/.cache/gomisat/corpus/sat-flat150-360/flat150-35.cnf,450,1680,SAT,86,8267,151,1,0.000973
/Users/okamu/.cache/gomisat/corpus/sat-flat150-360/flat150-36.cnf,450,1680,SAT,85,9588,168,1,0.001083
/Users/okamu/.cache/gomisat/corpus/sat-flat150-360/flat150-37.cnf,450,1680,SAT,182,18487,270,2,0.002321
/Users/okamu/.cache/gomisat/corpus/sat-flat150-360/flat150-38.cnf,450,1680,SAT,155,15984,233,2,0.001936
/Users/okamu/.cache/gomisat/corpus/sat-flat150-360/flat150-39.cnf,450,1680,SAT,116,10460,208,2,0.001204
/Users/okamu/.cache/gomisat/corpus/sat-flat150-360/flat150-4.cnf,450,1680,SAT,103,12892,177,2,0.001483
/Users/okamu/.cache/gomisat/corpus/sat-flat150-360/flat150-40.cnf,450,1680,SAT,402,46771,539,4,0.006178
/Users/okamu/.cache/gomisat/corpus/sat-flat150-360/flat150-41.cnf,450,1680,SAT,33,3849,94,1,0.000485
/Users/okamu/.cache/gomisat/corpus/sat-flat150-360/flat150-42.cnf,450,1680,SAT,215,21820,313,3,0.002534
/Users/okamu/.cache/gomisat/corpus/sat-flat150-360/flat150-43.cnf,450,1680,SAT,305,36950,413,3,0.004597
/Users/okamu/.cache/gomisat/corpus/sat-flat150-360/flat150-44.cnf,450,1680,SAT,51,5695,109,1,0.000728
/Users/okamu/.cache/gomisat/corpus/sat-flat150-360/flat150-45.cnf,450,1680,SAT,538,53595,714,5,0.007892
/Users/okamu/.cache/gomisat/corpus/sat-flat150-360/flat150-46.cnf,450,1680,SAT,268,26793,372,3,0.003165
/Users/okamu/.cache/gomisat/corpus/sat-flat150-360/flat150-47.cnf,450,1680,SAT,33,3456,90,1,0.000415
/Users/okamu/.cache/gomisat/corpus/sat-flat150-360/flat150-48.cnf,450,1680,SAT,239,26049,346,3,0.003586
/Users/okamu/.cache/gomisat/corpus/sat-flat150-360/flat150-49.cnf,450,1680,SAT,125,14140,211,2,0.001676
/Users/okamu/.cache/gomisat/corpus/sat-flat150-360/flat150-5.cnf,450,1680,SAT,120,11835,200,2,0.001456
/Users/okamu/.cache/gomisat/corpus/sat-flat150-360/flat150-50.cnf,450,1680,SAT,142,15409,238,2,0.001831
/Users/okamu/.cache/gomisat/corpus/sat-flat150-360/flat150-51.cnf,450,1680,SAT,285,33799,398,3,0.004309
/Users/okamu/.cache/gomisat/corpus/sat-flat150-360/flat150-52.cnf,450,1680,SAT,335,38284,448,3,0.005099
/Users/okamu/.cache/gomisat/corpus/sat-flat150-360/flat150-53.cnf,450,1680,SAT,265,29979,371,3,0.003841
/Users/okamu/.cache/gomisat/corpus/sat-flat150-360/flat150-54.cnf,450,1680,SAT,482,55515,633,4,0.007664
/Users/okamu/.cache/gomisat/corpus/sat-flat150-360/flat150-55.cnf,450,1680,SAT,47,4472,114,1,0.000522
/Users/okamu/.cache/gomisat/corpus/sat-flat150-360/flat150-56.cnf,450,1680,SAT,531,58046,779,5,0.008493
/Users/okamu/.cache/gomisat/corpus/sat-flat150-360/flat150-57.cnf,450,1680,SAT,319,34949,423,3,0.004337
/Users/okamu/.cache/gomisat/corpus/sat-flat150-360/flat150-58.cnf,450,1680,SAT,214,24626,301,3,0.003158
/Users/okamu/.cache/gomisat/corpus/sat-flat150-360/flat150-59.cnf,450,1680,SAT,484,56204,625,4,0.007609
/Users/okamu/.cache/gomisat/corpus/sat-flat150-360/flat150-6.cnf,450,1680,SAT,118,13435,200,2,0.001612
/Users/okamu/.cache/gomisat/corpus/sat-flat150-360/flat150-60.cnf,450,1680,SAT,146,15118,224,2,0.002074
/Users/okamu/.cache/gomisat/corpus/sat-flat150-360/flat150-61.cnf,450,1680,SAT,257,29195,397,3,0.003568
/Users/okamu/.cache/gomisat/corpus/sat-flat150-360/flat150-62.cnf,450,1680,SAT,157,16801,232,2,0.002019
/Users/okamu/.cache/gomisat/corpus/sat-flat150-360/flat150-63.cnf,450,1680,SAT,392,44098,504,3,0.005943
/Users/okamu/.cache/gomisat/corpus/sat-flat150-360/flat150-64.cnf,450,1680,SAT,32,3518,83,1,0.000481
/Users/okamu/.cache/gomisat/corpus/sat-flat150-360/flat150-65.cnf,450,1680,SAT,322,35633,444,3,0.004846
/Users/okamu/.cache/gomisat/corpus/sat-flat150-360/flat150-66.cnf,450,1680,SAT,31,3625,90,1,0.000484
/Users/okamu/.cache/gomisat/corpus/sat-flat150-360/flat150-67.cnf,450,1680,SAT,134,13638,194,2,0.001884
/Users/okamu/.cache/gomisat/corpus/sat-flat150-360/flat150-68.cnf,450,1680,SAT,299,32802,403,3,0.004134
/Users/okamu/.cache/gomisat/corpus/sat-flat150-360/flat150-69.cnf,450,1680,SAT,53,5569,109,1,0.000658
/Users/okamu/.cache/gomisat/corpus/sat-flat150-360/flat150-7.cnf,450,1680,SAT,159,16305,268,2,0.001992
/Users/okamu/.cache/gomisat/corpus/sat-flat150-360/flat150-70.cnf,450,1680,SAT,309,34879,410,3,0.004252
/Users/okamu/.cache/gomisat/corpus/sat-flat150-360/flat150-71.cnf,450,1680,SAT,121,11436,190,2,0.001592
/Users/okamu/.cache/gomisat/corpus/sat-flat150-360/flat150-72.cnf,450,1680,SAT,72,7639,121,1,0.000944
/Users/okamu/.cache/gomisat/corpus/sat-flat150-360/flat150-73.cnf,450,1680,SAT,227,26904,324,3,0.003434
/Users/okamu/.cache/gomisat/corpus/sat-flat150-360/flat150-74.cnf,450,1680,SAT,36,3607,86,1,0.000434
/Users/okamu/.cache/gomisat/corpus/sat-flat150-360/flat150-75.cnf,450,1680,SAT,122,13001,207,2,0.001553
/Users/okamu/.cache/gomisat/corpus/sat-flat150-360/flat150-76.cnf,450,1680,SAT,206,22256,298,3,0.002620
/Users/okamu/.cache/gomisat/corpus/sat-flat150-360/flat150-77.cnf,450,1680,SAT,81,10149,150,1,0.001121
/Users/okamu/.cache/gomisat/corpus/sat-flat150-360/flat150-78.cnf,450,1680,SAT,249,28575,367,3,0.003453
/Users/okamu/.cache/gomisat/corpus/sat-flat150-360/flat150-79.cnf,450,1680,SAT,177,18946,260,2,0.002234
/Users/okamu/.cache/gomisat/corpus/sat-flat150-360/flat150-8.cnf,450,1680,SAT,83,8734,142,1,0.001015
/Users/okamu/.cache/gomisat/corpus/sat-flat150-360/flat150-80.cnf,450,1680,SAT,254,25909,368,3,0.003201
/Users/okamu/.cache/gomisat/corpus/sat-flat150-360/flat150-81.cnf,450,1680,SAT,109,12391,183,2,0.001458
/Users/okamu/.cache/gomisat/corpus/sat-flat150-360/flat150-82.cnf,450,1680,SAT,194,20690,267,2,0.002694
/Users/okamu/.cache/gomisat/corpus/sat-flat150-360/flat150-83.cnf,450,1680,SAT,250,26880,366,3,0.003198
/Users/okamu/.cache/gomisat/corpus/sat-flat150-360/flat150-84.cnf,450,1680,SAT,267,29361,375,3,0.003714
/Users/okamu/.cache/gomisat/corpus/sat-flat150-360/flat150-85.cnf,450,1680,SAT,163,19431,245,2,0.002304
/Users/okamu/.cache/gomisat/corpus/sat-flat150-360/flat150-86.cnf,450,1680,SAT,218,24738,318,3,0.003006
/Users/okamu/.cache/gomisat/corpus/sat-flat150-360/flat150-87.cnf,450,1680,SAT,164,19270,238,2,0.002490
/Users/okamu/.cache/gomisat/corpus/sat-flat150-360/flat150-88.cnf,450,1680,SAT,108,10575,172,2,0.001203
/Users/okamu/.cache/gomisat/corpus/sat-flat150-360/flat150-89-c2.cnf,450,1680,SAT,372,43365,494,3,0.005616
/Users/okamu/.cache/gomisat/corpus/sat-flat150-360/flat150-89.cnf,450,1680,SAT,372,43365,494,3,0.005597
/Users/okamu/.cache/gomisat/corpus/sat-flat150-360/flat150-9.cnf,450,1680,SAT,1229,145024,1561,8,0.022833
/Users/okamu/.cache/gomisat/corpus/sat-flat150-360/flat150-90.cnf,450,1680,SAT,103,11698,184,2,0.001414
/Users/okamu/.cache/gomisat/corpus/sat-flat150-360/flat150-91.cnf,450,1680,SAT,130,13821,222,2,0.001860
/Users/okamu/.cache/gomisat/corpus/sat-flat150-360/flat150-92.cnf,450,1680,SAT,46,5299,101,1,0.000611
/Users/okamu/.cache/gomisat/corpus/sat-flat150-360/flat150-93.cnf,450,1680,SAT,118,13628,201,2,0.001878
/Users/okamu/.cache/gomisat/corpus/sat-flat150-360/flat150-94.cnf,450,1680,SAT,76,8262,131,1,0.001085
/Users/okamu/.cache/gomisat/corpus/sat-flat150-360/flat150-95.cnf,450,1680,SAT,214,23677,320,3,0.002943
/Users/okamu/.cache/gomisat/corpus/sat-flat150-360/flat150-96.cnf,450,1680,SAT,206,22126,312,3,0.002842
/Users/okamu/.cache/gomisat/corpus/sat-flat150-360/flat150-97.cnf,450,1680,SAT,63,5682,117,1,0.000706
/Users/okamu/.cache/gomisat/corpus/sat-flat150-360/flat150-98.cnf,450,1680,SAT,125,14338,214,2,0.002009
/Users/okamu/.cache/gomisat/corpus/sat-flat150-360/flat150-99.cnf,450,1680,SAT,385,41364,517,3,0.005163
/Users/okamu/.cache/gomisat/corpus/sat-flat175-417/flat175-1.cnf,525,1951,SAT,116,14426,206,2,0.001692
/Users/okamu/.cache/gomisat/corpus/sat-flat175-417/flat175-10.cnf,525,1951,SAT,259,28377,394,3,0.003482
/Users/okamu/.cache/gomisat/corpus/sat-flat175-417/flat175-100.cnf,525,1951,SAT,934,118281,1188,7,0.016875
/Users/okamu/.cache/gomisat/corpus/sat-flat175-417/flat175-11.cnf,525,1951,SAT,223,25369,391,3,0.003388
/Users/okamu/.cache/gomisat/corpus/sat-flat175-417/flat175-12.cnf,525,1951,SAT,132,16378,217,2,0.002178
/Users/okamu/.cache/gomisat/corpus/sat-flat175-417/flat175-13.cnf,525,1951,SAT,354,42450,508,3,0.005609
/Users/okamu/.cache/gomisat/corpus/sat-flat175-417/flat175-14.cnf,525,1951,SAT,571,73256,786,5,0.009864
/Users/okamu/.cache/gomisat/corpus/sat-flat175-417/flat175-15.cnf,525,1951,SAT,194,23149,290,2,0.002620
/Users/okamu/.cache/gomisat/corpus/sat-flat175-417/flat175-16.cnf,525,1951,SAT,148,18608,238,2,0.002597
/Users/okamu/.cache/gomisat/corpus/sat-flat175-417/flat175-17.cnf,525,1951,SAT,721,94683,992,6,0.013671
/Users/okamu/.cache/gomisat/corpus/sat-flat175-417/flat175-18.cnf,525,1951,SAT,154,15968,262,2,0.001867
/Users/okamu/.cache/gomisat/corpus/sat-flat175-417/flat175-19.cnf,525,1951,SAT,629,73079,841,6,0.009975
/Users/okamu/.cache/gomisat/corpus/sat-flat175-417/flat175-2.cnf,525,1951,SAT,114,15122,177,2,0.001956
/Users/okamu/.cache/gomisat/corpus/sat-flat175-417/flat175-20.cnf,525,1951,SAT,791,94591,1118,6,0.013934
/Users/okamu/.cache/gomisat/corpus/sat-flat175-417/flat175-21.cnf,525,1951,SAT,203,24434,364,3,0.003106
/Users/okamu/.cache/gomisat/corpus/sat-flat175-417/flat175-22.cnf,525,1951,SAT,631,80097,904,6,0.010842
/Users/okamu/.cache/gomisat/corpus/sat-flat175-417/flat175-23.cnf,525,1951,SAT,530,65985,666,5,0.009102
/Users/okamu/.cache/gomisat/corpus/sat-flat175-417/flat175-24.cnf,525,1951,SAT,252,27604,416,3,0.003582
/Users/okamu/.cache/gomisat/corpus/sat-flat175-417/flat175-25.cnf,525,1951,SAT,153,17989,257,2,0.002395
/Users/okamu/.cache/gomisat/corpus/sat-flat175-417/flat175-26.cnf,525,1951,SAT,147,17345,254,2,0.002059
/Users/okamu/.cache/gomisat/corpus/sat-flat175-417/flat175-27.cnf,525,1951,SAT,163,19110,260,2,0.002470
/Users/okamu/.cache/gomisat/corpus/sat-flat175-417/flat175-28.cnf,525,1951,SAT,86,10508,140,1,0.001276
/Users/okamu/.cache/gomisat/corpus/sat-flat175-417/flat175-29.cnf,525,1951,SAT,36,3809,110,1,0.000436
/Users/okamu/.cache/gomisat/corpus/sat-flat175-417/flat175-3.cnf,525,1951,SAT,182,22621,271,2,0.002562
/Users/okamu/.cache/gomisat/corpus/sat-flat175-417/flat175-30.cnf,525,1951,SAT,189,24307,263,2,0.003320
/Users/okamu/.cache/gomisat/corpus/sat-flat175-417/flat175-31.cnf,525,1951,SAT,176,18968,271,2,0.002244
/Users/okamu/.cache/gomisat/corpus/sat-flat175-417/flat175-32.cnf,525,1951,SAT,211,26641,336,3,0.003344
/Users/okamu/.cache/gomisat/corpus/sat-flat175-417/flat175-33.cnf,525,1951,SAT,319,35888,479,3,0.004651
/Users/okamu/.cache/gomisat/corpus/sat-flat175-417/flat175-34.cnf,525,1951,SAT,253,29637,378,3,0.003628
/Users/okamu/.cache/gomisat/corpus/sat-flat175-417/flat175-35.cnf,525,1951,SAT,159,18238,261,2,0.002469
/Users/okamu/.cache/gomisat/corpus/sat-flat175-417/flat175-36.cnf,525,1951,SAT,55,6314,143,1,0.000765
/Users/okamu/.cache/gomisat/corpus/sat-flat175-417/flat175-37.cnf,525,1951,SAT,69,8454,145,1,0.001009
/Users/okamu/.cache/gomisat/corpus/sat-flat175-417/flat175-38.cnf,525,1951,SAT,131,13346,250,2,0.001798
/Users/okamu/.cache/gomisat/corpus/sat-flat175-417/flat175-39.cnf,525,1951,SAT,560,64519,783,5,0.008386
/Users/okamu/.cache/gomisat/corpus/sat-flat175-417/flat175-4.cnf,525,1951,SAT,78,9918,137,1,0.001116
/Users/okamu/.cache/gomisat/corpus/sat-flat175-417/flat175-40.cnf,525,1951,SAT,264,32668,378,3,0.003764
/Users/okamu/.cache/gomisat/corpus/sat-flat175-417/flat175-41.cnf,525,1951,SAT,127,14776,219,2,0.001761
/Users/okamu/.cache/gomisat/corpus/sat-flat175-417/flat175-42.cnf,525,1951,SAT,54,6187,135,1,0.000997
/Users/okamu/.cache/gomisat/corpus/sat-flat175-417/flat175-43.cnf,525,1951,SAT,140,17754,248,2,0.001952
/Users/okamu/.cache/gomisat/corpus/sat-flat175-417/flat175-44.cnf,525,1951,SAT,289,35937,400,3,0.004154
/Users/okamu/.cache/gomisat/corpus/sat-flat175-417/flat175-45.cnf,525,1951,SAT,139,17843,219,2,0.001976
/Users/okamu/.cache/gomisat/corpus/sat-flat175-417/flat175-46.cnf,525,1951,SAT,947,116012,1220,7,0.015874
/Users/okamu/.cache/gomisat/corpus/sat-flat175-417/flat175-47.cnf,525,1951,SAT,118,15922,222,2,0.001719
/Users/okamu/.cache/gomisat/corpus/sat-flat175-417/flat175-48.cnf,525,1951,SAT,9,1527,56,1,0.000320
/Users/okamu/.cache/gomisat/corpus/sat-flat175-417/flat175-49.cnf,525,1951,SAT,678,81335,1031,6,0.011146
/Users/okamu/.cache/gomisat/corpus/sat-flat175-417/flat175-5.cnf,525,1951,SAT,112,12107,201,2,0.001362
/Users/okamu/.cache/gomisat/corpus/sat-flat175-417/flat175-50.cnf,525,1951,SAT,198,26660,287,2,0.003141
/Users/okamu/.cache/gomisat/corpus/sat-flat175-417/flat175-51.cnf,525,1951,SAT,196,21825,281,2,0.002476
/Users/okamu/.cache/gomisat/corpus/sat-flat175-417/flat175-52.cnf,525,1951,SAT,141,17086,227,2,0.001871
/Users/okamu/.cache/gomisat/corpus/sat-flat175-417/flat175-53.cnf,525,1951,SAT,129,17692,215,2,0.002142
/Users/okamu/.cache/gomisat/corpus/sat-flat175-417/flat175-54.cnf,525,1951,SAT,359,44890,523,3,0.005683
/Users/okamu/.cache/gomisat/corpus/sat-flat175-417/flat175-55.cnf,525,1951,SAT,163,20122,264,2,0.002593
/Users/okamu/.cache/gomisat/corpus/sat-flat175-417/flat175-56.cnf,525,1951,SAT,1627,191213,2071,11,0.030589
/Users/okamu/.cache/gomisat/corpus/sat-flat175-417/flat175-57.cnf,525,1951,SAT,185,23034,327,2,0.002994
/Users/okamu/.cache/gomisat/corpus/sat-flat175-417/flat175-58.cnf,525,1951,SAT,165,19272,261,2,0.002393
/Users/okamu/.cache/gomisat/corpus/sat-flat175-417/flat175-59.cnf,525,1951,SAT,559,64922,782,5,0.008603
/Users/okamu/.cache/gomisat/corpus/sat-flat175-417/flat175-6.cnf,525,1951,SAT,73,9020,136,1,0.001195
/Users/okamu/.cache/gomisat/corpus/sat-flat175-417/flat175-60.cnf,525,1951,SAT,81,9659,156,1,0.001112
/Users/okamu/.cache/gomisat/corpus/sat-flat175-417/flat175-61.cnf,525,1951,SAT,47,5857,87,1,0.000687
/Users/okamu/.cache/gomisat/corpus/sat-flat175-417/flat175-62.cnf,525,1951,SAT,519,66073,681,5,0.007946
/Users/okamu/.cache/gomisat/corpus/sat-flat175-417/flat175-63.cnf,525,1951,SAT,384,49050,537,3,0.006008
/Users/okamu/.cache/gomisat/corpus/sat-flat175-417/flat175-64.cnf,525,1951,SAT,284,34794,406,3,0.004184
/Users/okamu/.cache/gomisat/corpus/sat-flat175-417/flat175-65.cnf,525,1951,SAT,602,71631,798,5,0.009404
/Users/okamu/.cache/gomisat/corpus/sat-flat175-417/flat175-66.cnf,525,1951,SAT,363,46895,528,3,0.006108
/Users/okamu/.cache/gomisat/corpus/sat-flat175-417/flat175-67.cnf,525,1951,SAT,60,6197,150,1,0.000802
/Users/okamu/.cache/gomisat/corpus/sat-flat175-417/flat175-68.cnf,525,1951,SAT,538,68442,740,5,0.009147
/Users/okamu/.cache/gomisat/corpus/sat-flat175-417/flat175-69.cnf,525,1951,SAT,111,13598,213,2,0.001486
/Users/okamu/.cache/gomisat/corpus/sat-flat175-417/flat175-7.cnf,525,1951,SAT,85,10667,149,1,0.001280
/Users/okamu/.cache/gomisat/corpus/sat-flat175-417/flat175-70.cnf,525,1951,SAT,83,9052,166,1,0.001274
/Users/okamu/.cache/gomisat/corpus/sat-flat175-417/flat175-71.cnf,525,1951,SAT,195,23106,314,2,0.002594
/Users/okamu/.cache/gomisat/corpus/sat-flat175-417/flat175-72.cnf,525,1951,SAT,528,62408,713,5,0.007940
/Users/okamu/.cache/gomisat/corpus/sat-flat175-417/flat175-73.cnf,525,1951,SAT,140,16255,284,2,0.001954
/Users/okamu/.cache/gomisat/corpus/sat-flat175-417/flat175-74.cnf,525,1951,SAT,115,14089,197,2,0.001748
/Users/okamu/.cache/gomisat/corpus/sat-flat175-417/flat175-75.cnf,525,1951,SAT,55,7481,141,1,0.000769
/Users/okamu/.cache/gomisat/corpus/sat-flat175-417/flat175-76.cnf,525,1951,SAT,137,17218,223,2,0.001998
/Users/okamu/.cache/gomisat/corpus/sat-flat175-417/flat175-77.cnf,525,1951,SAT,243,30837,381,3,0.003784
/Users/okamu/.cache/gomisat/corpus/sat-flat175-417/flat175-78.cnf,525,1951,SAT,1067,137467,1408,7,0.019625
/Users/okamu/.cache/gomisat/corpus/sat-flat175-417/flat175-79.cnf,525,1951,SAT,106,10896,176,2,0.001528
/Users/okamu/.cache/gomisat/corpus/sat-flat175-417/flat175-8.cnf,525,1951,SAT,321,39340,487,3,0.005111
/Users/okamu/.cache/gomisat/corpus/sat-flat175-417/flat175-80.cnf,525,1951,SAT,147,17416,244,2,0.002513
/Users/okamu/.cache/gomisat/corpus/sat-flat175-417/flat175-81.cnf,525,1951,SAT,548,65939,776,5,0.008458
/Users/okamu/.cache/gomisat/corpus/sat-flat175-417/flat175-82.cnf,525,1951,SAT,183,21034,299,2,0.002631
/Users/okamu/.cache/gomisat/corpus/sat-flat175-417/flat175-83.cnf,525,1951,SAT,126,14922,213,2,0.001651
/Users/okamu/.cache/gomisat/corpus/sat-flat175-417/flat175-84.cnf,525,1951,SAT,529,64463,744,5,0.008289
/Users/okamu/.cache/gomisat/corpus/sat-flat175-417/flat175-85.cnf,525,1951,SAT,690,89277,997,6,0.012196
/Users/okamu/.cache/gomisat/corpus/sat-flat175-417/flat175-86.cnf,525,1951,SAT,504,65433,667,5,0.008238
/Users/okamu/.cache/gomisat/corpus/sat-flat175-417/flat175-87.cnf,525,1951,SAT,477,52703,642,4,0.006683
/Users/okamu/.cache/gomisat/corpus/sat-flat175-417/flat175-88.cnf,525,1951,SAT,126,13985,244,2,0.001665
/Users/okamu/.cache/gomisat/corpus/sat-flat175-417/flat175-89.cnf,525,1951,SAT,178,20076,283,2,0.002350
/Users/okamu/.cache/gomisat/corpus/sat-flat175-417/flat175-9.cnf,525,1951,SAT,144,16751,219,2,0.001910
/Users/okamu/.cache/gomisat/corpus/sat-flat175-417/flat175-90.cnf,525,1951,SAT,471,60298,655,4,0.007539
/Users/okamu/.cache/gomisat/corpus/sat-flat175-417/flat175-91.cnf,525,1951,SAT,345,39881,475,3,0.005096
/Users/okamu/.cache/gomisat/corpus/sat-flat175-417/flat175-92.cnf,525,1951,SAT,125,16209,198,2,0.001809
/Users/okamu/.cache/gomisat/corpus/sat-flat175-417/flat175-93.cnf,525,1951,SAT,138,16438,231,2,0.002092
/Users/okamu/.cache/gomisat/corpus/sat-flat175-417/flat175-94.cnf,525,1951,SAT,578,69841,787,5,0.008802
/Users/okamu/.cache/gomisat/corpus/sat-flat175-417/flat175-95.cnf,525,1951,SAT,220,26877,325,3,0.002990
/Users/okamu/.cache/gomisat/corpus/sat-flat175-417/flat175-96.cnf,525,1951,SAT,333,37831,461,3,0.004976
/Users/okamu/.cache/gomisat/corpus/sat-flat175-417/flat175-97.cnf,525,1951,SAT,1004,117421,1310,7,0.016849
/Users/okamu/.cache/gomisat/corpus/sat-flat175-417/flat175-98.cnf,525,1951,SAT,252,30740,383,3,0.003869
/Users/okamu/.cache/gomisat/corpus/sat-flat175-417/flat175-99.cnf,525,1951,SAT,144,15292,267,2,0.001817
/Users/okamu/.cache/gomisat/corpus/sat-flat200-479/flat200-1.cnf,600,2237,SAT,104,16035,200,2,0.002118
/Users/okamu/.cache/gomisat/corpus/sat-flat200-479/flat200-10.cnf,600,2237,SAT,480,60335,681,4,0.007992
/Users/okamu/.cache/gomisat/corpus/sat-flat200-479/flat200-100.cnf,600,2237,SAT,882,111801,1189,7,0.015745
/Users/okamu/.cache/gomisat/corpus/sat-flat200-479/flat200-11.cnf,600,2237,SAT,486,65841,716,4,0.008261
/Users/okamu/.cache/gomisat/corpus/sat-flat200-479/flat200-12.cnf,600,2237,SAT,749,98583,970,6,0.013235
/Users/okamu/.cache/gomisat/corpus/sat-flat200-479/flat200-13.cnf,600,2237,SAT,752,99482,1088,6,0.014371
/Users/okamu/.cache/gomisat/corpus/sat-flat200-479/flat200-14.cnf,600,2237,SAT,452,61886,684,4,0.008167
/Users/okamu/.cache/gomisat/corpus/sat-flat200-479/flat200-15.cnf,600,2237,SAT,288,40254,432,3,0.004836
/Users/okamu/.cache/gomisat/corpus/sat-flat200-479/flat200-16.cnf,600,2237,SAT,442,60080,654,4,0.007719
/Users/okamu/.cache/gomisat/corpus/sat-flat200-479/flat200-17.cnf,600,2237,SAT,4950,677825,6203,27,0.112798
/Users/okamu/.cache/gomisat/corpus/sat-flat200-479/flat200-18.cnf,600,2237,SAT,922,114284,1161,7,0.015280
/Users/okamu/.cache/gomisat/corpus/sat-flat200-479/flat200-19.cnf,600,2237,SAT,713,91716,984,6,0.012000
/Users/okamu/.cache/gomisat/corpus/sat-flat200-479/flat200-2.cnf,600,2237,SAT,606,74103,866,6,0.010326
/Users/okamu/.cache/gomisat/corpus/sat-flat200-479/flat200-20.cnf,600,2237,SAT,564,71201,755,5,0.009162
/Users/okamu/.cache/gomisat/corpus/sat-flat200-479/flat200-21.cnf,600,2237,SAT,252,33226,360,3,0.003793
/Users/okamu/.cache/gomisat/corpus/sat-flat200-479/flat200-22.cnf,600,2237,SAT,392,48568,634,3,0.006317
/Users/okamu/.cache/gomisat/corpus/sat-flat200-479/flat200-23.cnf,600,2237,SAT,373,49406,541,3,0.005951
/Users/okamu/.cache/gomisat/corpus/sat-flat200-479/flat200-24.cnf,600,2237,SAT,446,59400,638,4,0.007012
/Users/okamu/.cache/gomisat/corpus/sat-flat200-479/flat200-25.cnf,600,2237,SAT,171,24409,293,2,0.002740
/Users/okamu/.cache/gomisat/corpus/sat-flat200-479/flat200-26.cnf,600,2237,SAT,855,117940,1212,7,0.017121
/Users/okamu/.cache/gomisat/corpus/sat-flat200-479/flat200-27.cnf,600,2237,SAT,1515,200389,2020,10,0.030727
/Users/okamu/.cache/gomisat/corpus/sat-flat200-479/flat200-28.cnf,600,2237,SAT,276,37668,418,3,0.004512
/Users/okamu/.cache/gomisat/corpus/sat-flat200-479/flat200-29.cnf,600,2237,SAT,544,73052,797,5,0.009718
/Users/okamu/.cache/gomisat/corpus/sat-flat200-479/flat200-3.cnf,600,2237,SAT,1072,144933,1378,7,0.020828
/Users/okamu/.cache/gomisat/corpus/sat-flat200-479/flat200-30.cnf,600,2237,SAT,981,130363,1348,7,0.017773
/Users/okamu/.cache/gomisat/corpus/sat-flat200-479/flat200-31.cnf,600,2237,SAT,911,123226,1266,7,0.017412
/Users/okamu/.cache/gomisat/corpus/sat-flat200-479/flat200-32.cnf,600,2237,SAT,151,21131,253,2,0.002215
/Users/okamu/.cache/gomisat/corpus/sat-flat200-479/flat200-33.cnf,600,2237,SAT,208,29723,373,3,0.003359
/Users/okamu/.cache/gomisat/corpus/sat-flat200-479/flat200-34.cnf,600,2237,SAT,628,88793,866,6,0.011475
/Users/okamu/.cache/gomisat/corpus/sat-flat200-479/flat200-35.cnf,600,2237,SAT,145,17470,268,2,0.002164
/Users/okamu/.cache/gomisat/corpus/sat-flat200-479/flat200-36.cnf,600,2237,SAT,602,81270,863,5,0.010465
/Users/okamu/.cache/gomisat/corpus/sat-flat200-479/flat200-37.cnf,600,2237,SAT,435,52741,611,4,0.006530
/Users/okamu/.cache/gomisat/corpus/sat-flat200-479/flat200-38.cnf,600,2237,SAT,256,33583,424,3,0.004221
/Users/okamu/.cache/gomisat/corpus/sat-flat200-479/flat200-39.cnf,600,2237,SAT,4640,610745,5716,25,0.103109
/Users/okamu/.cache/gomisat/corpus/sat-flat200-479/flat200-4.cnf,600,2237,SAT,754,98487,1033,6,0.013528
/Users/okamu/.cache/gomisat/corpus/sat-flat200-479/flat200-40.cnf,600,2237,SAT,108,13755,202,2,0.001515
/Users/okamu/.cache/gomisat/corpus/sat-flat200-479/flat200-41.cnf,600,2237,SAT,98,11495,194,1,0.001403
/Users/okamu/.cache/gomisat/corpus/sat-flat200-479/flat200-42.cnf,600,2237,SAT,92,11303,178,1,0.001563
/Users/okamu/.cache/gomisat/corpus/sat-flat200-479/flat200-43.cnf,600,2237,SAT,215,30227,308,3,0.003610
/Users/okamu/.cache/gomisat/corpus/sat-flat200-479/flat200-44.cnf,600,2237,SAT,781,101203,1005,6,0.012807
/Users/okamu/.cache/gomisat/corpus/sat-flat200-479/flat200-45.cnf,600,2237,SAT,578,82665,815,5,0.010521
/Users/okamu/.cache/gomisat/corpus/sat-flat200-479/flat200-46.cnf,600,2237,SAT,866,115533,1138,7,0.015534
/Users/okamu/.cache/gomisat/corpus/sat-flat200-479/flat200-47.cnf,600,2237,SAT,1571,212700,2003,10,0.029989
/Users/okamu/.cache/gomisat/corpus/sat-flat200-479/flat200-48.cnf,600,2237,SAT,887,115797,1190,7,0.016020
/Users/okamu/.cache/gomisat/corpus/sat-flat200-479/flat200-49.cnf,600,2237,SAT,157,17608,267,2,0.002058
/Users/okamu/.cache/gomisat/corpus/sat-flat200-479/flat200-5.cnf,600,2237,SAT,3775,492671,4679,20,0.079195
/Users/okamu/.cache/gomisat/corpus/sat-flat200-479/flat200-50.cnf,600,2237,SAT,693,88429,980,6,0.011291
/Users/okamu/.cache/gomisat/corpus/sat-flat200-479/flat200-51.cnf,600,2237,SAT,188,25263,276,2,0.002925
/Users/okamu/.cache/gomisat/corpus/sat-flat200-479/flat200-52.cnf,600,2237,SAT,1245,169760,1591,8,0.024902
/Users/okamu/.cache/gomisat/corpus/sat-flat200-479/flat200-53.cnf,600,2237,SAT,105,14829,206,2,0.001514
/Users/okamu/.cache/gomisat/corpus/sat-flat200-479/flat200-54.cnf,600,2237,SAT,1621,202651,2047,11,0.029722
/Users/okamu/.cache/gomisat/corpus/sat-flat200-479/flat200-55.cnf,600,2237,SAT,3598,508069,4660,18,0.082492
/Users/okamu/.cache/gomisat/corpus/sat-flat200-479/flat200-56.cnf,600,2237,SAT,650,86691,939,6,0.011397
/Users/okamu/.cache/gomisat/corpus/sat-flat200-479/flat200-57.cnf,600,2237,SAT,702,89456,1045,6,0.012173
/Users/okamu/.cache/gomisat/corpus/sat-flat200-479/flat200-58.cnf,600,2237,SAT,24,4075,86,1,0.000493
/Users/okamu/.cache/gomisat/corpus/sat-flat200-479/flat200-59.cnf,600,2237,SAT,546,68838,768,5,0.009030
/Users/okamu/.cache/gomisat/corpus/sat-flat200-479/flat200-6.cnf,600,2237,SAT,297,39276,462,3,0.004926
/Users/okamu/.cache/gomisat/corpus/sat-flat200-479/flat200-60.cnf,600,2237,SAT,160,19872,244,2,0.002202
/Users/okamu/.cache/gomisat/corpus/sat-flat200-479/flat200-61.cnf,600,2237,SAT,26,3167,89,1,0.000421
/Users/okamu/.cache/gomisat/corpus/sat-flat200-479/flat200-62.cnf,600,2237,SAT,1083,134117,1425,7,0.019994
/Users/okamu/.cache/gomisat/corpus/sat-flat200-479/flat200-63.cnf,600,2237,SAT,1031,139674,1415,7,0.021102
/Users/okamu/.cache/gomisat/corpus/sat-flat200-479/flat200-64.cnf,600,2237,SAT,246,31870,351,3,0.003975
/Users/okamu/.cache/gomisat/corpus/sat-flat200-479/flat200-65.cnf,600,2237,SAT,2048,292169,2605,14,0.043078
/Users/okamu/.cache/gomisat/corpus/sat-flat200-479/flat200-66.cnf,600,2237,SAT,2189,288194,2975,14,0.043855
/Users/okamu/.cache/gomisat/corpus/sat-flat200-479/flat200-67.cnf,600,2237,SAT,138,18499,236,2,0.002398
/Users/okamu/.cache/gomisat/corpus/sat-flat200-479/flat200-68.cnf,600,2237,SAT,133,17475,216,2,0.001979
/Users/okamu/.cache/gomisat/corpus/sat-flat200-479/flat200-69.cnf,600,2237,SAT,172,24525,295,2,0.002837
/Users/okamu/.cache/gomisat/corpus/sat-flat200-479/flat200-7.cnf,600,2237,SAT,1145,160698,1465,7,0.023408
/Users/okamu/.cache/gomisat/corpus/sat-flat200-479/flat200-70.cnf,600,2237,SAT,729,96284,1046,6,0.012944
/Users/okamu/.cache/gomisat/corpus/sat-flat200-479/flat200-71.cnf,600,2237,SAT,599,85783,813,5,0.011435
/Users/okamu/.cache/gomisat/corpus/sat-flat200-479/flat200-72.cnf,600,2237,SAT,552,73770,821,5,0.010073
/Users/okamu/.cache/gomisat/corpus/sat-flat200-479/flat200-73.cnf,600,2237,SAT,816,106500,1092,7,0.014731
/Users/okamu/.cache/gomisat/corpus/sat-flat200-479/flat200-74.cnf,600,2237,SAT,808,110973,1173,7,0.015130
/Users/okamu/.cache/gomisat/corpus/sat-flat200-479/flat200-75.cnf,600,2237,SAT,334,45061,541,3,0.005485
/Users/okamu/.cache/gomisat/corpus/sat-flat200-479/flat200-76.cnf,600,2237,SAT,644,85763,892,6,0.011291
/Users/okamu/.cache/gomisat/corpus/sat-flat200-479/flat200-77.cnf,600,2237,SAT,1112,154126,1542,7,0.022831
/Users/okamu/.cache/gomisat/corpus/sat-flat200-479/flat200-78.cnf,600,2237,SAT,547,74688,799,5,0.009943
/Users/okamu/.cache/gomisat/corpus/sat-flat200-479/flat200-79.cnf,600,2237,SAT,1924,276169,2458,13,0.041661
/Users/okamu/.cache/gomisat/corpus/sat-flat200-479/flat200-8.cnf,600,2237,SAT,101,13462,197,2,0.001757
/Users/okamu/.cache/gomisat/corpus/sat-flat200-479/flat200-80.cnf,600,2237,SAT,363,50401,517,3,0.006063
/Users/okamu/.cache/gomisat/corpus/sat-flat200-479/flat200-81.cnf,600,2237,SAT,1430,196189,1917,10,0.029243
/Users/okamu/.cache/gomisat/corpus/sat-flat200-479/flat200-82.cnf,600,2237,SAT,648,89339,907,6,0.011317
/Users/okamu/.cache/gomisat/corpus/sat-flat200-479/flat200-83.cnf,600,2237,SAT,1332,167931,1877,9,0.024696
/Users/okamu/.cache/gomisat/corpus/sat-flat200-479/flat200-84.cnf,600,2237,SAT,573,76959,832,5,0.010910
/Users/okamu/.cache/gomisat/corpus/sat-flat200-479/flat200-85.cnf,600,2237,SAT,766,102697,1079,6,0.014162
/Users/okamu/.cache/gomisat/corpus/sat-flat200-479/flat200-86.cnf,600,2237,SAT,257,36753,419,3,0.004178
/Users/okamu/.cache/gomisat/corpus/sat-flat200-479/flat200-87.cnf,600,2237,SAT,1113,150075,1504,7,0.023172
/Users/okamu/.cache/gomisat/corpus/sat-flat200-479/flat200-88.cnf,600,2237,SAT,865,118869,1120,7,0.016246
/Users/okamu/.cache/gomisat/corpus/sat-flat200-479/flat200-89.cnf,600,2237,SAT,161,20032,269,2,0.002349
/Users/okamu/.cache/gomisat/corpus/sat-flat200-479/flat200-9.cnf,600,2237,SAT,1298,175952,1678,8,0.024641
/Users/okamu/.cache/gomisat/corpus/sat-flat200-479/flat200-90.cnf,600,2237,SAT,488,61541,731,4,0.007845
/Users/okamu/.cache/gomisat/corpus/sat-flat200-479/flat200-91.cnf,600,2237,SAT,179,22851,320,2,0.002662
/Users/okamu/.cache/gomisat/corpus/sat-flat200-479/flat200-92.cnf,600,2237,SAT,318,42117,474,3,0.004870
/Users/okamu/.cache/gomisat/corpus/sat-flat200-479/flat200-93.cnf,600,2237,SAT,503,66217,687,5,0.008388
/Users/okamu/.cache/gomisat/corpus/sat-flat200-479/flat200-94.cnf,600,2237,SAT,284,39792,484,3,0.004947
/Users/okamu/.cache/gomisat/corpus/sat-flat200-479/flat200-95.cnf,600,2237,SAT,1071,141017,1369,7,0.020245
/Users/okamu/.cache/gomisat/corpus/sat-flat200-479/flat200-96.cnf,600,2237,SAT,364,48891,567,3,0.006479
/Users/okamu/.cache/gomisat/corpus/sat-flat200-479/flat200-97.cnf,600,2237,SAT,55,6453,148,1,0.000740
/Users/okamu/.cache/gomisat/corpus/sat-flat200-479/flat200-98.cnf,600,2237,SAT,506,69236,760,5,0.008946
/Users/okamu/.cache/gomisat/corpus/sat-flat200-479/flat200-99.cnf,600,2237,SAT,814,107473,1169,7,0.015044
/Users/okamu/.cache/gomisat/corpus/sat-hanoi/hanoi4.cnf,718,4934,SAT,4773,315280,7328,25,0.075236
/Users/okamu/.cache/gomisat/corpus/sat-hanoi/hanoi5.cnf,1931,14468,SAT,28986,2240180,53385,106,0.737206
/Users/okamu/.cache/gomisat/corpus/sat-inductive-inference/ii16a1.cnf,1650,19368,SAT,5,2056,1165,1,0.000300
/Users/okamu/.cache/gomisat/corpus/sat-inductive-inference/ii16a2.cnf,1602,23281,SAT,109,18811,696,2,0.002663
/Users/okamu/.cache/gomisat/corpus/sat-inductive-inference/ii16b1.cnf,1728,24792,SAT,140,23553,1034,2,0.002859
/Users/okamu/.cache/gomisat/corpus/sat-inductive-inference/ii16b2.cnf,1076,16121,SAT,50,8686,150,1,0.000953
/Users/okamu/.cache/gomisat/corpus/sat-inductive-inference/ii16c1.cnf,1580,16467,SAT,2,1763,1017,1,0.000284
/Users/okamu/.cache/gomisat/corpus/sat-inductive-inference/ii16c2.cnf,924,13803,SAT,409,63826,1144,4,0.006251
/Users/okamu/.cache/gomisat/corpus/sat-inductive-inference/ii16d1.cnf,1230,15901,SAT,1,1478,458,1,0.000289
/Users/okamu/.cache/gomisat/corpus/sat-inductive-inference/ii16d2.cnf,836,12461,SAT,0,836,39,1,0.000196
/Users/okamu/.cache/gomisat/corpus/sat-inductive-inference/ii16e1.cnf,1245,14766,SAT,2,1469,774,1,0.000352
/Users/okamu/.cache/gomisat/corpus/sat-inductive-inference/ii16e2.cnf,532,7825,SAT,534,47427,1457,5,0.008343
/Users/okamu/.cache/gomisat/corpus/sat-inductive-inference/ii32a1.cnf,459,9212,SAT,1207,88845,3425,8,0.021090
/Users/okamu/.cache/gomisat/corpus/sat-inductive-inference/ii32b1.cnf,228,1374,SAT,3,293,40,1,0.000082
/Users/okamu/.cache/gomisat/corpus/sat-inductive-inference/ii32b2.cnf,261,2558,SAT,75,2219,193,1,0.000777
/Users/okamu/.cache/gomisat/corpus/sat-inductive-inference/ii32b3.cnf,348,5734,SAT,102,5802,278,2,0.001638
/Users/okamu/.cache/gomisat/corpus/sat-inductive-inference/ii32b4.cnf,381,6918,SAT,20,1116,60,1,0.000446
/Users/okamu/.cache/gomisat/corpus/sat-inductive-inference/ii32c1.cnf,225,1280,SAT,1,254,50,1,0.000056
/Users/okamu/.cache/gomisat/corpus/sat-inductive-inference/ii32c2.cnf,249,2182,SAT,0,249,45,1,0.000068
/Users/okamu/.cache/gomisat/corpus/sat-inductive-inference/ii32c3.cnf,279,3272,SAT,3,610,44,1,0.000178
/Users/okamu/.cache/gomisat/corpus/sat-inductive-inference/ii32c4.cnf,759,20862,SAT,84,11317,288,1,0.001970
/Users/okamu/.cache/gomisat/corpus/sat-inductive-inference/ii32d1.cnf,332,2703,SAT,60,1611,139,1,0.000851
/Users/okamu/.cache/gomisat/corpus/sat-inductive-inference/ii32d2.cnf,404,5153,SAT,113,5243,534,2,0.001887
/Users/okamu/.cache/gomisat/corpus/sat-inductive-inference/ii32d3.cnf,824,19478,SAT,19755,2178039,48088,67,1.313675
/Users/okamu/.cache/gomisat/corpus/sat-inductive-inference/ii32e1.cnf,222,1186,SAT,0,222,52,1,0.000044
/Users/okamu/.cache/gomisat/corpus/sat-inductive-inference/ii32e2.cnf,267,2746,SAT,35,1117,82,1,0.000461
/Users/okamu/.cache/gomisat/corpus/sat-inductive-inference/ii32e3.cnf,330,5020,SAT,89,4430,261,1,0.001476
/Users/okamu/.cache/gomisat/corpus/sat-inductive-inference/ii32e4.cnf,387,7106,SAT,72,3733,317,1,0.000968
/Users/okamu/.cache/gomisat/corpus/sat-inductive-inference/ii32e5.cnf,522,11636,SAT,116,11618,333,2,0.002008
/Users/okamu/.cache/gomisat/corpus/sat-inductive-inference/ii8a1.cnf,66,186,SAT,2,99,26,1,0.000017
/Users/okamu/.cache/gomisat/corpus/sat-inductive-inference/ii8a2.cnf,180,800,SAT,0,180,92,1,0.000023
/Users/okamu/.cache/gomisat/corpus/sat-inductive-inference/ii8a3.cnf,264,1552,SAT,1,287,136,1,0.000042
/Users/okamu/.cache/gomisat/corpus/sat-inductive-inference/ii8a4.cnf,396,2798,SAT,2,432,112,1,0.000079
/Users/okamu/.cache/gomisat/corpus/sat-inductive-inference/ii8b1.cnf,336,2068,SAT,2,349,165,1,0.000053
/Users/okamu/.cache/gomisat/corpus/sat-inductive-inference/ii8b2.cnf,576,4088,SAT,1,593,271,1,0.000077
/Users/okamu/.cache/gomisat/corpus/sat-inductive-inference/ii8b3.cnf,816,6108,SAT,0,816,456,1,0.000105
/Users/okamu/.cache/gomisat/corpus/sat-inductive-inference/ii8b4.cnf,1068,8214,SAT,0,1068,604,1,0.000141
/Users/okamu/.cache/gomisat/corpus/sat-inductive-inference/ii8c1.cnf,510,3065,SAT,0,510,332,1,0.000068
/Users/okamu/.cache/gomisat/corpus/sat-inductive-inference/ii8c2.cnf,950,6689,SAT,0,950,620,1,0.000126
/Users/okamu/.cache/gomisat/corpus/sat-inductive-inference/ii8d1.cnf,530,3207,SAT,2,682,420,1,0.000095
/Users/okamu/.cache/gomisat/corpus/sat-inductive-inference/ii8d2.cnf,930,6547,SAT,0,930,534,1,0.000134
/Users/okamu/.cache/gomisat/corpus/sat-inductive-inference/ii8e1.cnf,520,3136,SAT,0,520,321,1,0.000073
/Users/okamu/.cache/gomisat/corpus/sat-inductive-inference/ii8e2.cnf,870,6121,SAT,0,870,506,1,0.000114
/Users/okamu/.cache/gomisat/corpus/sat-logistics/logistics.a.cnf,828,6718,SAT,145,12186,1307,2,0.001290
/Users/okamu/.cache/gomisat/corpus/sat-logistics/logistics.b.cnf,843,7301,SAT,129,13419,1423,2,0.001334
/Users/okamu/.cache/gomisat/corpus/sat-logistics/logistics.c.cnf,1141,10719,SAT,342,32515,3060,3,0.003474
/Users/okamu/.cache/gomisat/corpus/sat-logistics/logistics.d.cnf,4713,21991,SAT,37,14902,435,1,0.001722
/Users/okamu/.cache/gomisat/corpus/sat-parity/par16-1-c.cnf,317,1264,SAT,1002,110607,1111,7,0.015579
/Users/okamu/.cache/gomisat/corpus/sat-parity/par16-1.cnf,1015,3310,SAT,1491,311985,1704,10,0.039385
/Users/okamu/.cache/gomisat/corpus/sat-parity/par16-2-c.cnf,349,1392,SAT,13398,1465067,14323,60,0.209455
/Users/okamu/.cache/gomisat/corpus/sat-parity/par16-2.cnf,1015,3374,SAT,441,94833,563,4,0.011790
/Users/okamu/.cache/gomisat/corpus/sat-parity/par16-3-c.cnf,334,1332,SAT,4669,495277,4878,25,0.074046
/Users/okamu/.cache/gomisat/corpus/sat-parity/par16-3.cnf,1015,3344,SAT,6095,1240432,6436,30,0.170794
/Users/okamu/.cache/gomisat/corpus/sat-parity/par16-4-c.cnf,324,1292,SAT,2442,271175,2604,15,0.041225
/Users/okamu/.cache/gomisat/corpus/sat-parity/par16-4.cnf,1015,3324,SAT,2208,507417,2496,14,0.064894
/Users/okamu/.cache/gomisat/corpus/sat-parity/par16-5-c.cnf,341,1360,SAT,3750,381006,3950,20,0.057066
/Users/okamu/.cache/gomisat/corpus/sat-parity/par16-5.cnf,1015,3358,SAT,2966,673711,3239,15,0.075152
/Users/okamu/.cache/gomisat/corpus/sat-parity/par32-1-c.cnf,1315,5254,UNKNOWN,154739,59743377,175300,413,10.002131
/Users/okamu/.cache/gomisat/corpus/sat-parity/par32-1.cnf,3176,10277,UNKNOWN,89067,70789365,99094,254,10.002168
/Users/okamu/.cache/gomisat/corpus/sat-parity/par32-2-c.cnf,1303,5206,UNKNOWN,167958,52056990,185944,453,10.002135
/Users/okamu/.cache/gomisat/corpus/sat-parity/par32-2.cnf,3176,10253,UNKNOWN,100442,69240670,109426,255,10.002030
/Users/okamu/.cache/gomisat/corpus/sat-parity/par32-3-c.cnf,1325,5294,UNKNOWN,158372,50683527,174896,428,10.002058
/Users/okamu/.cache/gomisat/corpus/sat-parity/par32-3.cnf,3176,10297,UNKNOWN,104379,66996884,115450,268,10.001206
/Users/okamu/.cache/gomisat/corpus/sat-parity/par32-4-c.cnf,1333,5326,UNKNOWN,164776,48403656,185796,445,10.002014
/Users/okamu/.cache/gomisat/corpus/sat-parity/par32-4.cnf,3176,10313,UNKNOWN,110049,64875390,120419,286,10.002198
/Users/okamu/.cache/gomisat/corpus/sat-parity/par32-5-c.cnf,1339,5350,UNKNOWN,155281,60149615,170857,413,10.000880
/Users/okamu/.cache/gomisat/corpus/sat-parity/par32-5.cnf,3176,10325,UNKNOWN,101635,59393060,116108,255,10.002034
/Users/okamu/.cache/gomisat/corpus/sat-parity/par8-1-c.cnf,64,254,SAT,15,400,18,1,0.000094
/Users/okamu/.cache/gomisat/corpus/sat-parity/par8-1.cnf,350,1149,SAT,26,1960,36,1,0.000241
/Users/okamu/.cache/gomisat/corpus/sat-parity/par8-2-c.cnf,68,270,SAT,18,585,22,1,0.000102
/Users/okamu/.cache/gomisat/corpus/sat-parity/par8-2.cnf,350,1157,SAT,15,1260,25,1,0.000146
/Users/okamu/.cache/gomisat/corpus/sat-parity/par8-3-c.cnf,75,298,SAT,28,924,32,1,0.000160
/Users/okamu/.cache/gomisat/corpus/sat-parity/par8-3.cnf,350,1171,SAT,18,1221,34,1,0.000180
/Users/okamu/.cache/gomisat/corpus/sat-parity/par8-4-c.cnf,67,266,SAT,7,236,13,1,0.000048
/Users/okamu/.cache/gomisat/corpus/sat-parity/par8-4.cnf,350,1155,SAT,1,436,19,1,0.000065
/Users/okamu/.cache/gomisat/corpus/sat-parity/par8-5-c.cnf,75,298,SAT,22,703,25,1,0.000125
/Users/okamu/.cache/gomisat/corpus/sat-parity/par8-5.cnf,350,1171,SAT,9,812,25,1,0.000108
/Users/okamu/.cache/gomisat/corpus/sat-uf150-645/uf150-01.cnf,150,645,SAT,409,12683,538,4,0.002691
/Users/okamu/.cache/gomisat/corpus/sat-uf150-645/uf150-010.cnf,150,645,SAT,2788,88207,3445,15,0.019015
/Users/okamu/.cache/gomisat/corpus/sat-uf150-645/uf150-0100.cnf,150,645,SAT,961,29630,1223,7,0.006202
/Users/okamu/.cache/gomisat/corpus/sat-uf150-645/uf150-011.cnf,150,645,SAT,142,4965,233,2,0.000956
/Users/okamu/.cache/gomisat/corpus/sat-uf150-645/uf150-012.cnf,150,645,SAT,2950,93011,3616,15,0.020512
/Users/okamu/.cache/gomisat/corpus/sat-uf150-645/uf150-013.cnf,150,645,SAT,775,24358,1013,6,0.005061
/Users/okamu/.cache/gomisat/corpus/sat-uf150-645/uf150-014.cnf,150,645,SAT,590,18678,749,5,0.004017
/Users/okamu/.cache/gomisat/corpus/sat-uf150-645/uf150-015.cnf,150,645,SAT,3422,112325,4191,18,0.024324
/Users/okamu/.cache/gomisat/corpus/sat-uf150-645/uf150-016.cnf,150,645,SAT,1221,38377,1540,8,0.008066
/Users/okamu/.cache/gomisat/corpus/sat-uf150-645/uf150-017.cnf,150,645,SAT,73,2309,116,1,0.000471
/Users/okamu/.cache/gomisat/corpus/sat-uf150-645/uf150-018.cnf,150,645,SAT,1046,35326,1270,7,0.007333
/Users/okamu/.cache/gomisat/corpus/sat-uf150-645/uf150-019.cnf,150,645,SAT,577,17789,747,5,0.003886
/Users/okamu/.cache/gomisat/corpus/sat-uf150-645/uf150-02.cnf,150,645,SAT,2660,87855,3300,15,0.018822
/Users/okamu/.cache/gomisat/corpus/sat-uf150-645/uf150-020.cnf,150,645,SAT,236,7252,356,3,0.001448
/Users/okamu/.cache/gomisat/corpus/sat-uf150-645/uf150-021.cnf,150,645,SAT,579,17414,744,5,0.003687
/Users/okamu/.cache/gomisat/corpus/sat-uf150-645/uf150-022.cnf,150,645,SAT,353,11846,482,3,0.002392
/Users/okamu/.cache/gomisat/corpus/sat-uf150-645/uf150-023.cnf,150,645,SAT,2912,90564,3553,15,0.019688
/Users/okamu/.cache/gomisat/corpus/sat-uf150-645/uf150-024.cnf,150,645,SAT,796,24852,1001,6,0.005193
/Users/okamu/.cache/gomisat/corpus/sat-uf150-645/uf150-025.cnf,150,645,SAT,540,16204,715,5,0.003488
/Users/okamu/.cache/gomisat/corpus/sat-uf150-645/uf150-026.cnf,150,645,SAT,1035,33469,1299,7,0.006992
/Users/okamu/.cache/gomisat/corpus/sat-uf150-645/uf150-027.cnf,150,645,SAT,3067,98271,3764,15,0.021600
/Users/okamu/.cache/gomisat/corpus/sat-uf150-645/uf150-028.cnf,150,645,SAT,2367,79457,2879,14,0.016462
/Users/okamu/.cache/gomisat/corpus/sat-uf150-645/uf150-029.cnf,150,645,SAT,1367,44900,1659,9,0.009594
/Users/okamu/.cache/gomisat/corpus/sat-uf150-645/uf150-03.cnf,150,645,SAT,1620,52499,1990,11,0.011309
/Users/okamu/.cache/gomisat/corpus/sat-uf150-645/uf150-030.cnf,150,645,SAT,52,1706,86,1,0.000345
/Users/okamu/.cache/gomisat/corpus/sat-uf150-645/uf150-031.cnf,150,645,SAT,2459,77137,3020,15,0.016927
/Users/okamu/.cache/gomisat/corpus/sat-uf150-645/uf150-032.cnf,150,645,SAT,153,4210,211,2,0.000855
/Users/okamu/.cache/gomisat/corpus/sat-uf150-645/uf150-033.cnf,150,645,SAT,1708,51008,2156,12,0.011596
/Users/okamu/.cache/gomisat/corpus/sat-uf150-645/uf150-034.cnf,150,645,SAT,501,14603,644,4,0.002967
/Users/okamu/.cache/gomisat/corpus/sat-uf150-645/uf150-035.cnf,150,645,SAT,1956,60142,2426,13,0.012586
/Users/okamu/.cache/gomisat/corpus/sat-uf150-645/uf150-036.cnf,150,645,SAT,2941,88600,3569,15,0.019186
/Users/okamu/.cache/gomisat/corpus/sat-uf150-645/uf150-037.cnf,150,645,SAT,295,9152,394,3,0.001892
/Users/okamu/.cache/gomisat/corpus/sat-uf150-645/uf150-038.cnf,150,645,SAT,407,12690,510,4,0.002667
/Users/okamu/.cache/gomisat/corpus/sat-uf150-645/uf150-039.cnf,150,645,SAT,157,5075,216,2,0.001017
/Users/okamu/.cache/gomisat/corpus/sat-uf150-645/uf150-04.cnf,150,645,SAT,484,15443,633,4,0.003322
/Users/okamu/.cache/gomisat/corpus/sat-uf150-645/uf150-040.cnf,150,645,SAT,855,26105,1124,7,0.005610
/Users/okamu/.cache/gomisat/corpus/sat-uf150-645/uf150-041.cnf,150,645,SAT,2629,83104,3224,15,0.018139
/Users/okamu/.cache/gomisat/corpus/sat-uf150-645/uf150-042.cnf,150,645,SAT,477,16146,627,4,0.003472
/Users/okamu/.cache/gomisat/corpus/sat-uf150-645/uf150-043.cnf,150,645,SAT,3201,102987,3925,15,0.022194
/Users/okamu/.cache/gomisat/corpus/sat-uf150-645/uf150-044.cnf,150,645,SAT,450,13749,584,4,0.002819
/Users/okamu/.cache/gomisat/corpus/sat-uf150-645/uf150-045.cnf,150,645,SAT,364,11718,482,3,0.002431
/Users/okamu/.cache/gomisat/corpus/sat-uf150-645/uf150-046.cnf,150,645,SAT,2234,72081,2801,14,0.015468
/Users/okamu/.cache/gomisat/corpus/sat-uf150-645/uf150-047.cnf,150,645,SAT,47,1441,80,1,0.000296
/Users/okamu/.cache/gomisat/corpus/sat-uf150-645/uf150-048.cnf,150,645,SAT,92,3598,143,1,0.000675
/Users/okamu/.cache/gomisat/corpus/sat-uf150-645/uf150-049.cnf,150,645,SAT,1718,53257,2201,12,0.011579
/Users/okamu/.cache/gomisat/corpus/sat-uf150-645/uf150-05.cnf,150,645,SAT,1996,64165,2458,13,0.013854
/Users/okamu/.cache/gomisat/corpus/sat-uf150-645/uf150-050.cnf,150,645,SAT,3983,131362,4823,21,0.028769
/Users/okamu/.cache/gomisat/corpus/sat-uf150-645/uf150-051.cnf,150,645,SAT,4360,145462,5259,22,0.031727
/Users/okamu/.cache/gomisat/corpus/sat-uf150-645/uf150-052.cnf,150,645,SAT,165,4747,234,2,0.000967
/Users/okamu/.cache/gomisat/corpus/sat-uf150-645/uf150-053.cnf,150,645,SAT,1306,40782,1635,9,0.009014
/Users/okamu/.cache/gomisat/corpus/sat-uf150-645/uf150-054.cnf,150,645,SAT,1013,31687,1231,7,0.006655
/Users/okamu/.cache/gomisat/corpus/sat-uf150-645/uf150-055.cnf,150,645,SAT,416,13043,552,4,0.002857
/Users/okamu/.cache/gomisat/corpus/sat-uf150-645/uf150-056.cnf,150,645,SAT,1145,35281,1426,7,0.007414
/Users/okamu/.cache/gomisat/corpus/sat-uf150-645/uf150-057.cnf,150,645,SAT,541,17453,682,5,0.003626
/Users/okamu/.cache/gomisat/corpus/sat-uf150-645/uf150-058.cnf,150,645,SAT,181,5481,267,2,0.001139
/Users/okamu/.cache/gomisat/corpus/sat-uf150-645/uf150-059.cnf,150,645,SAT,3270,101707,4024,16,0.022387
/Users/okamu/.cache/gomisat/corpus/sat-uf150-645/uf150-06.cnf,150,645,SAT,70,2424,113,1,0.000464
/Users/okamu/.cache/gomisat/corpus/sat-uf150-645/uf150-060.cnf,150,645,SAT,194,6401,282,2,0.001445
/Users/okamu/.cache/gomisat/corpus/sat-uf150-645/uf150-061.cnf,150,645,SAT,950,30062,1203,7,0.006288
/Users/okamu/.cache/gomisat/corpus/sat-uf150-645/uf150-062.cnf,150,645,SAT,2962,91158,3591,15,0.019690
/Users/okamu/.cache/gomisat/corpus/sat-uf150-645/uf150-063.cnf,150,645,SAT,4395,138667,5325,22,0.030823
/Users/okamu/.cache/gomisat/corpus/sat-uf150-645/uf150-064.cnf,150,645,SAT,2372,77294,2940,14,0.016864
/Users/okamu/.cache/gomisat/corpus/sat-uf150-645/uf150-065.cnf,150,645,SAT,1248,38933,1539,8,0.008204
/Users/okamu/.cache/gomisat/corpus/sat-uf150-645/uf150-066.cnf,150,645,SAT,1892,61176,2294,13,0.013188
/Users/okamu/.cache/gomisat/corpus/sat-uf150-645/uf150-067.cnf,150,645,SAT,819,26043,1046,7,0.005286
/Users/okamu/.cache/gomisat/corpus/sat-uf150-645/uf150-068.cnf,150,645,SAT,1181,38439,1460,7,0.008290
/Users/okamu/.cache/gomisat/corpus/sat-uf150-645/uf150-069.cnf,150,645,SAT,2381,77549,2881,14,0.016316
/Users/okamu/.cache/gomisat/corpus/sat-uf150-645/uf150-07.cnf,150,645,SAT,751,24133,945,6,0.004882
/Users/okamu/.cache/gomisat/corpus/sat-uf150-645/uf150-070.cnf,150,645,SAT,83,2431,133,1,0.000622
/Users/okamu/.cache/gomisat/corpus/sat-uf150-645/uf150-071.cnf,150,645,SAT,195,6657,259,2,0.001353
/Users/okamu/.cache/gomisat/corpus/sat-uf150-645/uf150-072.cnf,150,645,SAT,286,9793,378,3,0.001974
/Users/okamu/.cache/gomisat/corpus/sat-uf150-645/uf150-073.cnf,150,645,SAT,1878,60878,2317,13,0.013093
/Users/okamu/.cache/gomisat/corpus/sat-uf150-645/uf150-074.cnf,150,645,SAT,84,3188,143,1,0.000591
/Users/okamu/.cache/gomisat/corpus/sat-uf150-645/uf150-075.cnf,150,645,SAT,181,6010,240,2,0.001472
/Users/okamu/.cache/gomisat/corpus/sat-uf150-645/uf150-076.cnf,150,645,SAT,250,8129,320,3,0.001711
/Users/okamu/.cache/gomisat/corpus/sat-uf150-645/uf150-077.cnf,150,645,SAT,987,32113,1227,7,0.006843
/Users/okamu/.cache/gomisat/corpus/sat-uf150-645/uf150-078.cnf,150,645,SAT,906,28878,1177,7,0.006162
/Users/okamu/.cache/gomisat/corpus/sat-uf150-645/uf150-079.cnf,150,645,SAT,6254,207526,7560,30,0.045667
/Users/okamu/.cache/gomisat/corpus/sat-uf150-645/uf150-08.cnf,150,645,SAT,235,7958,341,3,0.001576
/Users/okamu/.cache/gomisat/corpus/sat-uf150-645/uf150-080.cnf,150,645,SAT,335,11347,449,3,0.002370
/Users/okamu/.cache/gomisat/corpus/sat-uf150-645/uf150-081.cnf,150,645,SAT,1463,47888,1803,10,0.010075
/Users/okamu/.cache/gomisat/corpus/sat-uf150-645/uf150-082.cnf,150,645,SAT,570,18553,727,5,0.003936
/Users/okamu/.cache/gomisat/corpus/sat-uf150-645/uf150-083.cnf,150,645,SAT,1233,38863,1587,8,0.008083
/Users/okamu/.cache/gomisat/corpus/sat-uf150-645/uf150-084.cnf,150,645,SAT,43,1517,80,1,0.000340
/Users/okamu/.cache/gomisat/corpus/sat-uf150-645/uf150-085.cnf,150,645,SAT,1439,45253,1785,10,0.009757
/Users/okamu/.cache/gomisat/corpus/sat-uf150-645/uf150-086.cnf,150,645,SAT,1958,63341,2462,13,0.013645
/Users/okamu/.cache/gomisat/corpus/sat-uf150-645/uf150-087.cnf,150,645,SAT,408,12963,575,4,0.002628
/Users/okamu/.cache/gomisat/corpus/sat-uf150-645/uf150-088.cnf,150,645,SAT,1627,50141,2013,11,0.011083
/Users/okamu/.cache/gomisat/corpus/sat-uf150-645/uf150-089.cnf,150,645,SAT,760,24533,997,6,0.005079
/Users/okamu/.cache/gomisat/corpus/sat-uf150-645/uf150-09.cnf,150,645,SAT,448,15136,566,4,0.003342
/Users/okamu/.cache/gomisat/corpus/sat-uf150-645/uf150-090.cnf,150,645,SAT,1651,52740,2073,11,0.011182
/Users/okamu/.cache/gomisat/corpus/sat-uf150-645/uf150-091.cnf,150,645,SAT,2288,74080,2856,14,0.015956
/Users/okamu/.cache/gomisat/corpus/sat-uf150-645/uf150-092.cnf,150,645,SAT,691,23199,885,6,0.004686
/Users/okamu/.cache/gomisat/corpus/sat-uf150-645/uf150-093.cnf,150,645,SAT,229,7416,338,3,0.001456
/Users/okamu/.cache/gomisat/corpus/sat-uf150-645/uf150-094.cnf,150,645,SAT,901,27572,1105,7,0.006065
/Users/okamu/.cache/gomisat/corpus/sat-uf150-645/uf150-095.cnf,150,645,SAT,803,24575,990,6,0.005146
/Users/okamu/.cache/gomisat/corpus/sat-uf150-645/uf150-096.cnf,150,645,SAT,667,20957,872,6,0.004553
/Users/okamu/.cache/gomisat/corpus/sat-uf150-645/uf150-097.cnf,150,645,SAT,1369,44575,1756,9,0.009411
/Users/okamu/.cache/gomisat/corpus/sat-uf150-645/uf150-098.cnf,150,645,SAT,1473,47511,1790,10,0.010133
/Users/okamu/.cache/gomisat/corpus/sat-uf150-645/uf150-099.cnf,150,645,SAT,3626,113815,4342,19,0.025610
/Users/okamu/.cache/gomisat/corpus/sat-uf200-860/uf200-01.cnf,200,860,SAT,16378,636519,19809,63,0.149180
/Users/okamu/.cache/gomisat/corpus/sat-uf200-860/uf200-010.cnf,200,860,SAT,26956,1024821,32673,94,0.250260
/Users/okamu/.cache/gomisat/corpus/sat-uf200-860/uf200-0100.cnf,200,860,SAT,33140,1278207,40110,124,0.318184
/Users/okamu/.cache/gomisat/corpus/sat-uf200-860/uf200-011.cnf,200,860,SAT,2865,107095,3540,15,0.024427
/Users/okamu/.cache/gomisat/corpus/sat-uf200-860/uf200-012.cnf,200,860,SAT,1348,51939,1728,9,0.011868
/Users/okamu/.cache/gomisat/corpus/sat-uf200-860/uf200-013.cnf,200,860,SAT,23251,900814,27813,84,0.218153
/Users/okamu/.cache/gomisat/corpus/sat-uf200-860/uf200-014.cnf,200,860,SAT,8942,332669,11001,38,0.078452
/Users/okamu/.cache/gomisat/corpus/sat-uf200-860/uf200-015.cnf,200,860,SAT,7820,299915,9606,31,0.069226
/Users/okamu/.cache/gomisat/corpus/sat-uf200-860/uf200-016.cnf,200,860,SAT,9805,382061,11800,43,0.086910
/Users/okamu/.cache/gomisat/corpus/sat-uf200-860/uf200-017.cnf,200,860,SAT,27269,1051801,32974,94,0.253159
/Users/okamu/.cache/gomisat/corpus/sat-uf200-860/uf200-018.cnf,200,860,SAT,15494,609358,18910,62,0.144350
/Users/okamu/.cache/gomisat/corpus/sat-uf200-860/uf200-019.cnf,200,860,SAT,7768,295926,9578,31,0.069563
/Users/okamu/.cache/gomisat/corpus/sat-uf200-860/uf200-02.cnf,200,860,SAT,17161,660012,20761,63,0.156608
/Users/okamu/.cache/gomisat/corpus/sat-uf200-860/uf200-020.cnf,200,860,SAT,20478,776023,24591,71,0.188987
/Users/okamu/.cache/gomisat/corpus/sat-uf200-860/uf200-021.cnf,200,860,SAT,37658,1465354,45964,126,0.369036
/Users/okamu/.cache/gomisat/corpus/sat-uf200-860/uf200-022.cnf,200,860,SAT,8973,343653,11096,38,0.080450
/Users/okamu/.cache/gomisat/corpus/sat-uf200-860/uf200-023.cnf,200,860,SAT,2161,84513,2854,14,0.018662
/Users/okamu/.cache/gomisat/corpus/sat-uf200-860/uf200-024.cnf,200,860,SAT,6209,242601,7769,30,0.055342
/Users/okamu/.cache/gomisat/corpus/sat-uf200-860/uf200-025.cnf,200,860,SAT,5258,199080,6551,29,0.044923
/Users/okamu/.cache/gomisat/corpus/sat-uf200-860/uf200-026.cnf,200,860,SAT,2903,116847,3688,15,0.025530
/Users/okamu/.cache/gomisat/corpus/sat-uf200-860/uf200-027.cnf,200,860,SAT,37204,1472873,44846,126,0.367566
/Users/okamu/.cache/gomisat/corpus/sat-uf200-860/uf200-028.cnf,200,860,SAT,10009,392194,12488,44,0.091284
/Users/okamu/.cache/gomisat/corpus/sat-uf200-860/uf200-029.cnf,200,860,SAT,19026,724621,22898,63,0.172176
/Users/okamu/.cache/gomisat/corpus/sat-uf200-860/uf200-03.cnf,200,860,SAT,720,28486,977,6,0.005967
/Users/okamu/.cache/gomisat/corpus/sat-uf200-860/uf200-030.cnf,200,860,SAT,18701,723249,22434,63,0.171340
/Users/okamu/.cache/gomisat/corpus/sat-uf200-860/uf200-031.cnf,200,860,SAT,4004,154885,5111,21,0.034524
/Users/okamu/.cache/gomisat/corpus/sat-uf200-860/uf200-032.cnf,200,860,SAT,9250,364639,11205,39,0.082851
/Users/okamu/.cache/gomisat/corpus/sat-uf200-860/uf200-033.cnf,200,860,SAT,29435,1137060,36344,108,0.296012
/Users/okamu/.cache/gomisat/corpus/sat-uf200-860/uf200-034.cnf,200,860,SAT,17937,716492,21736,63,0.180325
/Users/okamu/.cache/gomisat/corpus/sat-uf200-860/uf200-035.cnf,200,860,SAT,17522,670843,20985,63,0.167154
/Users/okamu/.cache/gomisat/corpus/sat-uf200-860/uf200-036.cnf,200,860,SAT,18230,700935,21661,63,0.174900
/Users/okamu/.cache/gomisat/corpus/sat-uf200-860/uf200-037.cnf,200,860,SAT,5421,208026,6631,29,0.049338
/Users/okamu/.cache/gomisat/corpus/sat-uf200-860/uf200-038.cnf,200,860,SAT,10255,383474,12271,45,0.089102
/Users/okamu/.cache/gomisat/corpus/sat-uf200-860/uf200-039.cnf,200,860,SAT,35282,1344848,42538,126,0.332087
/Users/okamu/.cache/gomisat/corpus/sat-uf200-860/uf200-04.cnf,200,860,SAT,32016,1215586,38520,119,0.301950
/Users/okamu/.cache/gomisat/corpus/sat-uf200-860/uf200-040.cnf,200,860,SAT,19238,731382,22998,63,0.175022
/Users/okamu/.cache/gomisat/corpus/sat-uf200-860/uf200-041.cnf,200,860,SAT,1576,60706,2013,10,0.013357
/Users/okamu/.cache/gomisat/corpus/sat-uf200-860/uf200-042.cnf,200,860,SAT,9259,363120,11599,39,0.084062
/Users/okamu/.cache/gomisat/corpus/sat-uf200-860/uf200-043.cnf,200,860,SAT,14681,553574,17967,62,0.129922
/Users/okamu/.cache/gomisat/corpus/sat-uf200-860/uf200-044.cnf,200,860,SAT,7771,294335,9459,31,0.068140
/Users/okamu/.cache/gomisat/corpus/sat-uf200-860/uf200-045.cnf,200,860,SAT,6518,256068,7915,31,0.060003
/Users/okamu/.cache/gomisat/corpus/sat-uf200-860/uf200-046.cnf,200,860,SAT,1812,72218,2394,12,0.016119
/Users/okamu/.cache/gomisat/corpus/sat-uf200-860/uf200-047.cnf,200,860,SAT,7717,302297,9600,31,0.069302
/Users/okamu/.cache/gomisat/corpus/sat-uf200-860/uf200-048.cnf,200,860,SAT,16694,642535,19875,63,0.151821
/Users/okamu/.cache/gomisat/corpus/sat-uf200-860/uf200-049.cnf,200,860,SAT,41749,1614867,50462,127,0.400923
/Users/okamu/.cache/gomisat/corpus/sat-uf200-860/uf200-05.cnf,200,860,SAT,1947,75681,2497,13,0.016830
/Users/okamu/.cache/gomisat/corpus/sat-uf200-860/uf200-050.cnf,200,860,SAT,11166,435452,13583,46,0.100903
/Users/okamu/.cache/gomisat/corpus/sat-uf200-860/uf200-051.cnf,200,860,SAT,185,7176,272,2,0.001665
/Users/okamu/.cache/gomisat/corpus/sat-uf200-860/uf200-052.cnf,200,860,SAT,41342,1632386,49956,127,0.400235
/Users/okamu/.cache/gomisat/corpus/sat-uf200-860/uf200-053.cnf,200,860,SAT,2728,112716,3402,15,0.024607
/Users/okamu/.cache/gomisat/corpus/sat-uf200-860/uf200-054.cnf,200,860,SAT,6197,246389,7866,30,0.056085
/Users/okamu/.cache/gomisat/corpus/sat-uf200-860/uf200-055.cnf,200,860,SAT,7625,290346,9414,31,0.065797
/Users/okamu/.cache/gomisat/corpus/sat-uf200-860/uf200-056.cnf,200,860,SAT,2371,94063,3053,14,0.020873
/Users/okamu/.cache/gomisat/corpus/sat-uf200-860/uf200-057.cnf,200,860,SAT,13705,533007,16744,61,0.125257
/Users/okamu/.cache/gomisat/corpus/sat-uf200-860/uf200-058.cnf,200,860,SAT,19731,763555,23907,67,0.179415
/Users/okamu/.cache/gomisat/corpus/sat-uf200-860/uf200-059.cnf,200,860,SAT,28741,1090506,34621,104,0.270466
/Users/okamu/.cache/gomisat/corpus/sat-uf200-860/uf200-06.cnf,200,860,SAT,21923,874870,26466,78,0.209549
/Users/okamu/.cache/gomisat/corpus/sat-uf200-860/uf200-060.cnf,200,860,SAT,28267,1052775,34364,101,0.255683
/Users/okamu/.cache/gomisat/corpus/sat-uf200-860/uf200-061.cnf,200,860,SAT,4203,162987,5245,22,0.037198
/Users/okamu/.cache/gomisat/corpus/sat-uf200-860/uf200-062.cnf,200,860,SAT,6571,245247,8018,31,0.056677
/Users/okamu/.cache/gomisat/corpus/sat-uf200-860/uf200-063.cnf,200,860,SAT,27529,1071664,33447,97,0.264812
/Users/okamu/.cache/gomisat/corpus/sat-uf200-860/uf200-064.cnf,200,860,SAT,3862,145878,4860,21,0.032221
/Users/okamu/.cache/gomisat/corpus/sat-uf200-860/uf200-065.cnf,200,860,SAT,11076,407532,13336,46,0.095242
/Users/okamu/.cache/gomisat/corpus/sat-uf200-860/uf200-066.cnf,200,860,SAT,10736,415896,13002,46,0.095380
/Users/okamu/.cache/gomisat/corpus/sat-uf200-860/uf200-067.cnf,200,860,SAT,1350,52613,1728,9,0.011165
/Users/okamu/.cache/gomisat/corpus/sat-uf200-860/uf200-068.cnf,200,860,SAT,10321,400123,12761,45,0.092359
/Users/okamu/.cache/gomisat/corpus/sat-uf200-860/uf200-069.cnf,200,860,SAT,1430,56626,1859,10,0.012567
/Users/okamu/.cache/gomisat/corpus/sat-uf200-860/uf200-07.cnf,200,860,SAT,2812,107106,3489,15,0.024008
/Users/okamu/.cache/gomisat/corpus/sat-uf200-860/uf200-070.cnf,200,860,SAT,14966,578868,18257,62,0.134630
/Users/okamu/.cache/gomisat/corpus/sat-uf200-860/uf200-071.cnf,200,860,SAT,8820,345565,10836,38,0.078853
/Users/okamu/.cache/gomisat/corpus/sat-uf200-860/uf200-072.cnf,200,860,SAT,20917,792627,25391,74,0.193542
/Users/okamu/.cache/gomisat/corpus/sat-uf200-860/uf200-073.cnf,200,860,SAT,1145,43316,1521,7,0.009710
/Users/okamu/.cache/gomisat/corpus/sat-uf200-860/uf200-074.cnf,200,860,SAT,18291,711249,22135,63,0.170267
/Users/okamu/.cache/gomisat/corpus/sat-uf200-860/uf200-075.cnf,200,860,SAT,2621,101529,3349,15,0.022624
/Users/okamu/.cache/gomisat/corpus/sat-uf200-860/uf200-076.cnf,200,860,SAT,2333,94117,3002,14,0.021137
/Users/okamu/.cache/gomisat/corpus/sat-uf200-860/uf200-077.cnf,200,860,SAT,6971,273955,8604,31,0.062658
/Users/okamu/.cache/gomisat/corpus/sat-uf200-860/uf200-078.cnf,200,860,SAT,3710,139810,4585,19,0.031452
/Users/okamu/.cache/gomisat/corpus/sat-uf200-860/uf200-079.cnf,200,860,SAT,4861,181776,6030,26,0.041984
/Users/okamu/.cache/gomisat/corpus/sat-uf200-860/uf200-08.cnf,200,860,SAT,558,21521,789,5,0.004919
/Users/okamu/.cache/gomisat/corpus/sat-uf200-860/uf200-080.cnf,200,860,SAT,523,20710,745,5,0.004195
/Users/okamu/.cache/gomisat/corpus/sat-uf200-860/uf200-081.cnf,200,860,SAT,5078,196503,6338,28,0.044468
/Users/okamu/.cache/gomisat/corpus/sat-uf200-860/uf200-082.cnf,200,860,SAT,9712,379989,11794,42,0.088213
/Users/okamu/.cache/gomisat/corpus/sat-uf200-860/uf200-083.cnf,200,860,SAT,16567,663791,20160,63,0.156927
/Users/okamu/.cache/gomisat/corpus/sat-uf200-860/uf200-084.cnf,200,860,SAT,2283,87916,2950,14,0.019907
/Users/okamu/.cache/gomisat/corpus/sat-uf200-860/uf200-085.cnf,200,860,SAT,348,13535,485,3,0.002915
/Users/okamu/.cache/gomisat/corpus/sat-uf200-860/uf200-086.cnf,200,860,SAT,9285,365959,11506,39,0.084997
/Users/okamu/.cache/gomisat/corpus/sat-uf200-860/uf200-087.cnf,200,860,SAT,42941,1693437,51279,127,0.414573
/Users/okamu/.cache/gomisat/corpus/sat-uf200-860/uf200-088.cnf,200,860,SAT,3154,127723,3852,15,0.028813
/Users/okamu/.cache/gomisat/corpus/sat-uf200-860/uf200-089.cnf,200,860,SAT,4316,167164,5387,22,0.037143
/Users/okamu/.cache/gomisat/corpus/sat-uf200-860/uf200-09.cnf,200,860,SAT,4943,189230,6171,27,0.042901
/Users/okamu/.cache/gomisat/corpus/sat-uf200-860/uf200-090.cnf,200,860,SAT,9196,346779,11099,38,0.079967
/Users/okamu/.cache/gomisat/corpus/sat-uf200-860/uf200-091.cnf,200,860,SAT,2762,103594,3420,15,0.023888
/Users/okamu/.cache/gomisat/corpus/sat-uf200-860/uf200-092.cnf,200,860,SAT,6077,233186,7418,30,0.053002
/Users/okamu/.cache/gomisat/corpus/sat-uf200-860/uf200-093.cnf,200,860,SAT,1394,51642,1807,9,0.011279
/Users/okamu/.cache/gomisat/corpus/sat-uf200-860/uf200-094.cnf,200,860,SAT,7951,308390,9608,31,0.070643
/Users/okamu/.cache/gomisat/corpus/sat-uf200-860/uf200-095.cnf,200,860,SAT,12790,495435,15792,56,0.116927
/Users/okamu/.cache/gomisat/corpus/sat-uf200-860/uf200-096.cnf,200,860,SAT,6212,246068,7571,30,0.055700
/Users/okamu/.cache/gomisat/corpus/sat-uf200-860/uf200-097.cnf,200,860,SAT,13723,526505,16581,61,0.122240
/Users/okamu/.cache/gomisat/corpus/sat-uf200-860/uf200-098.cnf,200,860,SAT,2573,99899,3220,15,0.022178
/Users/okamu/.cache/gomisat/corpus/sat-uf200-860/uf200-099.cnf,200,860,SAT,35466,1364643,42668,126,0.332722
/Users/okamu/.cache/gomisat/corpus/sat-uf225-960/uf225-01.cnf,225,960,SAT,21455,945914,26490,77,0.226687
/Users/okamu/.cache/gomisat/corpus/sat-uf225-960/uf225-010.cnf,225,960,SAT,11208,468995,13949,46,0.111749
/Users/okamu/.cache/gomisat/corpus/sat-uf225-960/uf225-0100.cnf,225,960,SAT,83059,3476869,101033,253,0.916230
/Users/okamu/.cache/gomisat/corpus/sat-uf225-960/uf225-011.cnf,225,960,SAT,10891,450747,13351,46,0.108713
/Users/okamu/.cache/gomisat/corpus/sat-uf225-960/uf225-012.cnf,225,960,SAT,32827,1365926,39883,123,0.343180
/Users/okamu/.cache/gomisat/corpus/sat-uf225-960/uf225-013.cnf,225,960,SAT,10933,460903,13487,46,0.107507
/Users/okamu/.cache/gomisat/corpus/sat-uf225-960/uf225-014.cnf,225,960,SAT,19159,798519,23230,63,0.190041
/Users/okamu/.cache/gomisat/corpus/sat-uf225-960/uf225-015.cnf,225,960,SAT,26147,1108980,31719,94,0.270997
/Users/okamu/.cache/gomisat/corpus/sat-uf225-960/uf225-016.cnf,225,960,SAT,10308,441039,12705,45,0.102409
/Users/okamu/.cache/gomisat/corpus/sat-uf225-960/uf225-017.cnf,225,960,SAT,77381,3229024,94174,249,0.851204
/Users/okamu/.cache/gomisat/corpus/sat-uf225-960/uf225-018.cnf,225,960,SAT,186,7749,318,2,0.001619
/Users/okamu/.cache/gomisat/corpus/sat-uf225-960/uf225-019.cnf,225,960,SAT,110627,4556224,132801,286,1.235552
/Users/okamu/.cache/gomisat/corpus/sat-uf225-960/uf225-02.cnf,225,960,SAT,1798,76956,2394,12,0.017317
/Users/okamu/.cache/gomisat/corpus/sat-uf225-960/uf225-020.cnf,225,960,SAT,10556,443155,13599,46,0.104570
/Users/okamu/.cache/gomisat/corpus/sat-uf225-960/uf225-021.cnf,225,960,SAT,23916,1031176,29559,88,0.254067
/Users/okamu/.cache/gomisat/corpus/sat-uf225-960/uf225-022.cnf,225,960,SAT,85849,3529923,102616,254,0.927005
/Users/okamu/.cache/gomisat/corpus/sat-uf225-960/uf225-023.cnf,225,960,SAT,11695,480403,14520,50,0.113814
/Users/okamu/.cache/gomisat/corpus/sat-uf225-960/uf225-024.cnf,225,960,SAT,12435,528454,15392,53,0.123184
/Users/okamu/.cache/gomisat/corpus/sat-uf225-960/uf225-025.cnf,225,960,SAT,31678,1348414,38975,116,0.328463
/Users/okamu/.cache/gomisat/corpus/sat-uf225-960/uf225-026.cnf,225,960,SAT,2890,115727,3628,15,0.026664
/Users/okamu/.cache/gomisat/corpus/sat-uf225-960/uf225-027.cnf,225,960,SAT,47309,1986768,56717,142,0.488679
/Users/okamu/.cache/gomisat/corpus/sat-uf225-960/uf225-028.cnf,225,960,SAT,37254,1573774,45670,126,0.392561
/Users/okamu/.cache/gomisat/corpus/sat-uf225-960/uf225-029.cnf,225,960,SAT,1744,74627,2309,12,0.016828
/Users/okamu/.cache/gomisat/corpus/sat-uf225-960/uf225-03.cnf,225,960,SAT,79780,3376242,96864,252,0.895709
/Users/okamu/.cache/gomisat/corpus/sat-uf225-960/uf225-030.cnf,225,960,SAT,430,19577,591,4,0.004086
/Users/okamu/.cache/gomisat/corpus/sat-uf225-960/uf225-031.cnf,225,960,SAT,6672,286712,8235,31,0.068209
/Users/okamu/.cache/gomisat/corpus/sat-uf225-960/uf225-032.cnf,225,960,SAT,29760,1252905,36685,109,0.319569
/Users/okamu/.cache/gomisat/corpus/sat-uf225-960/uf225-033.cnf,225,960,SAT,968,41392,1320,7,0.011140
/Users/okamu/.cache/gomisat/corpus/sat-uf225-960/uf225-034.cnf,225,960,SAT,37823,1588724,45816,126,0.391400
/Users/okamu/.cache/gomisat/corpus/sat-uf225-960/uf225-035.cnf,225,960,SAT,27391,1142316,33736,96,0.281617
/Users/okamu/.cache/gomisat/corpus/sat-uf225-960/uf225-036.cnf,225,960,SAT,4074,170198,5230,22,0.039096
/Users/okamu/.cache/gomisat/corpus/sat-uf225-960/uf225-037.cnf,225,960,SAT,8018,333515,9854,31,0.076153
/Users/okamu/.cache/gomisat/corpus/sat-uf225-960/uf225-038.cnf,225,960,SAT,35251,1484418,42505,125,0.367479
/Users/okamu/.cache/gomisat/corpus/sat-uf225-960/uf225-039.cnf,225,960,SAT,43402,1809428,52094,127,0.452065
/Users/okamu/.cache/gomisat/corpus/sat-uf225-960/uf225-04.cnf,225,960,SAT,10366,431934,12891,45,0.101304
/Users/okamu/.cache/gomisat/corpus/sat-uf225-960/uf225-040.cnf,225,960,SAT,3828,162582,4884,21,0.036404
/Users/okamu/.cache/gomisat/corpus/sat-uf225-960/uf225-041.cnf,225,960,SAT,33269,1426711,40899,124,0.354771
/Users/okamu/.cache/gomisat/corpus/sat-uf225-960/uf225-042.cnf,225,960,SAT,21203,880002,25651,76,0.218283
/Users/okamu/.cache/gomisat/corpus/sat-uf225-960/uf225-043.cnf,225,960,SAT,12499,525779,15675,54,0.125784
/Users/okamu/.cache/gomisat/corpus/sat-uf225-960/uf225-044.cnf,225,960,SAT,7865,330893,9771,31,0.076991
/Users/okamu/.cache/gomisat/corpus/sat-uf225-960/uf225-045.cnf,225,960,SAT,14114,587220,17258,61,0.139960
/Users/okamu/.cache/gomisat/corpus/sat-uf225-960/uf225-046.cnf,225,960,SAT,78414,3304078,96338,251,0.868126
/Users/okamu/.cache/gomisat/corpus/sat-uf225-960/uf225-047.cnf,225,960,SAT,98939,4082541,119620,255,1.099047
/Users/okamu/.cache/gomisat/corpus/sat-uf225-960/uf225-048.cnf,225,960,SAT,96466,4166432,118448,255,1.102219
/Users/okamu/.cache/gomisat/corpus/sat-uf225-960/uf225-049.cnf,225,960,SAT,44401,1858188,53521,127,0.472559
/Users/okamu/.cache/gomisat/corpus/sat-uf225-960/uf225-05.cnf,225,960,SAT,5715,249634,7299,30,0.056630
/Users/okamu/.cache/gomisat/corpus/sat-uf225-960/uf225-050.cnf,225,960,SAT,23881,983552,29218,88,0.240614
/Users/okamu/.cache/gomisat/corpus/sat-uf225-960/uf225-051.cnf,225,960,SAT,5777,243861,7294,30,0.056012
/Users/okamu/.cache/gomisat/corpus/sat-uf225-960/uf225-052.cnf,225,960,SAT,5819,245294,7384,30,0.056231
/Users/okamu/.cache/gomisat/corpus/sat-uf225-960/uf225-053.cnf,225,960,SAT,63749,2649462,77651,190,0.693485
/Users/okamu/.cache/gomisat/corpus/sat-uf225-960/uf225-054.cnf,225,960,SAT,67332,2889297,81993,205,0.736468
/Users/okamu/.cache/gomisat/corpus/sat-uf225-960/uf225-055.cnf,225,960,SAT,22231,931684,27142,78,0.230239
/Users/okamu/.cache/gomisat/corpus/sat-uf225-960/uf225-056.cnf,225,960,SAT,7839,329409,9773,31,0.075570
/Users/okamu/.cache/gomisat/corpus/sat-uf225-960/uf225-057.cnf,225,960,SAT,25483,1055037,31490,93,0.260624
/Users/okamu/.cache/gomisat/corpus/sat-uf225-960/uf225-058.cnf,225,960,SAT,13411,566747,16300,60,0.133871
/Users/okamu/.cache/gomisat/corpus/sat-uf225-960/uf225-059.cnf,225,960,SAT,79341,3310113,96422,252,0.870563
/Users/okamu/.cache/gomisat/corpus/sat-uf225-960/uf225-06.cnf,225,960,SAT,235537,9769237,283217,536,2.719614
/Users/okamu/.cache/gomisat/corpus/sat-uf225-960/uf225-060.cnf,225,960,SAT,33352,1416292,41210,124,0.353716
/Users/okamu/.cache/gomisat/corpus/sat-uf225-960/uf225-061.cnf,225,960,SAT,39774,1668145,48092,127,0.423894
/Users/okamu/.cache/gomisat/corpus/sat-uf225-960/uf225-062.cnf,225,960,SAT,2438,99914,3116,15,0.022495
/Users/okamu/.cache/gomisat/corpus/sat-uf225-960/uf225-063.cnf,225,960,SAT,36151,1560013,43764,126,0.382414
/Users/okamu/.cache/gomisat/corpus/sat-uf225-960/uf225-064.cnf,225,960,SAT,10877,446164,13442,46,0.105323
/Users/okamu/.cache/gomisat/corpus/sat-uf225-960/uf225-065.cnf,225,960,SAT,97556,4063836,117632,255,1.086318
/Users/okamu/.cache/gomisat/corpus/sat-uf225-960/uf225-066.cnf,225,960,SAT,37369,1593833,45766,126,0.397831
/Users/okamu/.cache/gomisat/corpus/sat-uf225-960/uf225-067.cnf,225,960,SAT,11966,508829,14830,52,0.117894
/Users/okamu/.cache/gomisat/corpus/sat-uf225-960/uf225-068.cnf,225,960,SAT,78767,3328644,96741,252,0.879285
/Users/okamu/.cache/gomisat/corpus/sat-uf225-960/uf225-069.cnf,225,960,SAT,39375,1654258,47463,127,0.412867
/Users/okamu/.cache/gomisat/corpus/sat-uf225-960/uf225-07.cnf,225,960,SAT,25391,1032273,30706,93,0.255238
/Users/okamu/.cache/gomisat/corpus/sat-uf225-960/uf225-070.cnf,225,960,SAT,28620,1185195,35485,103,0.300749
/Users/okamu/.cache/gomisat/corpus/sat-uf225-960/uf225-071.cnf,225,960,SAT,5737,246719,7372,30,0.057441
/Users/okamu/.cache/gomisat/corpus/sat-uf225-960/uf225-072.cnf,225,960,SAT,7748,327135,9645,31,0.075414
/Users/okamu/.cache/gomisat/corpus/sat-uf225-960/uf225-073.cnf,225,960,SAT,63231,2643955,76913,190,0.685509
/Users/okamu/.cache/gomisat/corpus/sat-uf225-960/uf225-074.cnf,225,960,SAT,7587,319840,9485,31,0.073957
/Users/okamu/.cache/gomisat/corpus/sat-uf225-960/uf225-075.cnf,225,960,SAT,63951,2730128,77339,190,0.694508
/Users/okamu/.cache/gomisat/corpus/sat-uf225-960/uf225-076.cnf,225,960,SAT,220447,9164859,265935,511,2.602079
/Users/okamu/.cache/gomisat/corpus/sat-uf225-960/uf225-077.cnf,225,960,SAT,15642,647429,19183,62,0.154999
/Users/okamu/.cache/gomisat/corpus/sat-uf225-960/uf225-078.cnf,225,960,SAT,38210,1609007,46709,126,0.408041
/Users/okamu/.cache/gomisat/corpus/sat-uf225-960/uf225-079.cnf,225,960,SAT,11706,495253,14507,50,0.115940
/Users/okamu/.cache/gomisat/corpus/sat-uf225-960/uf225-08.cnf,225,960,SAT,179341,7545454,216210,500,2.061414
/Users/okamu/.cache/gomisat/corpus/sat-uf225-960/uf225-080.cnf,225,960,SAT,2718,119074,3429,15,0.026868
/Users/okamu/.cache/gomisat/corpus/sat-uf225-960/uf225-081.cnf,225,960,SAT,13980,582858,16897,61,0.136723
/Users/okamu/.cache/gomisat/corpus/sat-uf225-960/uf225-082.cnf,225,960,SAT,922,39281,1210,7,0.008320
/Users/okamu/.cache/gomisat/corpus/sat-uf225-960/uf225-083.cnf,225,960,SAT,10481,450464,13108,46,0.102790
/Users/okamu/.cache/gomisat/corpus/sat-uf225-960/uf225-084.cnf,225,960,SAT,197182,8458077,237368,510,2.312318
/Users/okamu/.cache/gomisat/corpus/sat-uf225-960/uf225-085.cnf,225,960,SAT,93143,3802144,112476,255,0.992414
/Users/okamu/.cache/gomisat/corpus/sat-uf225-960/uf225-086.cnf,225,960,SAT,6999,298206,8794,31,0.067458
/Users/okamu/.cache/gomisat/corpus/sat-uf225-960/uf225-087.cnf,225,960,SAT,1269,55792,1639,8,0.012294
/Users/okamu/.cache/gomisat/corpus/sat-uf225-960/uf225-088.cnf,225,960,SAT,22790,944692,27921,81,0.236912
/Users/okamu/.cache/gomisat/corpus/sat-uf225-960/uf225-089.cnf,225,960,SAT,3444,145428,4277,18,0.033022
/Users/okamu/.cache/gomisat/corpus/sat-uf225-960/uf225-09.cnf,225,960,SAT,16833,708268,20635,63,0.169525
/Users/okamu/.cache/gomisat/corpus/sat-uf225-960/uf225-090.cnf,225,960,SAT,70351,2988048,84121,220,0.761944
/Users/okamu/.cache/gomisat/corpus/sat-uf225-960/uf225-091.cnf,225,960,SAT,51609,2126476,62219,158,0.542531
/Users/okamu/.cache/gomisat/corpus/sat-uf225-960/uf225-092.cnf,225,960,SAT,6637,285246,8265,31,0.066356
/Users/okamu/.cache/gomisat/corpus/sat-uf225-960/uf225-093.cnf,225,960,SAT,22096,924751,26904,78,0.224557
/Users/okamu/.cache/gomisat/corpus/sat-uf225-960/uf225-094.cnf,225,960,SAT,70080,2950097,85269,220,0.770677
/Users/okamu/.cache/gomisat/corpus/sat-uf225-960/uf225-095.cnf,225,960,SAT,19369,797461,23848,65,0.196190
/Users/okamu/.cache/gomisat/corpus/sat-uf225-960/uf225-096.cnf,225,960,SAT,73358,3111952,88789,228,0.814101
/Users/okamu/.cache/gomisat/corpus/sat-uf225-960/uf225-097.cnf,225,960,SAT,40845,1666329,49272,127,0.421067
/Users/okamu/.cache/gomisat/corpus/sat-uf225-960/uf225-098.cnf,225,960,SAT,26603,1118860,32429,94,0.268543
/Users/okamu/.cache/gomisat/corpus/sat-uf225-960/uf225-099.cnf,225,960,SAT,359,15336,503,3,0.003105
/Users/okamu/.cache/gomisat/corpus/sat-uf250-1065/uf250-01.cnf,250,1065,SAT,28938,1342860,36052,105,0.332203
/Users/okamu/.cache/gomisat/corpus/sat-uf250-1065/uf250-010.cnf,250,1065,SAT,55045,2507681,67720,172,0.645922
/Users/okamu/.cache/gomisat/corpus/sat-uf250-1065/uf250-0100.cnf,250,1065,SAT,105244,4852737,127762,270,1.301180
/Users/okamu/.cache/gomisat/corpus/sat-uf250-1065/uf250-011.cnf,250,1065,SAT,551078,24848445,668853,1149,7.324174
/Users/okamu/.cache/gomisat/corpus/sat-uf250-1065/uf250-012.cnf,250,1065,SAT,17376,785780,21479,63,0.192847
/Users/okamu/.cache/gomisat/corpus/sat-uf250-1065/uf250-013.cnf,250,1065,SAT,203982,9091588,247174,510,2.510301
/Users/okamu/.cache/gomisat/corpus/sat-uf250-1065/uf250-014.cnf,250,1065,SAT,28601,1310001,35441,103,0.333341
/Users/okamu/.cache/gomisat/corpus/sat-uf250-1065/uf250-015.cnf,250,1065,SAT,24417,1123046,30198,91,0.275516
/Users/okamu/.cache/gomisat/corpus/sat-uf250-1065/uf250-016.cnf,250,1065,SAT,10202,460783,12709,45,0.110410
/Users/okamu/.cache/gomisat/corpus/sat-uf250-1065/uf250-017.cnf,250,1065,SAT,55700,2433993,67647,173,0.630047
/Users/okamu/.cache/gomisat/corpus/sat-uf250-1065/uf250-018.cnf,250,1065,SAT,109136,4967132,132393,286,1.298716
/Users/okamu/.cache/gomisat/corpus/sat-uf250-1065/uf250-019.cnf,250,1065,SAT,16203,737135,20211,63,0.176905
/Users/okamu/.cache/gomisat/corpus/sat-uf250-1065/uf250-02.cnf,250,1065,SAT,397269,17475305,480471,956,5.105166
/Users/okamu/.cache/gomisat/corpus/sat-uf250-1065/uf250-020.cnf,250,1065,SAT,174106,7674602,211812,476,2.113594
/Users/okamu/.cache/gomisat/corpus/sat-uf250-1065/uf250-021.cnf,250,1065,SAT,394,18737,611,3,0.003746
/Users/okamu/.cache/gomisat/corpus/sat-uf250-1065/uf250-022.cnf,250,1065,SAT,96975,4311604,118053,255,1.143711
/Users/okamu/.cache/gomisat/corpus/sat-uf250-1065/uf250-023.cnf,250,1065,SAT,125936,5660827,152860,340,1.527639
/Users/okamu/.cache/gomisat/corpus/sat-uf250-1065/uf250-024.cnf,250,1065,SAT,209271,9287437,254575,511,2.616818
/Users/okamu/.cache/gomisat/corpus/sat-uf250-1065/uf250-025.cnf,250,1065,SAT,128853,5799409,156876,349,1.580221
/Users/okamu/.cache/gomisat/corpus/sat-uf250-1065/uf250-026.cnf,250,1065,SAT,466462,20721752,562030,1023,6.009258
/Users/okamu/.cache/gomisat/corpus/sat-uf250-1065/uf250-027.cnf,250,1065,SAT,73357,3260517,89894,228,0.865260
/Users/okamu/.cache/gomisat/corpus/sat-uf250-1065/uf250-028.cnf,250,1065,SAT,218000,9979608,263683,511,2.735262
/Users/okamu/.cache/gomisat/corpus/sat-uf250-1065/uf250-029.cnf,250,1065,SAT,331090,14707714,403949,766,4.251337
/Users/okamu/.cache/gomisat/corpus/sat-uf250-1065/uf250-03.cnf,250,1065,SAT,40765,1811743,49936,127,0.461340
/Users/okamu/.cache/gomisat/corpus/sat-uf250-1065/uf250-030.cnf,250,1065,SAT,2732,126210,3546,15,0.029091
/Users/okamu/.cache/gomisat/corpus/sat-uf250-1065/uf250-031.cnf,250,1065,SAT,5752,255574,7284,30,0.059804
/Users/okamu/.cache/gomisat/corpus/sat-uf250-1065/uf250-032.cnf,250,1065,SAT,304324,13596301,370906,741,3.877817
/Users/okamu/.cache/gomisat/corpus/sat-uf250-1065/uf250-033.cnf,250,1065,SAT,56861,2614163,70145,179,0.679612
/Users/okamu/.cache/gomisat/corpus/sat-uf250-1065/uf250-034.cnf,250,1065,SAT,302946,13493081,366498,732,3.845471
/Users/okamu/.cache/gomisat/corpus/sat-uf250-1065/uf250-035.cnf,250,1065,SAT,13224,587312,16655,59,0.143685
/Users/okamu/.cache/gomisat/corpus/sat-uf250-1065/uf250-036.cnf,250,1065,SAT,469945,20783611,565529,1023,5.999273
/Users/okamu/.cache/gomisat/corpus/sat-uf250-1065/uf250-037.cnf,250,1065,SAT,1608,74467,2160,10,0.016240
/Users/okamu/.cache/gomisat/corpus/sat-uf250-1065/uf250-038.cnf,250,1065,SAT,220236,9864200,267228,511,2.774751
/Users/okamu/.cache/gomisat/corpus/sat-uf250-1065/uf250-039.cnf,250,1065,SAT,56313,2560711,68932,175,0.669484
/Users/okamu/.cache/gomisat/corpus/sat-uf250-1065/uf250-04.cnf,250,1065,SAT,2717,119103,3537,15,0.027811
/Users/okamu/.cache/gomisat/corpus/sat-uf250-1065/uf250-040.cnf,250,1065,SAT,89245,3995623,108886,254,1.051507
/Users/okamu/.cache/gomisat/corpus/sat-uf250-1065/uf250-041.cnf,250,1065,SAT,102601,4536741,123432,255,1.212045
/Users/okamu/.cache/gomisat/corpus/sat-uf250-1065/uf250-042.cnf,250,1065,SAT,55186,2453887,68136,172,0.639209
/Users/okamu/.cache/gomisat/corpus/sat-uf250-1065/uf250-043.cnf,250,1065,SAT,211093,9410617,254168,511,2.618974
/Users/okamu/.cache/gomisat/corpus/sat-uf250-1065/uf250-044.cnf,250,1065,SAT,31481,1465949,39055,116,0.368292
/Users/okamu/.cache/gomisat/corpus/sat-uf250-1065/uf250-045.cnf,250,1065,SAT,92060,4138447,111758,255,1.097371
/Users/okamu/.cache/gomisat/corpus/sat-uf250-1065/uf250-046.cnf,250,1065,SAT,72102,3328676,87756,221,0.875884
/Users/okamu/.cache/gomisat/corpus/sat-uf250-1065/uf250-047.cnf,250,1065,SAT,55896,2512595,68627,173,0.661316
/Users/okamu/.cache/gomisat/corpus/sat-uf250-1065/uf250-048.cnf,250,1065,SAT,100471,4597811,121314,255,1.227994
/Users/okamu/.cache/gomisat/corpus/sat-uf250-1065/uf250-049.cnf,250,1065,SAT,17863,795811,22135,63,0.197095
/Users/okamu/.cache/gomisat/corpus/sat-uf250-1065/uf250-05.cnf,250,1065,SAT,421039,18847676,509233,1020,5.480982
/Users/okamu/.cache/gomisat/corpus/sat-uf250-1065/uf250-050.cnf,250,1065,SAT,43343,1958790,52876,127,0.508617
/Users/okamu/.cache/gomisat/corpus/sat-uf250-1065/uf250-051.cnf,250,1065,SAT,18157,814190,22506,63,0.198002
/Users/okamu/.cache/gomisat/corpus/sat-uf250-1065/uf250-052.cnf,250,1065,SAT,116828,5082848,141421,316,1.389004
/Users/okamu/.cache/gomisat/corpus/sat-uf250-1065/uf250-053.cnf,250,1065,SAT,228958,10289539,274555,511,2.896609
/Users/okamu/.cache/gomisat/corpus/sat-uf250-1065/uf250-054.cnf,250,1065,SAT,211882,9539837,256422,511,2.674403
/Users/okamu/.cache/gomisat/corpus/sat-uf250-1065/uf250-055.cnf,250,1065,SAT,36101,1634633,44885,126,0.407296
/Users/okamu/.cache/gomisat/corpus/sat-uf250-1065/uf250-056.cnf,250,1065,SAT,14221,657304,18012,61,0.157175
/Users/okamu/.cache/gomisat/corpus/sat-uf250-1065/uf250-057.cnf,250,1065,SAT,15060,673513,18831,62,0.161015
/Users/okamu/.cache/gomisat/corpus/sat-uf250-1065/uf250-058.cnf,250,1065,SAT,97107,4443347,118985,255,1.165892
/Users/okamu/.cache/gomisat/corpus/sat-uf250-1065/uf250-059.cnf,250,1065,SAT,5951,263724,7614,30,0.062964
/Users/okamu/.cache/gomisat/corpus/sat-uf250-1065/uf250-06.cnf,250,1065,SAT,27082,1244081,33587,94,0.306199
/Users/okamu/.cache/gomisat/corpus/sat-uf250-1065/uf250-060.cnf,250,1065,SAT,215721,9583438,260376,511,2.675954
/Users/okamu/.cache/gomisat/corpus/sat-uf250-1065/uf250-061.cnf,250,1065,SAT,111646,5065668,135011,293,1.344092
/Users/okamu/.cache/gomisat/corpus/sat-uf250-1065/uf250-062.cnf,250,1065,SAT,143262,6334945,174147,382,1.724420
/Users/okamu/.cache/gomisat/corpus/sat-uf250-1065/uf250-063.cnf,250,1065,SAT,64007,2853299,78092,190,0.759800
/Users/okamu/.cache/gomisat/corpus/sat-uf250-1065/uf250-064.cnf,250,1065,SAT,13446,607678,16635,60,0.148133
/Users/okamu/.cache/gomisat/corpus/sat-uf250-1065/uf250-065.cnf,250,1065,SAT,86640,3903564,106193,254,1.041511
/Users/okamu/.cache/gomisat/corpus/sat-uf250-1065/uf250-066.cnf,250,1065,SAT,48024,2206478,58938,142,0.566383
/Users/okamu/.cache/gomisat/corpus/sat-uf250-1065/uf250-067.cnf,250,1065,SAT,99546,4412090,120537,255,1.179204
/Users/okamu/.cache/gomisat/corpus/sat-uf250-1065/uf250-068.cnf,250,1065,SAT,949,42891,1284,7,0.009644
/Users/okamu/.cache/gomisat/corpus/sat-uf250-1065/uf250-069.cnf,250,1065,SAT,166830,7555002,204107,446,2.087652
/Users/okamu/.cache/gomisat/corpus/sat-uf250-1065/uf250-07.cnf,250,1065,SAT,483810,21610009,583638,1023,6.363310
/Users/okamu/.cache/gomisat/corpus/sat-uf250-1065/uf250-070.cnf,250,1065,SAT,36519,1623819,44642,126,0.414670
/Users/okamu/.cache/gomisat/corpus/sat-uf250-1065/uf250-071.cnf,250,1065,SAT,230278,10500569,276584,511,2.889699
/Users/okamu/.cache/gomisat/corpus/sat-uf250-1065/uf250-072.cnf,250,1065,SAT,208022,9359399,251121,511,2.603966
/Users/okamu/.cache/gomisat/corpus/sat-uf250-1065/uf250-073.cnf,250,1065,SAT,28595,1297086,35619,102,0.325199
/Users/okamu/.cache/gomisat/corpus/sat-uf250-1065/uf250-074.cnf,250,1065,SAT,54162,2416172,66529,166,0.631895
/Users/okamu/.cache/gomisat/corpus/sat-uf250-1065/uf250-075.cnf,250,1065,SAT,34111,1550128,41890,125,0.386995
/Users/okamu/.cache/gomisat/corpus/sat-uf250-1065/uf250-076.cnf,250,1065,SAT,111050,4966008,135751,290,1.343465
/Users/okamu/.cache/gomisat/corpus/sat-uf250-1065/uf250-077.cnf,250,1065,SAT,9553,419186,12002,41,0.100659
/Users/okamu/.cache/gomisat/corpus/sat-uf250-1065/uf250-078.cnf,250,1065,SAT,92423,4171307,113491,255,1.115359
/Users/okamu/.cache/gomisat/corpus/sat-uf250-1065/uf250-079.cnf,250,1065,SAT,66130,2980472,81108,203,0.791152
/Users/okamu/.cache/gomisat/corpus/sat-uf250-1065/uf250-08.cnf,250,1065,SAT,31443,1446783,39158,116,0.365982
/Users/okamu/.cache/gomisat/corpus/sat-uf250-1065/uf250-080.cnf,250,1065,SAT,60686,2774605,74555,189,0.710792
/Users/okamu/.cache/gomisat/corpus/sat-uf250-1065/uf250-081.cnf,250,1065,SAT,36314,1632823,44649,126,0.416170
/Users/okamu/.cache/gomisat/corpus/sat-uf250-1065/uf250-082.cnf,250,1065,SAT,115113,5166809,140327,309,1.392116
/Users/okamu/.cache/gomisat/corpus/sat-uf250-1065/uf250-083.cnf,250,1065,SAT,104,4956,209,2,0.000989
/Users/okamu/.cache/gomisat/corpus/sat-uf250-1065/uf250-084.cnf,250,1065,SAT,4234,191749,5534,22,0.044142
/Users/okamu/.cache/gomisat/corpus/sat-uf250-1065/uf250-085.cnf,250,1065,SAT,5540,261796,6953,29,0.059149
/Users/okamu/.cache/gomisat/corpus/sat-uf250-1065/uf250-086.cnf,250,1065,SAT,192528,8542475,234656,510,2.388805
/Users/okamu/.cache/gomisat/corpus/sat-uf250-1065/uf250-087.cnf,250,1065,SAT,123341,5466176,150830,328,1.506555
/Users/okamu/.cache/gomisat/corpus/sat-uf250-1065/uf250-088.cnf,250,1065,SAT,9013,419376,11239,38,0.099556
/Users/okamu/.cache/gomisat/corpus/sat-uf250-1065/uf250-089.cnf,250,1065,SAT,78809,3583437,96741,252,0.942587
/Users/okamu/.cache/gomisat/corpus/sat-uf250-1065/uf250-09.cnf,250,1065,SAT,11474,522059,14253,49,0.125023
/Users/okamu/.cache/gomisat/corpus/sat-uf250-1065/uf250-090.cnf,250,1065,SAT,116601,5199648,141785,316,1.390341
/Users/okamu/.cache/gomisat/corpus/sat-uf250-1065/uf250-091.cnf,250,1065,SAT,4283,193350,5553,22,0.044052
/Users/okamu/.cache/gomisat/corpus/sat-uf250-1065/uf250-092.cnf,250,1065,SAT,137072,5922202,167209,380,1.633801
/Users/okamu/.cache/gomisat/corpus/sat-uf250-1065/uf250-093.cnf,250,1065,SAT,33074,1500832,40875,124,0.380422
/Users/okamu/.cache/gomisat/corpus/sat-uf250-1065/uf250-094.cnf,250,1065,SAT,96163,4315105,117254,255,1.159308
/Users/okamu/.cache/gomisat/corpus/sat-uf250-1065/uf250-095.cnf,250,1065,SAT,28242,1279657,34969,101,0.321820
/Users/okamu/.cache/gomisat/corpus/sat-uf250-1065/uf250-096.cnf,250,1065,SAT,52748,2332313,64897,158,0.607982
/Users/okamu/.cache/gomisat/corpus/sat-uf250-1065/uf250-097.cnf,250,1065,SAT,35161,1551659,43357,125,0.390705
/Users/okamu/.cache/gomisat/corpus/sat-uf250-1065/uf250-098.cnf,250,1065,SAT,290117,12904888,352092,700,3.671758
/Users/okamu/.cache/gomisat/corpus/sat-uf250-1065/uf250-099.cnf,250,1065,SAT,191556,8550995,232704,509,2.374711
/Users/okamu/.cache/gomisat/corpus/unsat-bf/bf0432-007.cnf,1040,3668,UNSAT,325,54685,897,3,0.005360
/Users/okamu/.cache/gomisat/corpus/unsat-bf/bf1355-075.cnf,2180,6778,UNSAT,21,3839,222,1,0.000381
/Users/okamu/.cache/gomisat/corpus/unsat-bf/bf1355-638.cnf,2177,6768,UNSAT,44,8349,449,1,0.000638
/Users/okamu/.cache/gomisat/corpus/unsat-bf/bf2670-001.cnf,1393,3434,UNSAT,25,4150,339,1,0.000334
/Users/okamu/.cache/gomisat/corpus/unsat-pigeon-hole/hole10.cnf,110,561,UNKNOWN,774129,10209866,965316,1644,10.002029
/Users/okamu/.cache/gomisat/corpus/unsat-pigeon-hole/hole6.cnf,42,133,UNSAT,1837,25732,2278,13,0.006616
/Users/okamu/.cache/gomisat/corpus/unsat-pigeon-hole/hole7.cnf,56,204,UNSAT,11100,159577,13729,46,0.053003
/Users/okamu/.cache/gomisat/corpus/unsat-pigeon-hole/hole8.cnf,72,297,UNSAT,41410,515159,51068,127,0.253580
/Users/okamu/.cache/gomisat/corpus/unsat-pigeon-hole/hole9.cnf,90,415,UNSAT,319885,4376455,390796,765,3.016260
/Users/okamu/.cache/gomisat/corpus/unsat-pret/pret150_25.cnf,150,400,UNSAT,1584,25940,7981,10,0.004883
/Users/okamu/.cache/gomisat/corpus/unsat-pret/pret150_40.cnf,150,400,UNSAT,1584,25940,7981,10,0.004736
/Users/okamu/.cache/gomisat/corpus/unsat-pret/pret150_60.cnf,150,400,UNSAT,1584,25940,7981,10,0.004792
/Users/okamu/.cache/gomisat/corpus/unsat-pret/pret150_75.cnf,150,400,UNSAT,1584,25940,7981,10,0.004787
/Users/okamu/.cache/gomisat/corpus/unsat-pret/pret60_25.cnf,60,160,UNSAT,636,7968,1489,6,0.001640
/Users/okamu/.cache/gomisat/corpus/unsat-pret/pret60_40.cnf,60,160,UNSAT,636,7968,1489,6,0.001895
/Users/okamu/.cache/gomisat/corpus/unsat-pret/pret60_60.cnf,60,160,UNSAT,636,7968,1489,6,0.001696
/Users/okamu/.cache/gomisat/corpus/unsat-pret/pret60_75.cnf,60,160,UNSAT,636,7968,1489,6,0.001629
/Users/okamu/.cache/gomisat/corpus/unsat-uuf150-645/uuf150-01.cnf,150,645,UNSAT,3420,106838,4143,18,0.023733
/Users/okamu/.cache/gomisat/corpus/unsat-uuf150-645/uuf150-010.cnf,150,645,UNSAT,2017,63826,2453,14,0.013979
/Users/okamu/.cache/gomisat/corpus/unsat-uuf150-645/uuf150-0100.cnf,150,645,UNSAT,6126,194315,7291,30,0.043945
/Users/okamu/.cache/gomisat/corpus/unsat-uuf150-645/uuf150-011.cnf,150,645,UNSAT,3795,120849,4433,20,0.026384
/Users/okamu/.cache/gomisat/corpus/unsat-uuf150-645/uuf150-012.cnf,150,645,UNSAT,3588,112153,4349,18,0.025100
/Users/okamu/.cache/gomisat/corpus/unsat-uuf150-645/uuf150-013.cnf,150,645,UNSAT,2515,72776,3046,15,0.016204
/Users/okamu/.cache/gomisat/corpus/unsat-uuf150-645/uuf150-014.cnf,150,645,UNSAT,5394,175397,6403,29,0.038780
/Users/okamu/.cache/gomisat/corpus/unsat-uuf150-645/uuf150-015.cnf,150,645,UNSAT,4548,141262,5499,24,0.031369
/Users/okamu/.cache/gomisat/corpus/unsat-uuf150-645/uuf150-016.cnf,150,645,UNSAT,2169,66060,2647,14,0.014494
/Users/okamu/.cache/gomisat/corpus/unsat-uuf150-645/uuf150-017.cnf,150,645,UNSAT,4851,150833,5851,26,0.033588
/Users/okamu/.cache/gomisat/corpus/unsat-uuf150-645/uuf150-018.cnf,150,645,UNSAT,4699,147724,5695,25,0.033235
/Users/okamu/.cache/gomisat/corpus/unsat-uuf150-645/uuf150-019.cnf,150,645,UNSAT,1405,42714,1717,9,0.008953
/Users/okamu/.cache/gomisat/corpus/unsat-uuf150-645/uuf150-02.cnf,150,645,UNSAT,7153,220175,8489,31,0.050242
/Users/okamu/.cache/gomisat/corpus/unsat-uuf150-645/uuf150-020.cnf,150,645,UNSAT,4105,127182,4950,22,0.027594
/Users/okamu/.cache/gomisat/corpus/unsat-uuf150-645/uuf150-021.cnf,150,645,UNSAT,2734,88641,3372,15,0.018698
/Users/okamu/.cache/gomisat/corpus/unsat-uuf150-645/uuf150-022.cnf,150,645,UNSAT,3133,95362,3756,15,0.021028
/Users/okamu/.cache/gomisat/corpus/unsat-uuf150-645/uuf150-023.cnf,150,645,UNSAT,3174,99215,3818,15,0.022243
/Users/okamu/.cache/gomisat/corpus/unsat-uuf150-645/uuf150-024.cnf,150,645,UNSAT,2673,81786,3191,15,0.018002
/Users/okamu/.cache/gomisat/corpus/unsat-uuf150-645/uuf150-025.cnf,150,645,UNSAT,3942,121618,4713,21,0.027245
/Users/okamu/.cache/gomisat/corpus/unsat-uuf150-645/uuf150-026.cnf,150,645,UNSAT,2914,95260,3527,15,0.020285
/Users/okamu/.cache/gomisat/corpus/unsat-uuf150-645/uuf150-027.cnf,150,645,UNSAT,3098,93937,3679,15,0.020591
/Users/okamu/.cache/gomisat/corpus/unsat-uuf150-645/uuf150-028.cnf,150,645,UNSAT,3185,102421,3799,15,0.022824
/Users/okamu/.cache/gomisat/corpus/unsat-uuf150-645/uuf150-029.cnf,150,645,UNSAT,2649,81400,3216,15,0.017974
/Users/okamu/.cache/gomisat/corpus/unsat-uuf150-645/uuf150-03.cnf,150,645,UNSAT,3964,123191,4769,21,0.027621
/Users/okamu/.cache/gomisat/corpus/unsat-uuf150-645/uuf150-030.cnf,150,645,UNSAT,4870,160061,5771,26,0.035040
/Users/okamu/.cache/gomisat/corpus/unsat-uuf150-645/uuf150-031.cnf,150,645,UNSAT,1576,49814,1929,10,0.010566
/Users/okamu/.cache/gomisat/corpus/unsat-uuf150-645/uuf150-032.cnf,150,645,UNSAT,3315,104253,3933,17,0.022735
/Users/okamu/.cache/gomisat/corpus/unsat-uuf150-645/uuf150-033.cnf,150,645,UNSAT,2250,70081,2714,14,0.015005
/Users/okamu/.cache/gomisat/corpus/unsat-uuf150-645/uuf150-034.cnf,150,645,UNSAT,1877,57545,2231,13,0.012631
/Users/okamu/.cache/gomisat/corpus/unsat-uuf150-645/uuf150-035.cnf,150,645,UNSAT,2406,76736,2952,14,0.016504
/Users/okamu/.cache/gomisat/corpus/unsat-uuf150-645/uuf150-036.cnf,150,645,UNSAT,3813,117917,4526,20,0.026825
/Users/okamu/.cache/gomisat/corpus/unsat-uuf150-645/uuf150-037.cnf,150,645,UNSAT,2908,88562,3493,15,0.019636
/Users/okamu/.cache/gomisat/corpus/unsat-uuf150-645/uuf150-038.cnf,150,645,UNSAT,4587,148524,5507,24,0.032596
/Users/okamu/.cache/gomisat/corpus/unsat-uuf150-645/uuf150-039.cnf,150,645,UNSAT,2723,84732,3268,15,0.018775
/Users/okamu/.cache/gomisat/corpus/unsat-uuf150-645/uuf150-04.cnf,150,645,UNSAT,2559,76820,3067,15,0.017107
/Users/okamu/.cache/gomisat/corpus/unsat-uuf150-645/uuf150-040.cnf,150,645,UNSAT,6536,213824,7857,31,0.048192
/Users/okamu/.cache/gomisat/corpus/unsat-uuf150-645/uuf150-041.cnf,150,645,UNSAT,4741,141731,5689,25,0.032027
/Users/okamu/.cache/gomisat/corpus/unsat-uuf150-645/uuf150-042.cnf,150,645,UNSAT,2447,74733,2949,15,0.016201
/Users/okamu/.cache/gomisat/corpus/unsat-uuf150-645/uuf150-043.cnf,150,645,UNSAT,3300,100121,3918,16,0.022355
/Users/okamu/.cache/gomisat/corpus/unsat-uuf150-645/uuf150-044.cnf,150,645,UNSAT,4288,133697,5135,22,0.029611
/Users/okamu/.cache/gomisat/corpus/unsat-uuf150-645/uuf150-045.cnf,150,645,UNSAT,4438,136568,5293,23,0.030944
/Users/okamu/.cache/gomisat/corpus/unsat-uuf150-645/uuf150-046.cnf,150,645,UNSAT,4003,124472,4804,21,0.027616
/Users/okamu/.cache/gomisat/corpus/unsat-uuf150-645/uuf150-047.cnf,150,645,UNSAT,2897,92857,3399,15,0.019938
/Users/okamu/.cache/gomisat/corpus/unsat-uuf150-645/uuf150-048.cnf,150,645,UNSAT,4358,133574,5261,22,0.029942
/Users/okamu/.cache/gomisat/corpus/unsat-uuf150-645/uuf150-049.cnf,150,645,UNSAT,2115,65024,2450,14,0.014102
/Users/okamu/.cache/gomisat/corpus/unsat-uuf150-645/uuf150-05.cnf,150,645,UNSAT,2764,84367,3348,15,0.018752
/Users/okamu/.cache/gomisat/corpus/unsat-uuf150-645/uuf150-050.cnf,150,645,UNSAT,3588,116141,4236,18,0.026536
/Users/okamu/.cache/gomisat/corpus/unsat-uuf150-645/uuf150-051.cnf,150,645,UNSAT,3638,114327,4333,19,0.025050
/Users/okamu/.cache/gomisat/corpus/unsat-uuf150-645/uuf150-052.cnf,150,645,UNSAT,1799,55488,2159,12,0.011957
/Users/okamu/.cache/gomisat/corpus/unsat-uuf150-645/uuf150-053.cnf,150,645,UNSAT,1982,62913,2350,13,0.013608
/Users/okamu/.cache/gomisat/corpus/unsat-uuf150-645/uuf150-054.cnf,150,645,UNSAT,2477,76106,2949,15,0.016430
/Users/okamu/.cache/gomisat/corpus/unsat-uuf150-645/uuf150-055.cnf,150,645,UNSAT,9622,310494,11532,41,0.071132
/Users/okamu/.cache/gomisat/corpus/unsat-uuf150-645/uuf150-056.cnf,150,645,UNSAT,2154,64752,2645,14,0.013881
/Users/okamu/.cache/gomisat/corpus/unsat-uuf150-645/uuf150-057.cnf,150,645,UNSAT,3506,108804,4191,18,0.024175
/Users/okamu/.cache/gomisat/corpus/unsat-uuf150-645/uuf150-058.cnf,150,645,UNSAT,2441,74623,2939,15,0.015977
/Users/okamu/.cache/gomisat/corpus/unsat-uuf150-645/uuf150-059.cnf,150,645,UNSAT,1759,54041,2121,12,0.011400
/Users/okamu/.cache/gomisat/corpus/unsat-uuf150-645/uuf150-06.cnf,150,645,UNSAT,2752,86508,3252,15,0.019335
/Users/okamu/.cache/gomisat/corpus/unsat-uuf150-645/uuf150-060.cnf,150,645,UNSAT,3067,95963,3710,15,0.021543
/Users/okamu/.cache/gomisat/corpus/unsat-uuf150-645/uuf150-061.cnf,150,645,UNSAT,3167,97913,3777,15,0.021386
/Users/okamu/.cache/gomisat/corpus/unsat-uuf150-645/uuf150-062.cnf,150,645,UNSAT,2501,76385,3082,15,0.016501
/Users/okamu/.cache/gomisat/corpus/unsat-uuf150-645/uuf150-063.cnf,150,645,UNSAT,4548,142380,5417,24,0.032090
/Users/okamu/.cache/gomisat/corpus/unsat-uuf150-645/uuf150-064.cnf,150,645,UNSAT,3533,108888,4229,18,0.023838
/Users/okamu/.cache/gomisat/corpus/unsat-uuf150-645/uuf150-065.cnf,150,645,UNSAT,5794,182121,6967,30,0.040649
/Users/okamu/.cache/gomisat/corpus/unsat-uuf150-645/uuf150-066.cnf,150,645,UNSAT,2874,89236,3509,15,0.019315
/Users/okamu/.cache/gomisat/corpus/unsat-uuf150-645/uuf150-067.cnf,150,645,UNSAT,2912,88049,3538,15,0.018894
/Users/okamu/.cache/gomisat/corpus/unsat-uuf150-645/uuf150-068.cnf,150,645,UNSAT,3136,96047,3853,15,0.021039
/Users/okamu/.cache/gomisat/corpus/unsat-uuf150-645/uuf150-069.cnf,150,645,UNSAT,3198,99146,3802,15,0.021704
/Users/okamu/.cache/gomisat/corpus/unsat-uuf150-645/uuf150-07.cnf,150,645,UNSAT,2795,88112,3455,15,0.019107
/Users/okamu/.cache/gomisat/corpus/unsat-uuf150-645/uuf150-070.cnf,150,645,UNSAT,2508,80664,3001,15,0.017263
/Users/okamu/.cache/gomisat/corpus/unsat-uuf150-645/uuf150-071.cnf,150,645,UNSAT,3460,110246,4121,18,0.023823
/Users/okamu/.cache/gomisat/corpus/unsat-uuf150-645/uuf150-072.cnf,150,645,UNSAT,8019,251559,9637,31,0.058531
/Users/okamu/.cache/gomisat/corpus/unsat-uuf150-645/uuf150-073.cnf,150,645,UNSAT,2726,85192,3320,15,0.018822
/Users/okamu/.cache/gomisat/corpus/unsat-uuf150-645/uuf150-074.cnf,150,645,UNSAT,2062,61165,2515,14,0.013672
/Users/okamu/.cache/gomisat/corpus/unsat-uuf150-645/uuf150-075.cnf,150,645,UNSAT,5370,165657,6380,29,0.037583
/Users/okamu/.cache/gomisat/corpus/unsat-uuf150-645/uuf150-076.cnf,150,645,UNSAT,4159,131321,4948,22,0.030064
/Users/okamu/.cache/gomisat/corpus/unsat-uuf150-645/uuf150-077.cnf,150,645,UNSAT,2685,82901,3183,15,0.024113
/Users/okamu/.cache/gomisat/corpus/unsat-uuf150-645/uuf150-078.cnf,150,645,UNSAT,2248,67266,2745,14,0.018292
/Users/okamu/.cache/gomisat/corpus/unsat-uuf150-645/uuf150-079.cnf,150,645,UNSAT,2882,89140,3473,15,0.022331
/Users/okamu/.cache/gomisat/corpus/unsat-uuf150-645/uuf150-08.cnf,150,645,UNSAT,1919,58703,2295,13,0.012850
/Users/okamu/.cache/gomisat/corpus/unsat-uuf150-645/uuf150-080.cnf,150,645,UNSAT,5555,173753,6775,29,0.039038
/Users/okamu/.cache/gomisat/corpus/unsat-uuf150-645/uuf150-081.cnf,150,645,UNSAT,2399,75999,2863,14,0.017805
/Users/okamu/.cache/gomisat/corpus/unsat-uuf150-645/uuf150-082.cnf,150,645,UNSAT,7112,227612,8563,31,0.058536
/Users/okamu/.cache/gomisat/corpus/unsat-uuf150-645/uuf150-083.cnf,150,645,UNSAT,3155,99497,3753,15,0.023159
/Users/okamu/.cache/gomisat/corpus/unsat-uuf150-645/uuf150-084.cnf,150,645,UNSAT,7357,230911,8718,31,0.055921
/Users/okamu/.cache/gomisat/corpus/unsat-uuf150-645/uuf150-085.cnf,150,645,UNSAT,3044,95273,3680,15,0.021103
/Users/okamu/.cache/gomisat/corpus/unsat-uuf150-645/uuf150-086.cnf,150,645,UNSAT,3016,93377,3570,15,0.020378
/Users/okamu/.cache/gomisat/corpus/unsat-uuf150-645/uuf150-087.cnf,150,645,UNSAT,5077,163048,6166,28,0.036136
/Users/okamu/.cache/gomisat/corpus/unsat-uuf150-645/uuf150-088.cnf,150,645,UNSAT,5213,165901,6221,28,0.037899
/Users/okamu/.cache/gomisat/corpus/unsat-uuf150-645/uuf150-089.cnf,150,645,UNSAT,1173,34649,1404,7,0.007657
/Users/okamu/.cache/gomisat/corpus/unsat-uuf150-645/uuf150-09.cnf,150,645,UNSAT,2339,71486,2813,14,0.016021
/Users/okamu/.cache/gomisat/corpus/unsat-uuf150-645/uuf150-090.cnf,150,645,UNSAT,3639,111249,4393,19,0.024927
/Users/okamu/.cache/gomisat/corpus/unsat-uuf150-645/uuf150-091.cnf,150,645,UNSAT,2890,89091,3556,15,0.019458
/Users/okamu/.cache/gomisat/corpus/unsat-uuf150-645/uuf150-092.cnf,150,645,UNSAT,2690,79861,3267,15,0.017778
/Users/okamu/.cache/gomisat/corpus/unsat-uuf150-645/uuf150-093.cnf,150,645,UNSAT,5774,183819,6929,30,0.040401
/Users/okamu/.cache/gomisat/corpus/unsat-uuf150-645/uuf150-094.cnf,150,645,UNSAT,2475,75667,2932,15,0.016154
/Users/okamu/.cache/gomisat/corpus/unsat-uuf150-645/uuf150-095.cnf,150,645,UNSAT,2052,63414,2476,14,0.013511
/Users/okamu/.cache/gomisat/corpus/unsat-uuf150-645/uuf150-096.cnf,150,645,UNSAT,3481,110991,4069,18,0.024634
/Users/okamu/.cache/gomisat/corpus/unsat-uuf150-645/uuf150-097.cnf,150,645,UNSAT,5778,181537,7027,30,0.039507
/Users/okamu/.cache/gomisat/corpus/unsat-uuf150-645/uuf150-098.cnf,150,645,UNSAT,3404,105638,4016,17,0.023265
/Users/okamu/.cache/gomisat/corpus/unsat-uuf150-645/uuf150-099.cnf,150,645,UNSAT,5051,156819,5972,28,0.034823
/Users/okamu/.cache/gomisat/corpus/unsat-uuf200-860/uuf200-01.cnf,200,860,UNSAT,30144,1127443,36347,109,0.281765
/Users/okamu/.cache/gomisat/corpus/unsat-uuf200-860/uuf200-010.cnf,200,860,UNSAT,72716,2807676,86895,226,0.724993
/Users/okamu/.cache/gomisat/corpus/unsat-uuf200-860/uuf200-011.cnf,200,860,UNSAT,38209,1531972,45632,126,0.373864
/Users/okamu/.cache/gomisat/corpus/unsat-uuf200-860/uuf200-012.cnf,200,860,UNSAT,44546,1699684,53376,127,0.426937
/Users/okamu/.cache/gomisat/corpus/unsat-uuf200-860/uuf200-013.cnf,200,860,UNSAT,38555,1448605,45722,127,0.363523
/Users/okamu/.cache/gomisat/corpus/unsat-uuf200-860/uuf200-014.cnf,200,860,UNSAT,43623,1646194,52111,127,0.412719
/Users/okamu/.cache/gomisat/corpus/unsat-uuf200-860/uuf200-015.cnf,200,860,UNSAT,28306,1047215,34293,101,0.260998
/Users/okamu/.cache/gomisat/corpus/unsat-uuf200-860/uuf200-016.cnf,200,860,UNSAT,27484,1096089,33013,97,0.262235
/Users/okamu/.cache/gomisat/corpus/unsat-uuf200-860/uuf200-017.cnf,200,860,UNSAT,27669,1026250,33371,97,0.254975
/Users/okamu/.cache/gomisat/corpus/unsat-uuf200-860/uuf200-018.cnf,200,860,UNSAT,37085,1403854,44072,126,0.345422
/Users/okamu/.cache/gomisat/corpus/unsat-uuf200-860/uuf200-019.cnf,200,860,UNSAT,18620,708368,22052,63,0.167136
/Users/okamu/.cache/gomisat/corpus/unsat-uuf200-860/uuf200-02.cnf,200,860,UNSAT,31735,1211644,38007,117,0.299719
/Users/okamu/.cache/gomisat/corpus/unsat-uuf200-860/uuf200-020.cnf,200,860,UNSAT,13294,499664,15808,60,0.118666
/Users/okamu/.cache/gomisat/corpus/unsat-uuf200-860/uuf200-021.cnf,200,860,UNSAT,31567,1182768,37916,116,0.292530
/Users/okamu/.cache/gomisat/corpus/unsat-uuf200-860/uuf200-022.cnf,200,860,UNSAT,34113,1304091,40681,125,0.321347
/Users/okamu/.cache/gomisat/corpus/unsat-uuf200-860/uuf200-023.cnf,200,860,UNSAT,19810,746748,23746,68,0.179235
/Users/okamu/.cache/gomisat/corpus/unsat-uuf200-860/uuf200-024.cnf,200,860,UNSAT,46234,1694083,55639,136,0.435072
/Users/okamu/.cache/gomisat/corpus/unsat-uuf200-860/uuf200-025.cnf,200,860,UNSAT,62173,2421177,74447,190,0.613579
/Users/okamu/.cache/gomisat/corpus/unsat-uuf200-860/uuf200-026.cnf,200,860,UNSAT,46399,1755404,55676,137,0.443853
/Users/okamu/.cache/gomisat/corpus/unsat-uuf200-860/uuf200-027.cnf,200,860,UNSAT,26269,983057,31352,94,0.240546
/Users/okamu/.cache/gomisat/corpus/unsat-uuf200-860/uuf200-028.cnf,200,860,UNSAT,28348,1057612,33783,101,0.264555
/Users/okamu/.cache/gomisat/corpus/unsat-uuf200-860/uuf200-029.cnf,200,860,UNSAT,45345,1684000,53840,131,0.426555
/Users/okamu/.cache/gomisat/corpus/unsat-uuf200-860/uuf200-03.cnf,200,860,UNSAT,24014,917111,28563,88,0.221238
/Users/okamu/.cache/gomisat/corpus/unsat-uuf200-860/uuf200-030.cnf,200,860,UNSAT,17528,671060,21045,63,0.157709
/Users/okamu/.cache/gomisat/corpus/unsat-uuf200-860/uuf200-031.cnf,200,860,UNSAT,20676,795183,24661,73,0.187144
/Users/okamu/.cache/gomisat/corpus/unsat-uuf200-860/uuf200-032.cnf,200,860,UNSAT,43064,1683652,51214,127,0.424138
/Users/okamu/.cache/gomisat/corpus/unsat-uuf200-860/uuf200-033.cnf,200,860,UNSAT,12037,456510,14452,52,0.106718
/Users/okamu/.cache/gomisat/corpus/unsat-uuf200-860/uuf200-034.cnf,200,860,UNSAT,22079,822822,26281,78,0.199402
/Users/okamu/.cache/gomisat/corpus/unsat-uuf200-860/uuf200-035.cnf,200,860,UNSAT,21716,806528,26257,78,0.199402
/Users/okamu/.cache/gomisat/corpus/unsat-uuf200-860/uuf200-036.cnf,200,860,UNSAT,66141,2548609,79419,203,0.654646
/Users/okamu/.cache/gomisat/corpus/unsat-uuf200-860/uuf200-037.cnf,200,860,UNSAT,56436,2228108,67490,176,0.562928
/Users/okamu/.cache/gomisat/corpus/unsat-uuf200-860/uuf200-038.cnf,200,860,UNSAT,43399,1622238,52038,127,0.408780
/Users/okamu/.cache/gomisat/corpus/unsat-uuf200-860/uuf200-039.cnf,200,860,UNSAT,16728,613008,20007,63,0.145065
/Users/okamu/.cache/gomisat/corpus/unsat-uuf200-860/uuf200-04.cnf,200,860,UNSAT,101302,3872059,121074,255,1.038255
/Users/okamu/.cache/gomisat/corpus/unsat-uuf200-860/uuf200-040.cnf,200,860,UNSAT,31409,1177737,37802,116,0.298330
/Users/okamu/.cache/gomisat/corpus/unsat-uuf200-860/uuf200-041.cnf,200,860,UNSAT,18809,726568,22259,63,0.175608
/Users/okamu/.cache/gomisat/corpus/unsat-uuf200-860/uuf200-042.cnf,200,860,UNSAT,18085,675342,21446,63,0.161913
/Users/okamu/.cache/gomisat/corpus/unsat-uuf200-860/uuf200-043.cnf,200,860,UNSAT,21238,778119,25585,76,0.194129
/Users/okamu/.cache/gomisat/corpus/unsat-uuf200-860/uuf200-044.cnf,200,860,UNSAT,26786,1046991,32152,94,0.250163
/Users/okamu/.cache/gomisat/corpus/unsat-uuf200-860/uuf200-045.cnf,200,860,UNSAT,48300,1823668,57899,144,0.467796
/Users/okamu/.cache/gomisat/corpus/unsat-uuf200-860/uuf200-046.cnf,200,860,UNSAT,60094,2311239,71891,189,0.576739
/Users/okamu/.cache/gomisat/corpus/unsat-uuf200-860/uuf200-047.cnf,200,860,UNSAT,22014,823214,26497,78,0.199652
/Users/okamu/.cache/gomisat/corpus/unsat-uuf200-860/uuf200-048.cnf,200,860,UNSAT,35679,1386003,42728,126,0.345003
/Users/okamu/.cache/gomisat/corpus/unsat-uuf200-860/uuf200-049.cnf,200,860,UNSAT,30356,1162038,36575,109,0.283395
/Users/okamu/.cache/gomisat/corpus/unsat-uuf200-860/uuf200-05.cnf,200,860,UNSAT,34079,1279451,40499,125,0.317605
/Users/okamu/.cache/gomisat/corpus/unsat-uuf200-860/uuf200-050.cnf,200,860,UNSAT,28676,1117854,34231,103,0.271601
/Users/okamu/.cache/gomisat/corpus/unsat-uuf200-860/uuf200-051.cnf,200,860,UNSAT,38594,1468558,46596,127,0.365394
/Users/okamu/.cache/gomisat/corpus/unsat-uuf200-860/uuf200-052.cnf,200,860,UNSAT,47708,1849437,57418,142,0.462066
/Users/okamu/.cache/gomisat/corpus/unsat-uuf200-860/uuf200-053.cnf,200,860,UNSAT,34398,1315982,41056,125,0.324633
/Users/okamu/.cache/gomisat/corpus/unsat-uuf200-860/uuf200-054.cnf,200,860,UNSAT,43351,1685528,51770,127,0.417933
/Users/okamu/.cache/gomisat/corpus/unsat-uuf200-860/uuf200-055.cnf,200,860,UNSAT,32352,1196368,38820,122,0.298040
/Users/okamu/.cache/gomisat/corpus/unsat-uuf200-860/uuf200-056.cnf,200,860,UNSAT,55036,2126925,65829,172,0.542603
/Users/okamu/.cache/gomisat/corpus/unsat-uuf200-860/uuf200-057.cnf,200,860,UNSAT,22077,840304,26508,78,0.196698
/Users/okamu/.cache/gomisat/corpus/unsat-uuf200-860/uuf200-058.cnf,200,860,UNSAT,45098,1742605,54236,130,0.434570
/Users/okamu/.cache/gomisat/corpus/unsat-uuf200-860/uuf200-059.cnf,200,860,UNSAT,24724,897367,29295,92,0.222241
/Users/okamu/.cache/gomisat/corpus/unsat-uuf200-860/uuf200-06.cnf,200,860,UNSAT,35675,1382086,42938,126,0.337588
/Users/okamu/.cache/gomisat/corpus/unsat-uuf200-860/uuf200-060.cnf,200,860,UNSAT,28096,1080193,33771,101,0.257537
/Users/okamu/.cache/gomisat/corpus/unsat-uuf200-860/uuf200-061.cnf,200,860,UNSAT,13350,506550,16003,60,0.119870
/Users/okamu/.cache/gomisat/corpus/unsat-uuf200-860/uuf200-062.cnf,200,860,UNSAT,8742,329639,10459,37,0.076451
/Users/okamu/.cache/gomisat/corpus/unsat-uuf200-860/uuf200-063.cnf,200,860,UNSAT,37583,1422090,44969,126,0.350781
/Users/okamu/.cache/gomisat/corpus/unsat-uuf200-860/uuf200-064.cnf,200,860,UNSAT,59401,2256639,70915,189,0.582315
/Users/okamu/.cache/gomisat/corpus/unsat-uuf200-860/uuf200-065.cnf,200,860,UNSAT,29355,1099081,35041,108,0.270287
/Users/okamu/.cache/gomisat/corpus/unsat-uuf200-860/uuf200-066.cnf,200,860,UNSAT,92558,3605103,111522,255,0.947940
/Users/okamu/.cache/gomisat/corpus/unsat-uuf200-860/uuf200-067.cnf,200,860,UNSAT,49226,1881064,58827,149,0.478648
/Users/okamu/.cache/gomisat/corpus/unsat-uuf200-860/uuf200-068.cnf,200,860,UNSAT,26817,1043347,32291,94,0.251946
/Users/okamu/.cache/gomisat/corpus/unsat-uuf200-860/uuf200-069.cnf,200,860,UNSAT,12316,461028,14651,53,0.107532
/Users/okamu/.cache/gomisat/corpus/unsat-uuf200-860/uuf200-07.cnf,200,860,UNSAT,36274,1371637,43339,126,0.338344
/Users/okamu/.cache/gomisat/corpus/unsat-uuf200-860/uuf200-070.cnf,200,860,UNSAT,33654,1309357,40484,124,0.316969
/Users/okamu/.cache/gomisat/corpus/unsat-uuf200-860/uuf200-071.cnf,200,860,UNSAT,27784,1038551,33331,99,0.253407
/Users/okamu/.cache/gomisat/corpus/unsat-uuf200-860/uuf200-072.cnf,200,860,UNSAT,41312,1571455,49636,127,0.391903
/Users/okamu/.cache/gomisat/corpus/unsat-uuf200-860/uuf200-073.cnf,200,860,UNSAT,22711,873652,27165,81,0.212670
/Users/okamu/.cache/gomisat/corpus/unsat-uuf200-860/uuf200-074.cnf,200,860,UNSAT,33344,1300628,40203,124,0.316143
/Users/okamu/.cache/gomisat/corpus/unsat-uuf200-860/uuf200-075.cnf,200,860,UNSAT,43558,1719858,52224,127,0.425588
/Users/okamu/.cache/gomisat/corpus/unsat-uuf200-860/uuf200-076.cnf,200,860,UNSAT,11173,445432,13447,46,0.101867
/Users/okamu/.cache/gomisat/corpus/unsat-uuf200-860/uuf200-077.cnf,200,860,UNSAT,18916,745023,22646,63,0.175313
/Users/okamu/.cache/gomisat/corpus/unsat-uuf200-860/uuf200-078.cnf,200,860,UNSAT,30103,1169608,36258,109,0.282633
/Users/okamu/.cache/gomisat/corpus/unsat-uuf200-860/uuf200-079.cnf,200,860,UNSAT,19823,747108,23699,68,0.180382
/Users/okamu/.cache/gomisat/corpus/unsat-uuf200-860/uuf200-08.cnf,200,860,UNSAT,38501,1447884,46068,127,0.356435
/Users/okamu/.cache/gomisat/corpus/unsat-uuf200-860/uuf200-080.cnf,200,860,UNSAT,39952,1514590,48067,127,0.380282
/Users/okamu/.cache/gomisat/corpus/unsat-uuf200-860/uuf200-081.cnf,200,860,UNSAT,53139,1956036,63914,161,0.507438
/Users/okamu/.cache/gomisat/corpus/unsat-uuf200-860/uuf200-082.cnf,200,860,UNSAT,18966,730672,22767,63,0.170763
/Users/okamu/.cache/gomisat/corpus/unsat-uuf200-860/uuf200-083.cnf,200,860,UNSAT,36262,1389875,43356,126,0.342204
/Users/okamu/.cache/gomisat/corpus/unsat-uuf200-860/uuf200-084.cnf,200,860,UNSAT,14555,551077,17377,62,0.132537
/Users/okamu/.cache/gomisat/corpus/unsat-uuf200-860/uuf200-085.cnf,200,860,UNSAT,31718,1218757,38141,117,0.301139
/Users/okamu/.cache/gomisat/corpus/unsat-uuf200-860/uuf200-086.cnf,200,860,UNSAT,29612,1134745,35641,108,0.273801
/Users/okamu/.cache/gomisat/corpus/unsat-uuf200-860/uuf200-087.cnf,200,860,UNSAT,33286,1228998,40030,124,0.311524
/Users/okamu/.cache/gomisat/corpus/unsat-uuf200-860/uuf200-088.cnf,200,860,UNSAT,14672,563344,17662,62,0.134225
/Users/okamu/.cache/gomisat/corpus/unsat-uuf200-860/uuf200-089.cnf,200,860,UNSAT,26967,1017224,32341,94,0.246306
/Users/okamu/.cache/gomisat/corpus/unsat-uuf200-860/uuf200-09.cnf,200,860,UNSAT,39064,1477271,46205,127,0.367969
/Users/okamu/.cache/gomisat/corpus/unsat-uuf200-860/uuf200-090.cnf,200,860,UNSAT,33370,1225413,39820,124,0.308750
/Users/okamu/.cache/gomisat/corpus/unsat-uuf200-860/uuf200-091.cnf,200,860,UNSAT,40138,1504867,48062,127,0.381768
/Users/okamu/.cache/gomisat/corpus/unsat-uuf200-860/uuf200-092.cnf,200,860,UNSAT,20547,789660,24750,71,0.185446
/Users/okamu/.cache/gomisat/corpus/unsat-uuf200-860/uuf200-093.cnf,200,860,UNSAT,29865,1124515,35804,109,0.277749
/Users/okamu/.cache/gomisat/corpus/unsat-uuf200-860/uuf200-094.cnf,200,860,UNSAT,33594,1267100,40311,124,0.311706
/Users/okamu/.cache/gomisat/corpus/unsat-uuf200-860/uuf200-095.cnf,200,860,UNSAT,46071,1755940,55336,134,0.444535
/Users/okamu/.cache/gomisat/corpus/unsat-uuf200-860/uuf200-096.cnf,200,860,UNSAT,11611,435998,13875,49,0.101321
/Users/okamu/.cache/gomisat/corpus/unsat-uuf200-860/uuf200-097.cnf,200,860,UNSAT,20223,761918,23949,70,0.181629
/Users/okamu/.cache/gomisat/corpus/unsat-uuf200-860/uuf200-098.cnf,200,860,UNSAT,39486,1484482,47127,127,0.376888
/Users/okamu/.cache/gomisat/corpus/unsat-uuf200-860/uuf200-099.cnf,200,860,UNSAT,77625,2963997,93589,250,0.770919
/Users/okamu/.cache/gomisat/corpus/unsat-uuf225-960/uuf225-01.cnf,225,960,UNSAT,132858,5525704,160393,364,1.485819
/Users/okamu/.cache/gomisat/corpus/unsat-uuf225-960/uuf225-010.cnf,225,960,UNSAT,107385,4456005,129155,280,1.249722
/Users/okamu/.cache/gomisat/corpus/unsat-uuf225-960/uuf225-0100.cnf,225,960,UNSAT,100076,4269525,120354,255,1.125658
/Users/okamu/.cache/gomisat/corpus/unsat-uuf225-960/uuf225-011.cnf,225,960,UNSAT,72682,3000448,87281,226,0.783117
/Users/okamu/.cache/gomisat/corpus/unsat-uuf225-960/uuf225-012.cnf,225,960,UNSAT,82586,3438937,99171,253,0.897941
/Users/okamu/.cache/gomisat/corpus/unsat-uuf225-960/uuf225-013.cnf,225,960,UNSAT,100069,4110958,119757,255,1.091929
/Users/okamu/.cache/gomisat/corpus/unsat-uuf225-960/uuf225-014.cnf,225,960,UNSAT,40374,1636941,48295,127,0.416970
/Users/okamu/.cache/gomisat/corpus/unsat-uuf225-960/uuf225-015.cnf,225,960,UNSAT,88305,3633605,106458,254,0.951834
/Users/okamu/.cache/gomisat/corpus/unsat-uuf225-960/uuf225-016.cnf,225,960,UNSAT,73091,3043373,87920,228,0.800176
/Users/okamu/.cache/gomisat/corpus/unsat-uuf225-960/uuf225-017.cnf,225,960,UNSAT,146682,6070588,175058,382,1.678817
/Users/okamu/.cache/gomisat/corpus/unsat-uuf225-960/uuf225-018.cnf,225,960,UNSAT,92424,3850310,110617,255,1.001977
/Users/okamu/.cache/gomisat/corpus/unsat-uuf225-960/uuf225-019.cnf,225,960,UNSAT,133772,5378144,161029,370,1.465288
/Users/okamu/.cache/gomisat/corpus/unsat-uuf225-960/uuf225-02.cnf,225,960,UNSAT,62600,2608316,74973,190,0.657056
/Users/okamu/.cache/gomisat/corpus/unsat-uuf225-960/uuf225-020.cnf,225,960,UNSAT,101089,4122715,120080,255,1.110600
/Users/okamu/.cache/gomisat/corpus/unsat-uuf225-960/uuf225-021.cnf,225,960,UNSAT,122717,5129580,147488,325,1.381128
/Users/okamu/.cache/gomisat/corpus/unsat-uuf225-960/uuf225-022.cnf,225,960,UNSAT,130614,5516366,156863,355,1.467412
/Users/okamu/.cache/gomisat/corpus/unsat-uuf225-960/uuf225-023.cnf,225,960,UNSAT,61636,2578703,74122,190,0.661886
/Users/okamu/.cache/gomisat/corpus/unsat-uuf225-960/uuf225-024.cnf,225,960,UNSAT,103016,4256468,124328,259,1.131899
/Users/okamu/.cache/gomisat/corpus/unsat-uuf225-960/uuf225-025.cnf,225,960,UNSAT,122637,5150417,147190,324,1.404969
/Users/okamu/.cache/gomisat/corpus/unsat-uuf225-960/uuf225-026.cnf,225,960,UNSAT,129942,5228136,156327,350,1.414083
/Users/okamu/.cache/gomisat/corpus/unsat-uuf225-960/uuf225-027.cnf,225,960,UNSAT,102413,4247946,122611,255,1.132212
/Users/okamu/.cache/gomisat/corpus/unsat-uuf225-960/uuf225-028.cnf,225,960,UNSAT,96692,4012162,115909,255,1.047871
/Users/okamu/.cache/gomisat/corpus/unsat-uuf225-960/uuf225-029.cnf,225,960,UNSAT,61972,2544357,74295,190,0.646809
/Users/okamu/.cache/gomisat/corpus/unsat-uuf225-960/uuf225-03.cnf,225,960,UNSAT,108276,4369495,129628,285,1.185027
/Users/okamu/.cache/gomisat/corpus/unsat-uuf225-960/uuf225-030.cnf,225,960,UNSAT,87219,3621526,104774,254,0.940688
/Users/okamu/.cache/gomisat/corpus/unsat-uuf225-960/uuf225-031.cnf,225,960,UNSAT,175216,7364386,209539,480,2.037224
/Users/okamu/.cache/gomisat/corpus/unsat-uuf225-960/uuf225-032.cnf,225,960,UNSAT,87883,3584419,104906,254,0.930881
/Users/okamu/.cache/gomisat/corpus/unsat-uuf225-960/uuf225-033.cnf,225,960,UNSAT,215669,9076913,258586,511,2.507497
/Users/okamu/.cache/gomisat/corpus/unsat-uuf225-960/uuf225-034.cnf,225,960,UNSAT,164329,7057696,197899,445,1.887487
/Users/okamu/.cache/gomisat/corpus/unsat-uuf225-960/uuf225-035.cnf,225,960,UNSAT,112090,4635634,134382,296,1.225737
/Users/okamu/.cache/gomisat/corpus/unsat-uuf225-960/uuf225-036.cnf,225,960,UNSAT,87650,3618794,104371,254,0.941537
/Users/okamu/.cache/gomisat/corpus/unsat-uuf225-960/uuf225-037.cnf,225,960,UNSAT,120179,4943950,144479,318,1.312221
/Users/okamu/.cache/gomisat/corpus/unsat-uuf225-960/uuf225-038.cnf,225,960,UNSAT,31836,1266756,38428,118,0.320450
/Users/okamu/.cache/gomisat/corpus/unsat-uuf225-960/uuf225-039.cnf,225,960,UNSAT,126307,5223998,151511,341,1.382650
/Users/okamu/.cache/gomisat/corpus/unsat-uuf225-960/uuf225-04.cnf,225,960,UNSAT,47237,1893909,56344,141,0.498573
/Users/okamu/.cache/gomisat/corpus/unsat-uuf225-960/uuf225-040.cnf,225,960,UNSAT,92489,3824831,110846,255,0.999848
/Users/okamu/.cache/gomisat/corpus/unsat-uuf225-960/uuf225-041.cnf,225,960,UNSAT,111464,4531413,132696,293,1.209028
/Users/okamu/.cache/gomisat/corpus/unsat-uuf225-960/uuf225-042.cnf,225,960,UNSAT,57103,2390094,67875,180,0.601879
/Users/okamu/.cache/gomisat/corpus/unsat-uuf225-960/uuf225-043.cnf,225,960,UNSAT,127723,5187900,153466,348,1.412627
/Users/okamu/.cache/gomisat/corpus/unsat-uuf225-960/uuf225-044.cnf,225,960,UNSAT,70177,3002036,84036,220,0.770521
/Users/okamu/.cache/gomisat/corpus/unsat-uuf225-960/uuf225-045.cnf,225,960,UNSAT,44803,1853509,53638,127,0.458812
/Users/okamu/.cache/gomisat/corpus/unsat-uuf225-960/uuf225-046.cnf,225,960,UNSAT,52651,2137476,63072,158,0.549479
/Users/okamu/.cache/gomisat/corpus/unsat-uuf225-960/uuf225-047.cnf,225,960,UNSAT,223367,9227481,268708,511,2.562505
/Users/okamu/.cache/gomisat/corpus/unsat-uuf225-960/uuf225-048.cnf,225,960,UNSAT,121691,5026693,145533,318,1.332991
/Users/okamu/.cache/gomisat/corpus/unsat-uuf225-960/uuf225-049.cnf,225,960,UNSAT,42972,1779703,51557,127,0.446397
/Users/okamu/.cache/gomisat/corpus/unsat-uuf225-960/uuf225-05.cnf,225,960,UNSAT,269421,11326401,324542,638,3.178846
/Users/okamu/.cache/gomisat/corpus/unsat-uuf225-960/uuf225-050.cnf,225,960,UNSAT,93792,3756562,112923,255,1.010032
/Users/okamu/.cache/gomisat/corpus/unsat-uuf225-960/uuf225-051.cnf,225,960,UNSAT,39675,1632874,46999,127,0.409479
/Users/okamu/.cache/gomisat/corpus/unsat-uuf225-960/uuf225-052.cnf,225,960,UNSAT,99684,4145113,119723,255,1.098230
/Users/okamu/.cache/gomisat/corpus/unsat-uuf225-960/uuf225-053.cnf,225,960,UNSAT,172157,7175089,207294,474,1.950434
/Users/okamu/.cache/gomisat/corpus/unsat-uuf225-960/uuf225-054.cnf,225,960,UNSAT,201543,8354899,243101,510,2.477256
/Users/okamu/.cache/gomisat/corpus/unsat-uuf225-960/uuf225-055.cnf,225,960,UNSAT,196749,8012213,236428,510,2.243765
/Users/okamu/.cache/gomisat/corpus/unsat-uuf225-960/uuf225-056.cnf,225,960,UNSAT,146718,6036157,176611,382,1.622201
/Users/okamu/.cache/gomisat/corpus/unsat-uuf225-960/uuf225-057.cnf,225,960,UNSAT,223297,9230557,268787,511,2.573239
/Users/okamu/.cache/gomisat/corpus/unsat-uuf225-960/uuf225-058.cnf,225,960,UNSAT,195933,8286063,236124,510,2.242984
/Users/okamu/.cache/gomisat/corpus/unsat-uuf225-960/uuf225-059.cnf,225,960,UNSAT,78227,3200828,94132,251,0.829967
/Users/okamu/.cache/gomisat/corpus/unsat-uuf225-960/uuf225-06.cnf,225,960,UNSAT,126386,5127368,151617,342,1.374298
/Users/okamu/.cache/gomisat/corpus/unsat-uuf225-960/uuf225-060.cnf,225,960,UNSAT,91679,3724098,109356,255,0.980280
/Users/okamu/.cache/gomisat/corpus/unsat-uuf225-960/uuf225-061.cnf,225,960,UNSAT,37582,1478910,45195,126,0.375561
/Users/okamu/.cache/gomisat/corpus/unsat-uuf225-960/uuf225-062.cnf,225,960,UNSAT,102852,4259073,123108,258,1.133362
/Users/okamu/.cache/gomisat/corpus/unsat-uuf225-960/uuf225-063.cnf,225,960,UNSAT,213214,8923378,255736,511,2.458748
/Users/okamu/.cache/gomisat/corpus/unsat-uuf225-960/uuf225-064.cnf,225,960,UNSAT,58496,2405171,69523,187,0.616705
/Users/okamu/.cache/gomisat/corpus/unsat-uuf225-960/uuf225-065.cnf,225,960,UNSAT,115678,4762526,139300,314,1.293633
/Users/okamu/.cache/gomisat/corpus/unsat-uuf225-960/uuf225-066.cnf,225,960,UNSAT,105715,4276183,126551,270,1.132894
/Users/okamu/.cache/gomisat/corpus/unsat-uuf225-960/uuf225-067.cnf,225,960,UNSAT,129598,5390974,155228,349,1.426984
/Users/okamu/.cache/gomisat/corpus/unsat-uuf225-960/uuf225-068.cnf,225,960,UNSAT,88900,3693883,106534,254,0.958201
/Users/okamu/.cache/gomisat/corpus/unsat-uuf225-960/uuf225-069.cnf,225,960,UNSAT,129839,5385625,154560,349,1.443747
/Users/okamu/.cache/gomisat/corpus/unsat-uuf225-960/uuf225-07.cnf,225,960,UNSAT,79419,3222687,95144,252,0.840986
/Users/okamu/.cache/gomisat/corpus/unsat-uuf225-960/uuf225-070.cnf,225,960,UNSAT,204493,8563816,247591,510,2.378289
/Users/okamu/.cache/gomisat/corpus/unsat-uuf225-960/uuf225-071.cnf,225,960,UNSAT,133726,5421502,160435,370,1.464064
/Users/okamu/.cache/gomisat/corpus/unsat-uuf225-960/uuf225-072.cnf,225,960,UNSAT,73554,2968233,87958,230,0.776268
/Users/okamu/.cache/gomisat/corpus/unsat-uuf225-960/uuf225-073.cnf,225,960,UNSAT,49925,2093344,59816,155,0.530106
/Users/okamu/.cache/gomisat/corpus/unsat-uuf225-960/uuf225-074.cnf,225,960,UNSAT,251785,10362609,301929,586,2.919614
/Users/okamu/.cache/gomisat/corpus/unsat-uuf225-960/uuf225-075.cnf,225,960,UNSAT,33188,1358336,39629,124,0.337369
/Users/okamu/.cache/gomisat/corpus/unsat-uuf225-960/uuf225-076.cnf,225,960,UNSAT,68691,2881262,82081,214,0.719968
/Users/okamu/.cache/gomisat/corpus/unsat-uuf225-960/uuf225-077.cnf,225,960,UNSAT,44699,1758404,52910,127,0.450266
/Users/okamu/.cache/gomisat/corpus/unsat-uuf225-960/uuf225-078.cnf,225,960,UNSAT,221897,9290995,265918,511,2.565677
/Users/okamu/.cache/gomisat/corpus/unsat-uuf225-960/uuf225-079.cnf,225,960,UNSAT,62942,2572879,75527,190,0.672586
/Users/okamu/.cache/gomisat/corpus/unsat-uuf225-960/uuf225-08.cnf,225,960,UNSAT,43309,1795754,51609,127,0.452442
/Users/okamu/.cache/gomisat/corpus/unsat-uuf225-960/uuf225-080.cnf,225,960,UNSAT,188397,7713556,227553,509,2.144361
/Users/okamu/.cache/gomisat/corpus/unsat-uuf225-960/uuf225-081.cnf,225,960,UNSAT,192140,7823463,230412,509,2.127103
/Users/okamu/.cache/gomisat/corpus/unsat-uuf225-960/uuf225-082.cnf,225,960,UNSAT,60922,2439884,72733,189,0.634713
/Users/okamu/.cache/gomisat/corpus/unsat-uuf225-960/uuf225-083.cnf,225,960,UNSAT,499871,20964727,604629,1023,6.120136
/Users/okamu/.cache/gomisat/corpus/unsat-uuf225-960/uuf225-084.cnf,225,960,UNSAT,52696,2119637,62505,158,0.542323
/Users/okamu/.cache/gomisat/corpus/unsat-uuf225-960/uuf225-085.cnf,225,960,UNSAT,218261,8826400,260364,511,2.497235
/Users/okamu/.cache/gomisat/corpus/unsat-uuf225-960/uuf225-086.cnf,225,960,UNSAT,167578,7273587,201659,452,1.936389
/Users/okamu/.cache/gomisat/corpus/unsat-uuf225-960/uuf225-087.cnf,225,960,UNSAT,89259,3674783,106898,254,0.968927
/Users/okamu/.cache/gomisat/corpus/unsat-uuf225-960/uuf225-088.cnf,225,960,UNSAT,58664,2384599,70919,188,0.619538
/Users/okamu/.cache/gomisat/corpus/unsat-uuf225-960/uuf225-089.cnf,225,960,UNSAT,120609,5104885,145555,318,1.363538
/Users/okamu/.cache/gomisat/corpus/unsat-uuf225-960/uuf225-09.cnf,225,960,UNSAT,235236,9720445,283094,534,2.727237
/Users/okamu/.cache/gomisat/corpus/unsat-uuf225-960/uuf225-090.cnf,225,960,UNSAT,95112,3887613,114553,255,1.018243
/Users/okamu/.cache/gomisat/corpus/unsat-uuf225-960/uuf225-091.cnf,225,960,UNSAT,141033,5943406,168882,381,1.600448
/Users/okamu/.cache/gomisat/corpus/unsat-uuf225-960/uuf225-092.cnf,225,960,UNSAT,213359,9220444,256332,511,2.562065
/Users/okamu/.cache/gomisat/corpus/unsat-uuf225-960/uuf225-093.cnf,225,960,UNSAT,244538,9899311,294017,572,2.779344
/Users/okamu/.cache/gomisat/corpus/unsat-uuf225-960/uuf225-094.cnf,225,960,UNSAT,272240,11392249,329217,638,3.241134
/Users/okamu/.cache/gomisat/corpus/unsat-uuf225-960/uuf225-095.cnf,225,960,UNSAT,110320,4478165,132262,286,1.221255
/Users/okamu/.cache/gomisat/corpus/unsat-uuf225-960/uuf225-096.cnf,225,960,UNSAT,145571,6041421,174900,382,1.629356
/Users/okamu/.cache/gomisat/corpus/unsat-uuf225-960/uuf225-097.cnf,225,960,UNSAT,99267,4150404,119781,255,1.085264
/Users/okamu/.cache/gomisat/corpus/unsat-uuf225-960/uuf225-098.cnf,225,960,UNSAT,365370,15067081,440053,885,4.398444
/Users/okamu/.cache/gomisat/corpus/unsat-uuf225-960/uuf225-099.cnf,225,960,UNSAT,42817,1782807,51144,127,0.444989
/Users/okamu/.cache/gomisat/corpus/unsat-uuf250-1065/uuf250-01.cnf,250,1065,UNSAT,600680,27105728,723953,1277,7.833684
/Users/okamu/.cache/gomisat/corpus/unsat-uuf250-1065/uuf250-010.cnf,250,1065,UNSAT,493685,21963536,592449,1023,6.407380
/Users/okamu/.cache/gomisat/corpus/unsat-uuf250-1065/uuf250-0100.cnf,250,1065,UNSAT,618787,27196555,745972,1296,8.131245
/Users/okamu/.cache/gomisat/corpus/unsat-uuf250-1065/uuf250-011.cnf,250,1065,UNSAT,469430,20868594,566989,1023,6.086363
/Users/okamu/.cache/gomisat/corpus/unsat-uuf250-1065/uuf250-012.cnf,250,1065,UNSAT,458415,20350003,553088,1022,5.836658
/Users/okamu/.cache/gomisat/corpus/unsat-uuf250-1065/uuf250-013.cnf,250,1065,UNSAT,453888,19797904,546145,1022,5.781194
/Users/okamu/.cache/gomisat/corpus/unsat-uuf250-1065/uuf250-014.cnf,250,1065,UNSAT,489668,21914459,589621,1023,6.395040
/Users/okamu/.cache/gomisat/corpus/unsat-uuf250-1065/uuf250-015.cnf,250,1065,UNSAT,504537,22190036,606173,1023,6.557268
/Users/okamu/.cache/gomisat/corpus/unsat-uuf250-1065/uuf250-016.cnf,250,1065,UNSAT,327540,14244809,393348,766,4.087709
/Users/okamu/.cache/gomisat/corpus/unsat-uuf250-1065/uuf250-017.cnf,250,1065,UNSAT,510665,22177233,614963,1023,6.561297
/Users/okamu/.cache/gomisat/corpus/unsat-uuf250-1065/uuf250-018.cnf,250,1065,UNSAT,471539,21129258,567669,1023,6.084039
/Users/okamu/.cache/gomisat/corpus/unsat-uuf250-1065/uuf250-019.cnf,250,1065,UNSAT,487334,21757602,582764,1023,6.373559
/Users/okamu/.cache/gomisat/corpus/unsat-uuf250-1065/uuf250-02.cnf,250,1065,UNSAT,496132,21887156,595956,1023,6.418537
/Users/okamu/.cache/gomisat/corpus/unsat-uuf250-1065/uuf250-020.cnf,250,1065,UNSAT,518909,22775515,627305,1053,6.740928
/Users/okamu/.cache/gomisat/corpus/unsat-uuf250-1065/uuf250-021.cnf,250,1065,UNSAT,743806,33474335,896527,1537,9.967988
/Users/okamu/.cache/gomisat/corpus/unsat-uuf250-1065/uuf250-022.cnf,250,1065,UNKNOWN,741428,33301462,894317,1534,10.000067
/Users/okamu/.cache/gomisat/corpus/unsat-uuf250-1065/uuf250-023.cnf,250,1065,UNSAT,255756,11213921,306012,604,3.242177
/Users/okamu/.cache/gomisat/corpus/unsat-uuf250-1065/uuf250-024.cnf,250,1065,UNSAT,201627,8839393,242902,510,2.445627
/Users/okamu/.cache/gomisat/corpus/unsat-uuf250-1065/uuf250-025.cnf,250,1065,UNSAT,490809,22077880,591836,1023,6.354197
/Users/okamu/.cache/gomisat/corpus/unsat-uuf250-1065/uuf250-026.cnf,250,1065,UNSAT,143383,6367688,173225,382,1.713270
/Users/okamu/.cache/gomisat/corpus/unsat-uuf250-1065/uuf250-027.cnf,250,1065,UNSAT,562389,25139856,677334,1175,7.455582
/Users/okamu/.cache/gomisat/corpus/unsat-uuf250-1065/uuf250-028.cnf,250,1065,UNSAT,563150,25043164,678564,1179,7.434130
/Users/okamu/.cache/gomisat/corpus/unsat-uuf250-1065/uuf250-029.cnf,250,1065,UNSAT,268377,11833217,321054,637,3.381907
/Users/okamu/.cache/gomisat/corpus/unsat-uuf250-1065/uuf250-03.cnf,250,1065,UNSAT,311181,13900998,374445,764,3.965438
/Users/okamu/.cache/gomisat/corpus/unsat-uuf250-1065/uuf250-030.cnf,250,1065,UNSAT,350812,14999079,424358,829,4.351977
/Users/okamu/.cache/gomisat/corpus/unsat-uuf250-1065/uuf250-031.cnf,250,1065,UNKNOWN,742073,33834932,896087,1534,10.002020
/Users/okamu/.cache/gomisat/corpus/unsat-uuf250-1065/uuf250-032.cnf,250,1065,UNSAT,489347,21517410,586083,1023,6.302414
/Users/okamu/.cache/gomisat/corpus/unsat-uuf250-1065/uuf250-033.cnf,250,1065,UNSAT,640802,28347901,774992,1371,8.471881
/Users/okamu/.cache/gomisat/corpus/unsat-uuf250-1065/uuf250-034.cnf,250,1065,UNSAT,674804,30154500,814777,1467,8.983332
/Users/okamu/.cache/gomisat/corpus/unsat-uuf250-1065/uuf250-035.cnf,250,1065,UNSAT,615940,27225737,742640,1283,8.046411
/Users/okamu/.cache/gomisat/corpus/unsat-uuf250-1065/uuf250-036.cnf,250,1065,UNSAT,218480,9521926,263312,511,2.659721
/Users/okamu/.cache/gomisat/corpus/unsat-uuf250-1065/uuf250-037.cnf,250,1065,UNSAT,271014,11743930,324398,638,3.289210
/Users/okamu/.cache/gomisat/corpus/unsat-uuf250-1065/uuf250-038.cnf,250,1065,UNSAT,102821,4544709,123359,258,1.191891
/Users/okamu/.cache/gomisat/corpus/unsat-uuf250-1065/uuf250-039.cnf,250,1065,UNSAT,374404,16470570,450118,893,4.748619
/Users/okamu/.cache/gomisat/corpus/unsat-uuf250-1065/uuf250-04.cnf,250,1065,UNSAT,451061,19622339,543408,1022,5.790162
/Users/okamu/.cache/gomisat/corpus/unsat-uuf250-1065/uuf250-040.cnf,250,1065,UNSAT,136391,5933557,162887,380,1.612113
/Users/okamu/.cache/gomisat/corpus/unsat-uuf250-1065/uuf250-041.cnf,250,1065,UNSAT,472932,21325015,570884,1023,6.148499
/Users/okamu/.cache/gomisat/corpus/unsat-uuf250-1065/uuf250-042.cnf,250,1065,UNSAT,442018,19675444,529826,1022,5.773272
/Users/okamu/.cache/gomisat/corpus/unsat-uuf250-1065/uuf250-043.cnf,250,1065,UNSAT,487253,21608714,584475,1023,6.337794
/Users/okamu/.cache/gomisat/corpus/unsat-uuf250-1065/uuf250-044.cnf,250,1065,UNSAT,410666,18313926,496226,1015,5.321497
/Users/okamu/.cache/gomisat/corpus/unsat-uuf250-1065/uuf250-045.cnf,250,1065,UNSAT,201301,9017945,242625,510,2.449453
/Users/okamu/.cache/gomisat/corpus/unsat-uuf250-1065/uuf250-046.cnf,250,1065,UNKNOWN,732176,32652051,889890,1534,10.002058
/Users/okamu/.cache/gomisat/corpus/unsat-uuf250-1065/uuf250-047.cnf,250,1065,UNSAT,330481,14589983,398234,766,4.147258
/Users/okamu/.cache/gomisat/corpus/unsat-uuf250-1065/uuf250-048.cnf,250,1065,UNSAT,114480,5084105,137042,307,1.345501
/Users/okamu/.cache/gomisat/corpus/unsat-uuf250-1065/uuf250-049.cnf,250,1065,UNSAT,231446,10692210,279148,517,2.914112
/Users/okamu/.cache/gomisat/corpus/unsat-uuf250-1065/uuf250-05.cnf,250,1065,UNSAT,239163,10456110,287473,545,2.939388
/Users/okamu/.cache/gomisat/corpus/unsat-uuf250-1065/uuf250-050.cnf,250,1065,UNSAT,510753,22202617,615931,1023,6.704298
/Users/okamu/.cache/gomisat/corpus/unsat-uuf250-1065/uuf250-051.cnf,250,1065,UNKNOWN,749674,33520152,902987,1564,10.002038
/Users/okamu/.cache/gomisat/corpus/unsat-uuf250-1065/uuf250-052.cnf,250,1065,UNSAT,446079,19544225,534909,1022,5.762743
/Users/okamu/.cache/gomisat/corpus/unsat-uuf250-1065/uuf250-053.cnf,250,1065,UNSAT,626871,27687235,757493,1327,8.229358
/Users/okamu/.cache/gomisat/corpus/unsat-uuf250-1065/uuf250-054.cnf,250,1065,UNSAT,411920,18771476,495821,1017,5.361912
/Users/okamu/.cache/gomisat/corpus/unsat-uuf250-1065/uuf250-055.cnf,250,1065,UNSAT,70121,3068426,83305,220,0.793954
/Users/okamu/.cache/gomisat/corpus/unsat-uuf250-1065/uuf250-056.cnf,250,1065,UNSAT,338894,15091180,409256,795,4.268929
/Users/okamu/.cache/gomisat/corpus/unsat-uuf250-1065/uuf250-057.cnf,250,1065,UNSAT,570065,24981076,690018,1203,7.575769
/Users/okamu/.cache/gomisat/corpus/unsat-uuf250-1065/uuf250-058.cnf,250,1065,UNKNOWN,751239,33547824,905478,1565,10.002031
/Users/okamu/.cache/gomisat/corpus/unsat-uuf250-1065/uuf250-059.cnf,250,1065,UNSAT,122627,5347878,146511,324,1.430890
/Users/okamu/.cache/gomisat/corpus/unsat-uuf250-1065/uuf250-06.cnf,250,1065,UNSAT,438346,19308407,527800,1022,5.675064
/Users/okamu/.cache/gomisat/corpus/unsat-uuf250-1065/uuf250-060.cnf,250,1065,UNSAT,280345,12344380,336849,663,3.490076
/Users/okamu/.cache/gomisat/corpus/unsat-uuf250-1065/uuf250-061.cnf,250,1065,UNKNOWN,737263,33174319,893748,1534,10.001637
/Users/okamu/.cache/gomisat/corpus/unsat-uuf250-1065/uuf250-062.cnf,250,1065,UNSAT,266557,11633526,322546,637,3.297444
/Users/okamu/.cache/gomisat/corpus/unsat-uuf250-1065/uuf250-063.cnf,250,1065,UNSAT,564998,25287848,680260,1181,7.488304
/Users/okamu/.cache/gomisat/corpus/unsat-uuf250-1065/uuf250-064.cnf,250,1065,UNSAT,540421,24029807,648630,1120,7.161542
/Users/okamu/.cache/gomisat/corpus/unsat-uuf250-1065/uuf250-065.cnf,250,1065,UNSAT,202104,8907671,241984,510,2.441497
/Users/okamu/.cache/gomisat/corpus/unsat-uuf250-1065/uuf250-066.cnf,250,1065,UNKNOWN,737683,33131765,888981,1534,10.002053
/Users/okamu/.cache/gomisat/corpus/unsat-uuf250-1065/uuf250-067.cnf,250,1065,UNSAT,403034,18259672,486996,985,5.233215
/Users/okamu/.cache/gomisat/corpus/unsat-uuf250-1065/uuf250-068.cnf,250,1065,UNSAT,86662,3840576,103022,254,0.986673
/Users/okamu/.cache/gomisat/corpus/unsat-uuf250-1065/uuf250-069.cnf,250,1065,UNSAT,490842,21479130,591156,1023,6.361296
/Users/okamu/.cache/gomisat/corpus/unsat-uuf250-1065/uuf250-07.cnf,250,1065,UNSAT,485010,21449043,581012,1023,6.420356
/Users/okamu/.cache/gomisat/corpus/unsat-uuf250-1065/uuf250-070.cnf,250,1065,UNKNOWN,732379,32982163,884178,1534,10.002013
/Users/okamu/.cache/gomisat/corpus/unsat-uuf250-1065/uuf250-071.cnf,250,1065,UNKNOWN,738079,32815255,894261,1534,10.001823
/Users/okamu/.cache/gomisat/corpus/unsat-uuf250-1065/uuf250-072.cnf,250,1065,UNSAT,484363,21363127,582052,1023,6.242801
/Users/okamu/.cache/gomisat/corpus/unsat-uuf250-1065/uuf250-073.cnf,250,1065,UNSAT,214007,9701287,257904,511,2.679716
/Users/okamu/.cache/gomisat/corpus/unsat-uuf250-1065/uuf250-074.cnf,250,1065,UNSAT,333798,14424801,401489,770,4.129642
/Users/okamu/.cache/gomisat/corpus/unsat-uuf250-1065/uuf250-075.cnf,250,1065,UNSAT,457685,20451788,555394,1022,6.914978
/Users/okamu/.cache/gomisat/corpus/unsat-uuf250-1065/uuf250-076.cnf,250,1065,UNSAT,351518,15307043,421735,829,4.467949
/Users/okamu/.cache/gomisat/corpus/unsat-uuf250-1065/uuf250-077.cnf,250,1065,UNKNOWN,735157,33295916,891972,1534,10.002066
/Users/okamu/.cache/gomisat/corpus/unsat-uuf250-1065/uuf250-078.cnf,250,1065,UNSAT,495363,22126000,594471,1023,6.437878
/Users/okamu/.cache/gomisat/corpus/unsat-uuf250-1065/uuf250-079.cnf,250,1065,UNSAT,644951,28578348,774346,1386,8.642426
/Users/okamu/.cache/gomisat/corpus/unsat-uuf250-1065/uuf250-08.cnf,250,1065,UNSAT,340045,14875487,409741,797,4.282803
/Users/okamu/.cache/gomisat/corpus/unsat-uuf250-1065/uuf250-080.cnf,250,1065,UNSAT,616641,27236717,739203,1286,8.168403
/Users/okamu/.cache/gomisat/corpus/unsat-uuf250-1065/uuf250-081.cnf,250,1065,UNSAT,738731,32501356,887618,1534,9.785623
/Users/okamu/.cache/gomisat/corpus/unsat-uuf250-1065/uuf250-082.cnf,250,1065,UNSAT,424935,18903631,511603,1021,5.446855
/Users/okamu/.cache/gomisat/corpus/unsat-uuf250-1065/uuf250-083.cnf,250,1065,UNSAT,182246,8204273,219602,507,2.238151
/Users/okamu/.cache/gomisat/corpus/unsat-uuf250-1065/uuf250-084.cnf,250,1065,UNSAT,323301,14633993,388485,766,4.119802
/Users/okamu/.cache/gomisat/corpus/unsat-uuf250-1065/uuf250-085.cnf,250,1065,UNSAT,321196,14027134,385920,766,4.009341
/Users/okamu/.cache/gomisat/corpus/unsat-uuf250-1065/uuf250-086.cnf,250,1065,UNSAT,389008,17038670,465151,939,4.896542
/Users/okamu/.cache/gomisat/corpus/unsat-uuf250-1065/uuf250-087.cnf,250,1065,UNKNOWN,737044,32921614,890183,1534,10.002065
/Users/okamu/.cache/gomisat/corpus/unsat-uuf250-1065/uuf250-088.cnf,250,1065,UNSAT,526231,23333067,633301,1083,6.904065
/Users/okamu/.cache/gomisat/corpus/unsat-uuf250-1065/uuf250-089.cnf,250,1065,UNSAT,349306,15724226,421220,828,4.501988
/Users/okamu/.cache/gomisat/corpus/unsat-uuf250-1065/uuf250-09.cnf,250,1065,UNKNOWN,739341,33441280,891279,1534,10.002025
/Users/okamu/.cache/gomisat/corpus/unsat-uuf250-1065/uuf250-090.cnf,250,1065,UNSAT,68672,2996647,81606,214,0.780972
/Users/okamu/.cache/gomisat/corpus/unsat-uuf250-1065/uuf250-091.cnf,250,1065,UNSAT,482610,21714955,584578,1023,6.288772
/Users/okamu/.cache/gomisat/corpus/unsat-uuf250-1065/uuf250-092.cnf,250,1065,UNSAT,701966,30975184,848484,1532,9.387789
/Users/okamu/.cache/gomisat/corpus/unsat-uuf250-1065/uuf250-093.cnf,250,1065,UNSAT,458088,20140852,553027,1022,5.885295
/Users/okamu/.cache/gomisat/corpus/unsat-uuf250-1065/uuf250-094.cnf,250,1065,UNSAT,352726,15482711,425181,830,4.400253
/Users/okamu/.cache/gomisat/corpus/unsat-uuf250-1065/uuf250-095.cnf,250,1065,UNSAT,204158,8817668,244798,510,2.436373
/Users/okamu/.cache/gomisat/corpus/unsat-uuf250-1065/uuf250-096.cnf,250,1065,UNSAT,520668,23299538,624116,1054,6.834605
/Users/okamu/.cache/gomisat/corpus/unsat-uuf250-1065/uuf250-097.cnf,250,1065,UNSAT,251208,11222855,301800,581,3.122375
/Users/okamu/.cache/gomisat/corpus/unsat-uuf250-1065/uuf250-098.cnf,250,1065,UNSAT,149010,6610147,178682,392,1.765055
/Users/okamu/.cache/gomisat/corpus/unsat-uuf250-1065/uuf250-099.cnf,250,1065,UNSAT,250770,10969487,299891,580,3.047273
