instance,vars,clauses,status,conflicts,propagations,decisions,restarts,seconds
/Users/okamu/.cache/gomisat/corpus/mixed-beijing/2bitadd_10.cnf,590,1422,UNSAT,87261,3860065,117196,254,2.450590
/Users/okamu/.cache/gomisat/corpus/mixed-beijing/2bitadd_11.cnf,649,1562,SAT,189,7475,885,2,0.001344
/Users/okamu/.cache/gomisat/corpus/mixed-beijing/2bitadd_12.cnf,708,1702,SAT,182,7796,977,2,0.001376
/Users/okamu/.cache/gomisat/corpus/mixed-beijing/2bitcomp_5.cnf,125,310,SAT,0,125,58,1,0.000019
/Users/okamu/.cache/gomisat/corpus/mixed-beijing/2bitmax_6.cnf,252,766,SAT,0,252,137,1,0.000039
/Users/okamu/.cache/gomisat/corpus/mixed-beijing/3bitadd_31.cnf,8432,31310,SAT,22722,3929371,99021,81,1.166075
/Users/okamu/.cache/gomisat/corpus/mixed-beijing/3bitadd_32.cnf,8704,32316,SAT,1429,254372,17725,10,0.049731
/Users/okamu/.cache/gomisat/corpus/mixed-beijing/3blocks.cnf,283,9690,SAT,75,4288,589,1,0.000784
/Users/okamu/.cache/gomisat/corpus/mixed-beijing/4blocks.cnf,758,47820,SAT,1912,108490,8769,13,0.031223
/Users/okamu/.cache/gomisat/corpus/mixed-beijing/4blocksb.cnf,410,24758,SAT,257,15851,1593,3,0.003637
/Users/okamu/.cache/gomisat/corpus/mixed-beijing/e0ddr2-10-by-5-1.cnf,19500,103887,SAT,143,83933,5891,2,0.011386
/Users/okamu/.cache/gomisat/corpus/mixed-beijing/e0ddr2-10-by-5-4.cnf,19500,104527,SAT,0,19500,5795,1,0.005478
/Users/okamu/.cache/gomisat/corpus/mixed-beijing/enddr2-10-by-5-1.cnf,20700,111567,SAT,0,20700,5458,1,0.004673
/Users/okamu/.cache/gomisat/corpus/mixed-beijing/enddr2-10-by-5-8.cnf,21000,113729,SAT,0,21000,5550,1,0.004840
/Users/okamu/.cache/gomisat/corpus/mixed-beijing/ewddr2-10-by-5-1.cnf,21800,118607,SAT,0,21800,5474,1,0.004521
/Users/okamu/.cache/gomisat/corpus/mixed-beijing/ewddr2-10-by-5-8.cnf,22500,123329,SAT,1,22774,5353,1,0.005902
/Users/okamu/.cache/gomisat/corpus/sat-ais/ais10.cnf,181,3151,SAT,96,3043,247,1,0.000525
/Users/okamu/.cache/gomisat/corpus/sat-ais/ais12.cnf,265,5666,SAT,88,3444,243,1,0.000521
/Users/okamu/.cache/gomisat/corpus/sat-ais/ais6.cnf,61,581,SAT,9,222,35,1,0.000043
/Users/okamu/.cache/gomisat/corpus/sat-ais/ais8.cnf,113,1520,SAT,8,306,65,1,0.000063
/Users/okamu/.cache/gomisat/corpus/sat-blocksworld/anomaly.cnf,48,261,SAT,1,83,5,1,0.000019
/Users/okamu/.cache/gomisat/corpus/sat-blocksworld/bw_large.a.cnf,459,4675,SAT,18,2767,39,1,0.000307
/Users/okamu/.cache/gomisat/corpus/sat-blocksworld/bw_large.b.cnf,1087,13772,SAT,55,16796,131,1,0.001364
/Users/okamu/.cache/gomisat/corpus/sat-blocksworld/bw_large.c.cnf,3016,50457,SAT,1028,459602,2002,7,0.040035
/Users/okamu/.cache/gomisat/corpus/sat-blocksworld/bw_large.d.cnf,6325,131973,SAT,1581,1129407,3756,10,0.103567
/Users/okamu/.cache/gomisat/corpus/sat-blocksworld/huge.cnf,459,7054,SAT,21,3710,40,1,0.000367
/Users/okamu/.cache/gomisat/corpus/sat-blocksworld/medium.cnf,116,953,SAT,5,362,13,1,0.000053
/Users/okamu/.cache/gomisat/corpus/sat-bmc/bmc-galileo-8.cnf,58074,294821,SAT,1064,744566,7129,7,0.097207
/Users/okamu/.cache/gomisat/corpus/sat-bmc/bmc-galileo-9.cnf,63624,326999,SAT,2236,3066246,11460,14,0.390704
/Users/okamu/.cache/gomisat/corpus/sat-bmc/bmc-ibm-1.cnf,9685,55870,SAT,923,331229,6996,7,0.039308
/Users/okamu/.cache/gomisat/corpus/sat-bmc/bmc-ibm-10.cnf,59056,323700,SAT,4244,3389089,23810,22,0.524645
/Users/okamu/.cache/gomisat/corpus/sat-bmc/bmc-ibm-11.cnf,32109,150027,SAT,2318,1766536,10870,14,0.291938
/Users/okamu/.cache/gomisat/corpus/sat-bmc/bmc-ibm-12.cnf,39598,194778,SAT,8854,12603969,38520,38,2.004928
/Users/okamu/.cache/gomisat/corpus/sat-bmc/bmc-ibm-13.cnf,13215,65728,SAT,27705,19364020,50562,98,3.552622
/Users/okamu/.cache/gomisat/corpus/sat-bmc/bmc-ibm-2.cnf,2810,11683,SAT,70,13369,338,1,0.001343
/Users/okamu/.cache/gomisat/corpus/sat-bmc/bmc-ibm-3.cnf,14930,72106,SAT,1823,1024751,4694,13,0.122104
/Users/okamu/.cache/gomisat/corpus/sat-bmc/bmc-ibm-4.cnf,28161,139716,SAT,975,754677,6775,7,0.113281
/Users/okamu/.cache/gomisat/corpus/sat-bmc/bmc-ibm-5.cnf,9396,41207,SAT,271,92454,2870,3,0.010721
/Users/okamu/.cache/gomisat/corpus/sat-bmc/bmc-ibm-6.cnf,51639,368352,SAT,3019,1230964,23932,15,0.215723
/Users/okamu/.cache/gomisat/corpus/sat-bmc/bmc-ibm-7.cnf,8710,39774,SAT,4,15691,401,1,0.002186
/Users/okamu/.cache/gomisat/corpus/sat-flat150-360/flat150-1.cnf,450,1680,SAT,204,22313,311,3,0.002329
/Users/okamu/.cache/gomisat/corpus/sat-flat150-360/flat150-10.cnf,450,1680,SAT,139,16434,257,2,0.001364
/Users/okamu/.cache/gomisat/corpus/sat-flat150-360/flat150-100.cnf,450,1680,SAT,120,14747,200,2,0.001167
/Users/okamu/.cache/gomisat/corpus/sat-flat150-360/flat150-11.cnf,450,1680,SAT,57,6319,137,1,0.000545
/Users/okamu/.cache/gomisat/corpus/sat-flat150-360/flat150-12.cnf,450,1680,SAT,127,13340,222,2,0.001159
/Users/okamu/.cache/gomisat/corpus/sat-flat150-360/flat150-13.cnf,450,1680,SAT,127,13327,235,2,0.001904
/Users/okamu/.cache/gomisat/corpus/sat-flat150-360/flat150-14.cnf,450,1680,SAT,148,16371,238,2,0.001401
/Users/okamu/.cache/gomisat/corpus/sat-flat150-360/flat150-15.cnf,450,1680,SAT,232,26991,343,3,0.002279
/Users/okamu/.cache/gomisat/corpus/sat-flat150-360/flat150-16.cnf,450,1680,SAT,538,56308,715,5,0.005310
/Users/okamu/.cache/gomisat/corpus/sat-flat150-360/flat150-17.cnf,450,1680,SAT,12,1777,51,1,0.000182
/Users/okamu/.cache/gomisat/corpus/sat-flat150-360/flat150-18.cnf,450,1680,SAT,34,4204,95,1,0.000373
/Users/okamu/.cache/gomisat/corpus/sat-flat150-360/flat150-19.cnf,450,1680,SAT,388,39933,500,3,0.003564
/Users/okamu/.cache/gomisat/corpus/sat-flat150-360/flat150-2.cnf,450,1680,SAT,377,40638,551,3,0.003962
/Users/okamu/.cache/gomisat/corpus/sat-flat150-360/flat150-20.cnf,450,1680,SAT,14,1740,60,1,0.000180
/Users/okamu/.cache/gomisat/corpus/sat-flat150-360/flat150-21.cnf,450,1680,SAT,118,11937,187,2,0.001019
/Users/okamu/.cache/gomisat/corpus/sat-flat150-360/flat150-22.cnf,450,1680,SAT,264,26862,362,3,0.002389
/Users/okamu/.cache/gomisat/corpus/sat-flat150-360/flat150-23.cnf,450,1680,SAT,202,23237,309,3,0.002621
/Users/okamu/.cache/gomisat/corpus/sat-flat150-360/flat150-24.cnf,450,1680,SAT,272,30513,396,3,0.002670
/Users/okamu/.cache/gomisat/corpus/sat-flat150-360/flat150-25.cnf,450,1680,SAT,69,7580,129,1,0.000654
/Users/okamu/.cache/gomisat/corpus/sat-flat150-360/flat150-26.cnf,450,1680,SAT,195,22043,312,2,0.002532
/Users/okamu/.cache/gomisat/corpus/sat-flat150-360/flat150-27.cnf,450,1680,SAT,12,2303,57,1,0.000219
/Users/okamu/.cache/gomisat/corpus/sat-flat150-360/flat150-28.cnf,450,1680,SAT,223,24264,317,3,0.002301
/Users/okamu/.cache/gomisat/corpus/sat-flat150-360/flat150-29.cnf,450,1680,SAT,229,25368,351,3,0.002169
/Users/okamu/.cache/gomisat/corpus/sat-flat150-360/flat150-3.cnf,450,1680,SAT,14,1279,83,1,0.000154
/Users/okamu/.cache/gomisat/corpus/sat-flat150-360/flat150-30.cnf,450,1680,SAT,324,34031,459,3,0.003009
/Users/okamu/.cache/gomisat/corpus/sat-flat150-360/flat150-31.cnf,450,1680,SAT,111,12186,185,2,0.001032
/Users/okamu/.cache/gomisat/corpus/sat-flat150-360/flat150-32.cnf,450,1680,SAT,144,15180,213,2,0.001478
/Users/okamu/.cache/gomisat/corpus/sat-flat150-360/flat150-33.cnf,450,1680,SAT,380,42243,517,3,0.003939
/Users/okamu/.cache/gomisat/corpus/sat-flat150-360/flat150-34.cnf,450,1680,SAT,239,27696,337,3,0.002777
/Users/okamu/.cache/gomisat/corpus/sat-flat150-360/flat150-35.cnf,450,1680,SAT,86,8267,151,1,0.000759
/Users/okamu/.cache/gomisat/corpus/sat-flat150-360/flat150-36.cnf,450,1680,SAT,85,9588,168,1,0.000767
/Users/okamu/.cache/gomisat/corpus/sat-flat150-360/flat150-37.cnf,450,1680,SAT,182,18487,270,2,0.001683
/Users/okamu/.cache/gomisat/corpus/sat-flat150-360/flat150-38.cnf,450,1680,SAT,155,15984,233,2,0.001395
/Users/okamu/.cache/gomisat/corpus/sat-flat150-360/flat150-39.cnf,450,1680,SAT,116,10460,208,2,0.000932
/Users/okamu/.cache/gomisat/corpus/sat-flat150-360/flat150-4.cnf,450,1680,SAT,103,12892,177,2,0.001041
/Users/okamu/.cache/gomisat/corpus/sat-flat150-360/flat150-40.cnf,450,1680,SAT,402,46771,539,4,0.004908
/Users/okamu/.cache/gomisat/corpus/sat-flat150-360/flat150-41.cnf,450,1680,SAT,33,3849,94,1,0.000371
/Users/okamu/.cache/gomisat/corpus/sat-flat150-360/flat150-42.cnf,450,1680,SAT,215,21820,313,3,0.001838
/Users/okamu/.cache/gomisat/corpus/sat-flat150-360/flat150-43.cnf,450,1680,SAT,305,36950,413,3,0.003259
/Users/okamu/.cache/gomisat/corpus/sat-flat150-360/flat150-44.cnf,450,1680,SAT,51,5695,109,1,0.000516
/Users/okamu/.cache/gomisat/corpus/sat-flat150-360/flat150-45.cnf,450,1680,SAT,538,53595,714,5,0.005513
/Users/okamu/.cache/gomisat/corpus/sat-flat150-360/flat150-46.cnf,450,1680,SAT,268,26793,372,3,0.002279
/Users/okamu/.cache/gomisat/corpus/sat-flat150-360/flat150-47.cnf,450,1680,SAT,33,3456,90,1,0.000303
/Users/okamu/.cache/gomisat/corpus/sat-flat150-360/flat150-48.cnf,450,1680,SAT,239,26049,346,3,0.002339
/Users/okamu/.cache/gomisat/corpus/sat-flat150-360/flat150-49.cnf,450,1680,SAT,125,14140,211,2,0.001188
/Users/okamu/.cache/gomisat/corpus/sat-flat150-360/flat150-5.cnf,450,1680,SAT,120,11835,200,2,0.000945
/Users/okamu/.cache/gomisat/corpus/sat-flat150-360/flat150-50.cnf,450,1680,SAT,142,15409,238,2,0.001600
/Users/okamu/.cache/gomisat/corpus/sat-flat150-360/flat150-51.cnf,450,1680,SAT,285,33799,398,3,0.002903
/Users/okamu/.cache/gomisat/corpus/sat-flat150-360/flat150-52.cnf,450,1680,SAT,335,38284,448,3,0.003823
/Users/okamu/.cache/gomisat/corpus/sat-flat150-360/flat150-53.cnf,450,1680,SAT,265,29979,371,3,0.002564
/Users/okamu/.cache/gomisat/corpus/sat-flat150-360/flat150-54.cnf,450,1680,SAT,482,55515,633,4,0.005849
/Users/okamu/.cache/gomisat/corpus/sat-flat150-360/flat150-55.cnf,450,1680,SAT,47,4472,114,1,0.000413
/Users/okamu/.cache/gomisat/corpus/sat-flat150-360/flat150-56.cnf,450,1680,SAT,531,58046,779,5,0.006427
/Users/okamu/.cache/gomisat/corpus/sat-flat150-360/flat150-57.cnf,450,1680,SAT,319,34949,423,3,0.003130
/Users/okamu/.cache/gomisat/corpus/sat-flat150-360/flat150-58.cnf,450,1680,SAT,214,24626,301,3,0.002104
/Users/okamu/.cache/gomisat/corpus/sat-flat150-360/flat150-59.cnf,450,1680,SAT,484,56204,625,4,0.005304
/Users/okamu/.cache/gomisat/corpus/sat-flat150-360/flat150-6.cnf,450,1680,SAT,118,13435,200,2,0.001129
/Users/okamu/.cache/gomisat/corpus/sat-flat150-360/flat150-60.cnf,450,1680,SAT,146,15118,224,2,0.001287
/Users/okamu/.cache/gomisat/corpus/sat-flat150-360/flat150-61.cnf,450,1680,SAT,257,29195,397,3,0.002584
/Users/okamu/.cache/gomisat/corpus/sat-flat150-360/flat150-62.cnf,450,1680,SAT,157,16801,232,2,0.001455
/Users/okamu/.cache/gomisat/corpus/sat-flat150-360/flat150-63.cnf,450,1680,SAT,392,44098,504,3,0.004469
/Users/okamu/.cache/gomisat/corpus/sat-flat150-360/flat150-64.cnf,450,1680,SAT,32,3518,83,1,0.000351
/Users/okamu/.cache/gomisat/corpus/sat-flat150-360/flat150-65.cnf,450,1680,SAT,322,35633,444,3,0.003199
/Users/okamu/.cache/gomisat/corpus/sat-flat150-360/flat150-66.cnf,450,1680,SAT,31,3625,90,1,0.000350
/Users/okamu/.cache/gomisat/corpus/sat-flat150-360/flat150-67.cnf,450,1680,SAT,134,13638,194,2,0.001159
/Users/okamu/.cache/gomisat/corpus/sat-flat150-360/flat150-68.cnf,450,1680,SAT,299,32802,403,3,0.003622
/Users/okamu/.cache/gomisat/corpus/sat-flat150-360/flat150-69.cnf,450,1680,SAT,53,5569,109,1,0.000493
/Users/okamu/.cache/gomisat/corpus/sat-flat150-360/flat150-7.cnf,450,1680,SAT,159,16305,268,2,0.001414
/Users/okamu/.cache/gomisat/corpus/sat-flat150-360/flat150-70.cnf,450,1680,SAT,309,34879,410,3,0.003068
/Users/okamu/.cache/gomisat/corpus/sat-flat150-360/flat150-71.cnf,450,1680,SAT,121,11436,190,2,0.001176
/Users/okamu/.cache/gomisat/corpus/sat-flat150-360/flat150-72.cnf,450,1680,SAT,72,7639,121,1,0.000671
/Users/okamu/.cache/gomisat/corpus/sat-flat150-360/flat150-73.cnf,450,1680,SAT,227,26904,324,3,0.002283
/Users/okamu/.cache/gomisat/corpus/sat-flat150-360/flat150-74.cnf,450,1680,SAT,36,3607,86,1,0.000339
/Users/okamu/.cache/gomisat/corpus/sat-flat150-360/flat150-75.cnf,450,1680,SAT,122,13001,207,2,0.001114
/Users/okamu/.cache/gomisat/corpus/sat-flat150-360/flat150-76.cnf,450,1680,SAT,206,22256,298,3,0.001922
/Users/okamu/.cache/gomisat/corpus/sat-flat150-360/flat150-77.cnf,450,1680,SAT,81,10149,150,1,0.000809
/Users/okamu/.cache/gomisat/corpus/sat-flat150-360/flat150-78.cnf,450,1680,SAT,249,28575,367,3,0.002803
/Users/okamu/.cache/gomisat/corpus/sat-flat150-360/flat150-79.cnf,450,1680,SAT,177,18946,260,2,0.001611
/Users/okamu/.cache/gomisat/corpus/sat-flat150-360/flat150-8.cnf,450,1680,SAT,83,8734,142,1,0.000741
/Users/okamu/.cache/gomisat/corpus/sat-flat150-360/flat150-80.cnf,450,1680,SAT,254,25909,368,3,0.002281
/Users/okamu/.cache/gomisat/corpus/sat-flat150-360/flat150-81.cnf,450,1680,SAT,109,12391,183,2,0.000992
/Users/okamu/.cache/gomisat/corpus/sat-flat150-360/flat150-82.cnf,450,1680,SAT,194,20690,267,2,0.001739
/Users/okamu/.cache/gomisat/corpus/sat-flat150-360/flat150-83.cnf,450,1680,SAT,250,26880,366,3,0.002282
/Users/okamu/.cache/gomisat/corpus/sat-flat150-360/flat150-84.cnf,450,1680,SAT,267,29361,375,3,0.002878
/Users/okamu/.cache/gomisat/corpus/sat-flat150-360/flat150-85.cnf,450,1680,SAT,163,19431,245,2,0.001662
/Users/okamu/.cache/gomisat/corpus/sat-flat150-360/flat150-86.cnf,450,1680,SAT,218,24738,318,3,0.002113
/Users/okamu/.cache/gomisat/corpus/sat-flat150-360/flat150-87.cnf,450,1680,SAT,164,19270,238,2,0.001662
/Users/okamu/.cache/gomisat/corpus/sat-flat150-360/flat150-88.cnf,450,1680,SAT,108,10575,172,2,0.000896
/Users/okamu/.cache/gomisat/corpus/sat-flat150-360/flat150-89-c2.cnf,450,1680,SAT,372,43365,494,3,0.004173
/Users/okamu/.cache/gomisat/corpus/sat-flat150-360/flat150-89.cnf,450,1680,SAT,372,43365,494,3,0.003813
/Users/okamu/.cache/gomisat/corpus/sat-flat150-360/flat150-9.cnf,450,1680,SAT,1290,153711,1631,8,0.019228
/Users/okamu/.cache/gomisat/corpus/sat-flat150-360/flat150-90.cnf,450,1680,SAT,103,11698,184,2,0.000984
/Users/okamu/.cache/gomisat/corpus/sat-flat150-360/flat150-91.cnf,450,1680,SAT,130,13821,222,2,0.001148
/Users/okamu/.cache/gomisat/corpus/sat-flat150-360/flat150-92.cnf,450,1680,SAT,46,5299,101,1,0.000447
/Users/okamu/.cache/gomisat/corpus/sat-flat150-360/flat150-93.cnf,450,1680,SAT,118,13628,201,2,0.001159
/Users/okamu/.cache/gomisat/corpus/sat-flat150-360/flat150-94.cnf,450,1680,SAT,76,8262,131,1,0.000723
/Users/okamu/.cache/gomisat/corpus/sat-flat150-360/flat150-95.cnf,450,1680,SAT,214,23677,320,3,0.002062
/Users/okamu/.cache/gomisat/corpus/sat-flat150-360/flat150-96.cnf,450,1680,SAT,206,22126,312,3,0.001931
/Users/okamu/.cache/gomisat/corpus/sat-flat150-360/flat150-97.cnf,450,1680,SAT,63,5682,117,1,0.000521
/Users/okamu/.cache/gomisat/corpus/sat-flat150-360/flat150-98.cnf,450,1680,SAT,125,14338,214,2,0.001223
/Users/okamu/.cache/gomisat/corpus/sat-flat150-360/flat150-99.cnf,450,1680,SAT,385,41364,517,3,0.003701
/Users/okamu/.cache/gomisat/corpus/sat-flat175-417/flat175-1.cnf,525,1951,SAT,116,14426,206,2,0.001171
/Users/okamu/.cache/gomisat/corpus/sat-flat175-417/flat175-10.cnf,525,1951,SAT,259,28377,394,3,0.002432
/Users/okamu/.cache/gomisat/corpus/sat-flat175-417/flat175-100.cnf,525,1951,SAT,934,118281,1188,7,0.012748
/Users/okamu/.cache/gomisat/corpus/sat-flat175-417/flat175-11.cnf,525,1951,SAT,223,25369,391,3,0.002161
/Users/okamu/.cache/gomisat/corpus/sat-flat175-417/flat175-12.cnf,525,1951,SAT,132,16378,217,2,0.001378
/Users/okamu/.cache/gomisat/corpus/sat-flat175-417/flat175-13.cnf,525,1951,SAT,354,42450,508,3,0.003841
/Users/okamu/.cache/gomisat/corpus/sat-flat175-417/flat175-14.cnf,525,1951,SAT,571,73256,786,5,0.007189
/Users/okamu/.cache/gomisat/corpus/sat-flat175-417/flat175-15.cnf,525,1951,SAT,194,23149,290,2,0.001887
/Users/okamu/.cache/gomisat/corpus/sat-flat175-417/flat175-16.cnf,525,1951,SAT,148,18608,238,2,0.001619
/Users/okamu/.cache/gomisat/corpus/sat-flat175-417/flat175-17.cnf,525,1951,SAT,721,94683,992,6,0.010137
/Users/okamu/.cache/gomisat/corpus/sat-flat175-417/flat175-18.cnf,525,1951,SAT,154,15968,262,2,0.001321
/Users/okamu/.cache/gomisat/corpus/sat-flat175-417/flat175-19.cnf,525,1951,SAT,629,73079,841,6,0.007088
/Users/okamu/.cache/gomisat/corpus/sat-flat175-417/flat175-2.cnf,525,1951,SAT,114,15122,177,2,0.001306
/Users/okamu/.cache/gomisat/corpus/sat-flat175-417/flat175-20.cnf,525,1951,SAT,791,94591,1118,6,0.010357
/Users/okamu/.cache/gomisat/corpus/sat-flat175-417/flat175-21.cnf,525,1951,SAT,203,24434,364,3,0.002122
/Users/okamu/.cache/gomisat/corpus/sat-flat175-417/flat175-22.cnf,525,1951,SAT,631,80097,904,6,0.007596
/Users/okamu/.cache/gomisat/corpus/sat-flat175-417/flat175-23.cnf,525,1951,SAT,530,65985,666,5,0.006718
/Users/okamu/.cache/gomisat/corpus/sat-flat175-417/flat175-24.cnf,525,1951,SAT,252,27604,416,3,0.002389
/Users/okamu/.cache/gomisat/corpus/sat-flat175-417/flat175-25.cnf,525,1951,SAT,153,17989,257,2,0.001530
/Users/okamu/.cache/gomisat/corpus/sat-flat175-417/flat175-26.cnf,525,1951,SAT,147,17345,254,2,0.001452
/Users/okamu/.cache/gomisat/corpus/sat-flat175-417/flat175-27.cnf,525,1951,SAT,163,19110,260,2,0.001657
/Users/okamu/.cache/gomisat/corpus/sat-flat175-417/flat175-28.cnf,525,1951,SAT,86,10508,140,1,0.001822
/Users/okamu/.cache/gomisat/corpus/sat-flat175-417/flat175-29.cnf,525,1951,SAT,36,3809,110,1,0.000345
/Users/okamu/.cache/gomisat/corpus/sat-flat175-417/flat175-3.cnf,525,1951,SAT,182,22621,271,2,0.001839
/Users/okamu/.cache/gomisat/corpus/sat-flat175-417/flat175-30.cnf,525,1951,SAT,189,24307,263,2,0.002084
/Users/okamu/.cache/gomisat/corpus/sat-flat175-417/flat175-31.cnf,525,1951,SAT,176,18968,271,2,0.001604
/Users/okamu/.cache/gomisat/corpus/sat-flat175-417/flat175-32.cnf,525,1951,SAT,211,26641,336,3,0.002293
/Users/okamu/.cache/gomisat/corpus/sat-flat175-417/flat175-33.cnf,525,1951,SAT,319,35888,479,3,0.003249
/Users/okamu/.cache/gomisat/corpus/sat-flat175-417/flat175-34.cnf,525,1951,SAT,253,29637,378,3,0.002547
/Users/okamu/.cache/gomisat/corpus/sat-flat175-417/flat175-35.cnf,525,1951,SAT,159,18238,261,2,0.001573
/Users/okamu/.cache/gomisat/corpus/sat-flat175-417/flat175-36.cnf,525,1951,SAT,55,6314,143,1,0.000544
/Users/okamu/.cache/gomisat/corpus/sat-flat175-417/flat175-37.cnf,525,1951,SAT,69,8454,145,1,0.000736
/Users/okamu/.cache/gomisat/corpus/sat-flat175-417/flat175-38.cnf,525,1951,SAT,131,13346,250,2,0.001140
/Users/okamu/.cache/gomisat/corpus/sat-flat175-417/flat175-39.cnf,525,1951,SAT,560,64519,783,5,0.006131
/Users/okamu/.cache/gomisat/corpus/sat-flat175-417/flat175-4.cnf,525,1951,SAT,78,9918,137,1,0.001125
/Users/okamu/.cache/gomisat/corpus/sat-flat175-417/flat175-40.cnf,525,1951,SAT,264,32668,378,3,0.002804
/Users/okamu/.cache/gomisat/corpus/sat-flat175-417/flat175-41.cnf,525,1951,SAT,127,14776,219,2,0.001266
/Users/okamu/.cache/gomisat/corpus/sat-flat175-417/flat175-42.cnf,525,1951,SAT,54,6187,135,1,0.000544
/Users/okamu/.cache/gomisat/corpus/sat-flat175-417/flat175-43.cnf,525,1951,SAT,140,17754,248,2,0.001448
/Users/okamu/.cache/gomisat/corpus/sat-flat175-417/flat175-44.cnf,525,1951,SAT,289,35937,400,3,0.003207
/Users/okamu/.cache/gomisat/corpus/sat-flat175-417/flat175-45.cnf,525,1951,SAT,139,17843,219,2,0.001460
/Users/okamu/.cache/gomisat/corpus/sat-flat175-417/flat175-46.cnf,525,1951,SAT,947,116012,1220,7,0.012982
/Users/okamu/.cache/gomisat/corpus/sat-flat175-417/flat175-47.cnf,525,1951,SAT,118,15922,222,2,0.001302
/Users/okamu/.cache/gomisat/corpus/sat-flat175-417/flat175-48.cnf,525,1951,SAT,9,1527,56,1,0.000175
/Users/okamu/.cache/gomisat/corpus/sat-flat175-417/flat175-49.cnf,525,1951,SAT,678,81335,1031,6,0.008607
/Users/okamu/.cache/gomisat/corpus/sat-flat175-417/flat175-5.cnf,525,1951,SAT,112,12107,201,2,0.001002
/Users/okamu/.cache/gomisat/corpus/sat-flat175-417/flat175-50.cnf,525,1951,SAT,198,26660,287,2,0.002201
/Users/okamu/.cache/gomisat/corpus/sat-flat175-417/flat175-51.cnf,525,1951,SAT,196,21825,281,2,0.001832
/Users/okamu/.cache/gomisat/corpus/sat-flat175-417/flat175-52.cnf,525,1951,SAT,141,17086,227,2,0.001379
/Users/okamu/.cache/gomisat/corpus/sat-flat175-417/flat175-53.cnf,525,1951,SAT,129,17692,215,2,0.001464
/Users/okamu/.cache/gomisat/corpus/sat-flat175-417/flat175-54.cnf,525,1951,SAT,359,44890,523,3,0.004051
/Users/okamu/.cache/gomisat/corpus/sat-flat175-417/flat175-55.cnf,525,1951,SAT,163,20122,264,2,0.001702
/Users/okamu/.cache/gomisat/corpus/sat-flat175-417/flat175-56.cnf,525,1951,SAT,1305,150164,1689,9,0.019025
/Users/okamu/.cache/gomisat/corpus/sat-flat175-417/flat175-57.cnf,525,1951,SAT,185,23034,327,2,0.001951
/Users/okamu/.cache/gomisat/corpus/sat-flat175-417/flat175-58.cnf,525,1951,SAT,165,19272,261,2,0.001587
/Users/okamu/.cache/gomisat/corpus/sat-flat175-417/flat175-59.cnf,525,1951,SAT,559,64922,782,5,0.006306
/Users/okamu/.cache/gomisat/corpus/sat-flat175-417/flat175-6.cnf,525,1951,SAT,73,9020,136,1,0.000750
/Users/okamu/.cache/gomisat/corpus/sat-flat175-417/flat175-60.cnf,525,1951,SAT,81,9659,156,1,0.000825
/Users/okamu/.cache/gomisat/corpus/sat-flat175-417/flat175-61.cnf,525,1951,SAT,47,5857,87,1,0.000511
/Users/okamu/.cache/gomisat/corpus/sat-flat175-417/flat175-62.cnf,525,1951,SAT,519,66073,681,5,0.005874
/Users/okamu/.cache/gomisat/corpus/sat-flat175-417/flat175-63.cnf,525,1951,SAT,384,49050,537,3,0.004257
/Users/okamu/.cache/gomisat/corpus/sat-flat175-417/flat175-64.cnf,525,1951,SAT,284,34794,406,3,0.003383
/Users/okamu/.cache/gomisat/corpus/sat-flat175-417/flat175-65.cnf,525,1951,SAT,602,71631,798,5,0.006967
/Users/okamu/.cache/gomisat/corpus/sat-flat175-417/flat175-66.cnf,525,1951,SAT,363,46895,528,3,0.004348
/Users/okamu/.cache/gomisat/corpus/sat-flat175-417/flat175-67.cnf,525,1951,SAT,60,6197,150,1,0.000580
/Users/okamu/.cache/gomisat/corpus/sat-flat175-417/flat175-68.cnf,525,1951,SAT,538,68442,740,5,0.007031
/Users/okamu/.cache/gomisat/corpus/sat-flat175-417/flat175-69.cnf,525,1951,SAT,111,13598,213,2,0.001105
/Users/okamu/.cache/gomisat/corpus/sat-flat175-417/flat175-7.cnf,525,1951,SAT,85,10667,149,1,0.000889
/Users/okamu/.cache/gomisat/corpus/sat-flat175-417/flat175-70.cnf,525,1951,SAT,83,9052,166,1,0.001195
/Users/okamu/.cache/gomisat/corpus/sat-flat175-417/flat175-71.cnf,525,1951,SAT,195,23106,314,2,0.001947
/Users/okamu/.cache/gomisat/corpus/sat-flat175-417/flat175-72.cnf,525,1951,SAT,528,62408,713,5,0.006360
/Users/okamu/.cache/gomisat/corpus/sat-flat175-417/flat175-73.cnf,525,1951,SAT,140,16255,284,2,0.001419
/Users/okamu/.cache/gomisat/corpus/sat-flat175-417/flat175-74.cnf,525,1951,SAT,115,14089,197,2,0.001198
/Users/okamu/.cache/gomisat/corpus/sat-flat175-417/flat175-75.cnf,525,1951,SAT,55,7481,141,1,0.000606
/Users/okamu/.cache/gomisat/corpus/sat-flat175-417/flat175-76.cnf,525,1951,SAT,137,17218,223,2,0.001486
/Users/okamu/.cache/gomisat/corpus/sat-flat175-417/flat175-77.cnf,525,1951,SAT,243,30837,381,3,0.002644
/Users/okamu/.cache/gomisat/corpus/sat-flat175-417/flat175-78.cnf,525,1951,SAT,1066,137607,1408,7,0.014868
/Users/okamu/.cache/gomisat/corpus/sat-flat175-417/flat175-79.cnf,525,1951,SAT,106,10896,176,2,0.000948
/Users/okamu/.cache/gomisat/corpus/sat-flat175-417/flat175-8.cnf,525,1951,SAT,321,39340,487,3,0.003876
/Users/okamu/.cache/gomisat/corpus/sat-flat175-417/flat175-80.cnf,525,1951,SAT,147,17416,244,2,0.001551
/Users/okamu/.cache/gomisat/corpus/sat-flat175-417/flat175-81.cnf,525,1951,SAT,548,65939,776,5,0.006557
/Users/okamu/.cache/gomisat/corpus/sat-flat175-417/flat175-82.cnf,525,1951,SAT,183,21034,299,2,0.001843
/Users/okamu/.cache/gomisat/corpus/sat-flat175-417/flat175-83.cnf,525,1951,SAT,126,14922,213,2,0.001254
/Users/okamu/.cache/gomisat/corpus/sat-flat175-417/flat175-84.cnf,525,1951,SAT,529,64463,744,5,0.006477
/Users/okamu/.cache/gomisat/corpus/sat-flat175-417/flat175-85.cnf,525,1951,SAT,690,89277,997,6,0.009437
/Users/okamu/.cache/gomisat/corpus/sat-flat175-417/flat175-86.cnf,525,1951,SAT,504,65433,667,5,0.006527
/Users/okamu/.cache/gomisat/corpus/sat-flat175-417/flat175-87.cnf,525,1951,SAT,477,52703,642,4,0.005085
/Users/okamu/.cache/gomisat/corpus/sat-flat175-417/flat175-88.cnf,525,1951,SAT,126,13985,244,2,0.001199
/Users/okamu/.cache/gomisat/corpus/sat-flat175-417/flat175-89.cnf,525,1951,SAT,178,20076,283,2,0.001931
/Users/okamu/.cache/gomisat/corpus/sat-flat175-417/flat175-9.cnf,525,1951,SAT,144,16751,219,2,0.001356
/Users/okamu/.cache/gomisat/corpus/sat-flat175-417/flat175-90.cnf,525,1951,SAT,471,60298,655,4,0.005718
/Users/okamu/.cache/gomisat/corpus/sat-flat175-417/flat175-91.cnf,525,1951,SAT,345,39881,475,3,0.003806
/Users/okamu/.cache/gomisat/corpus/sat-flat175-417/flat175-92.cnf,525,1951,SAT,125,16209,198,2,0.001310
/Users/okamu/.cache/gomisat/corpus/sat-flat175-417/flat175-93.cnf,525,1951,SAT,138,16438,231,2,0.001390
/Users/okamu/.cache/gomisat/corpus/sat-flat175-417/flat175-94.cnf,525,1951,SAT,578,69841,787,5,0.006983
/Users/okamu/.cache/gomisat/corpus/sat-flat175-417/flat175-95.cnf,525,1951,SAT,220,26877,325,3,0.002210
/Users/okamu/.cache/gomisat/corpus/sat-flat175-417/flat175-96.cnf,525,1951,SAT,333,37831,461,3,0.003480
/Users/okamu/.cache/gomisat/corpus/sat-flat175-417/flat175-97.cnf,525,1951,SAT,1001,117189,1308,7,0.013465
/Users/okamu/.cache/gomisat/corpus/sat-flat175-417/flat175-98.cnf,525,1951,SAT,252,30740,383,3,0.002618
/Users/okamu/.cache/gomisat/corpus/sat-flat175-417/flat175-99.cnf,525,1951,SAT,144,15292,267,2,0.001315
/Users/okamu/.cache/gomisat/corpus/sat-flat200-479/flat200-1.cnf,600,2237,SAT,104,16035,200,2,0.001375
/Users/okamu/.cache/gomisat/corpus/sat-flat200-479/flat200-10.cnf,600,2237,SAT,480,60335,681,4,0.006431
/Users/okamu/.cache/gomisat/corpus/sat-flat200-479/flat200-100.cnf,600,2237,SAT,882,111801,1189,7,0.013581
/Users/okamu/.cache/gomisat/corpus/sat-flat200-479/flat200-11.cnf,600,2237,SAT,486,65841,716,4,0.006161
/Users/okamu/.cache/gomisat/corpus/sat-flat200-479/flat200-12.cnf,600,2237,SAT,749,98583,970,6,0.009952
/Users/okamu/.cache/gomisat/corpus/sat-flat200-479/flat200-13.cnf,600,2237,SAT,752,99482,1088,6,0.010411
/Users/okamu/.cache/gomisat/corpus/sat-flat200-479/flat200-14.cnf,600,2237,SAT,452,61886,684,4,0.005736
/Users/okamu/.cache/gomisat/corpus/sat-flat200-479/flat200-15.cnf,600,2237,SAT,288,40254,432,3,0.003521
/Users/okamu/.cache/gomisat/corpus/sat-flat200-479/flat200-16.cnf,600,2237,SAT,442,60080,654,4,0.005525
/Users/okamu/.cache/gomisat/corpus/sat-flat200-479/flat200-17.cnf,600,2237,SAT,1664,223818,2239,11,0.027890
/Users/okamu/.cache/gomisat/corpus/sat-flat200-479/flat200-18.cnf,600,2237,SAT,922,114284,1161,7,0.012017
/Users/okamu/.cache/gomisat/corpus/sat-flat200-479/flat200-19.cnf,600,2237,SAT,713,91716,984,6,0.009372
/Users/okamu/.cache/gomisat/corpus/sat-flat200-479/flat200-2.cnf,600,2237,SAT,606,74103,866,6,0.007972
/Users/okamu/.cache/gomisat/corpus/sat-flat200-479/flat200-20.cnf,600,2237,SAT,564,71201,755,5,0.007062
/Users/okamu/.cache/gomisat/corpus/sat-flat200-479/flat200-21.cnf,600,2237,SAT,252,33226,360,3,0.002893
/Users/okamu/.cache/gomisat/corpus/sat-flat200-479/flat200-22.cnf,600,2237,SAT,392,48568,634,3,0.004768
/Users/okamu/.cache/gomisat/corpus/sat-flat200-479/flat200-23.cnf,600,2237,SAT,373,49406,541,3,0.004604
/Users/okamu/.cache/gomisat/corpus/sat-flat200-479/flat200-24.cnf,600,2237,SAT,446,59400,638,4,0.005141
/Users/okamu/.cache/gomisat/corpus/sat-flat200-479/flat200-25.cnf,600,2237,SAT,171,24409,293,2,0.002010
/Users/okamu/.cache/gomisat/corpus/sat-flat200-479/flat200-26.cnf,600,2237,SAT,855,117940,1212,7,0.012321
/Users/okamu/.cache/gomisat/corpus/sat-flat200-479/flat200-27.cnf,600,2237,SAT,2645,357124,3410,15,0.050508
/Users/okamu/.cache/gomisat/corpus/sat-flat200-479/flat200-28.cnf,600,2237,SAT,276,37668,418,3,0.003143
/Users/okamu/.cache/gomisat/corpus/sat-flat200-479/flat200-29.cnf,600,2237,SAT,544,73052,797,5,0.006954
/Users/okamu/.cache/gomisat/corpus/sat-flat200-479/flat200-3.cnf,600,2237,SAT,1072,144933,1378,7,0.016186
/Users/okamu/.cache/gomisat/corpus/sat-flat200-479/flat200-30.cnf,600,2237,SAT,981,130363,1348,7,0.013966
/Users/okamu/.cache/gomisat/corpus/sat-flat200-479/flat200-31.cnf,600,2237,SAT,911,123226,1266,7,0.013403
/Users/okamu/.cache/gomisat/corpus/sat-flat200-479/flat200-32.cnf,600,2237,SAT,151,21131,253,2,0.001661
/Users/okamu/.cache/gomisat/corpus/sat-flat200-479/flat200-33.cnf,600,2237,SAT,208,29723,373,3,0.002456
/Users/okamu/.cache/gomisat/corpus/sat-flat200-479/flat200-34.cnf,600,2237,SAT,628,88793,866,6,0.008900
/Users/okamu/.cache/gomisat/corpus/sat-flat200-479/flat200-35.cnf,600,2237,SAT,145,17470,268,2,0.001434
/Users/okamu/.cache/gomisat/corpus/sat-flat200-479/flat200-36.cnf,600,2237,SAT,602,81270,863,5,0.008328
/Users/okamu/.cache/gomisat/corpus/sat-flat200-479/flat200-37.cnf,600,2237,SAT,435,52741,611,4,0.005206
/Users/okamu/.cache/gomisat/corpus/sat-flat200-479/flat200-38.cnf,600,2237,SAT,256,33583,424,3,0.002888
/Users/okamu/.cache/gomisat/corpus/sat-flat200-479/flat200-39.cnf,600,2237,SAT,2846,380556,3541,15,0.059604
/Users/okamu/.cache/gomisat/corpus/sat-flat200-479/flat200-4.cnf,600,2237,SAT,754,98487,1033,6,0.009902
/Users/okamu/.cache/gomisat/corpus/sat-flat200-479/flat200-40.cnf,600,2237,SAT,108,13755,202,2,0.001144
/Users/okamu/.cache/gomisat/corpus/sat-flat200-479/flat200-41.cnf,600,2237,SAT,98,11495,194,1,0.002193
/Users/okamu/.cache/gomisat/corpus/sat-flat200-479/flat200-42.cnf,600,2237,SAT,92,11303,178,1,0.000973
/Users/okamu/.cache/gomisat/corpus/sat-flat200-479/flat200-43.cnf,600,2237,SAT,215,30227,308,3,0.002625
/Users/okamu/.cache/gomisat/corpus/sat-flat200-479/flat200-44.cnf,600,2237,SAT,781,101203,1005,6,0.009759
/Users/okamu/.cache/gomisat/corpus/sat-flat200-479/flat200-45.cnf,600,2237,SAT,578,82665,815,5,0.007978
/Users/okamu/.cache/gomisat/corpus/sat-flat200-479/flat200-46.cnf,600,2237,SAT,866,115533,1138,7,0.012113
/Users/okamu/.cache/gomisat/corpus/sat-flat200-479/flat200-47.cnf,600,2237,SAT,1605,218047,2030,10,0.026512
/Users/okamu/.cache/gomisat/corpus/sat-flat200-479/flat200-48.cnf,600,2237,SAT,887,115797,1190,7,0.012865
/Users/okamu/.cache/gomisat/corpus/sat-flat200-479/flat200-49.cnf,600,2237,SAT,157,17608,267,2,0.001556
/Users/okamu/.cache/gomisat/corpus/sat-flat200-479/flat200-5.cnf,600,2237,SAT,1942,250166,2529,13,0.034433
/Users/okamu/.cache/gomisat/corpus/sat-flat200-479/flat200-50.cnf,600,2237,SAT,693,88429,980,6,0.009089
/Users/okamu/.cache/gomisat/corpus/sat-flat200-479/flat200-51.cnf,600,2237,SAT,188,25263,276,2,0.002037
/Users/okamu/.cache/gomisat/corpus/sat-flat200-479/flat200-52.cnf,600,2237,SAT,1415,194319,1792,10,0.023437
/Users/okamu/.cache/gomisat/corpus/sat-flat200-479/flat200-53.cnf,600,2237,SAT,105,14829,206,2,0.001318
/Users/okamu/.cache/gomisat/corpus/sat-flat200-479/flat200-54.cnf,600,2237,SAT,1275,157008,1638,8,0.018267
/Users/okamu/.cache/gomisat/corpus/sat-flat200-479/flat200-55.cnf,600,2237,SAT,2664,357242,3462,15,0.052146
/Users/okamu/.cache/gomisat/corpus/sat-flat200-479/flat200-56.cnf,600,2237,SAT,650,86691,939,6,0.008495
/Users/okamu/.cache/gomisat/corpus/sat-flat200-479/flat200-57.cnf,600,2237,SAT,702,89456,1045,6,0.011162
/Users/okamu/.cache/gomisat/corpus/sat-flat200-479/flat200-58.cnf,600,2237,SAT,24,4075,86,1,0.000799
/Users/okamu/.cache/gomisat/corpus/sat-flat200-479/flat200-59.cnf,600,2237,SAT,546,68838,768,5,0.008265
/Users/okamu/.cache/gomisat/corpus/sat-flat200-479/flat200-6.cnf,600,2237,SAT,297,39276,462,3,0.007142
/Users/okamu/.cache/gomisat/corpus/sat-flat200-479/flat200-60.cnf,600,2237,SAT,160,19872,244,2,0.001611
/Users/okamu/.cache/gomisat/corpus/sat-flat200-479/flat200-61.cnf,600,2237,SAT,26,3167,89,1,0.000685
/Users/okamu/.cache/gomisat/corpus/sat-flat200-479/flat200-62.cnf,600,2237,SAT,1083,134117,1425,7,0.020322
/Users/okamu/.cache/gomisat/corpus/sat-flat200-479/flat200-63.cnf,600,2237,SAT,1031,139674,1415,7,0.018659
/Users/okamu/.cache/gomisat/corpus/sat-flat200-479/flat200-64.cnf,600,2237,SAT,246,31870,351,3,0.002631
/Users/okamu/.cache/gomisat/corpus/sat-flat200-479/flat200-65.cnf,600,2237,SAT,1483,210506,1938,10,0.033604
/Users/okamu/.cache/gomisat/corpus/sat-flat200-479/flat200-66.cnf,600,2237,SAT,2572,349072,3300,15,0.050184
/Users/okamu/.cache/gomisat/corpus/sat-flat200-479/flat200-67.cnf,600,2237,SAT,138,18499,236,2,0.001605
/Users/okamu/.cache/gomisat/corpus/sat-flat200-479/flat200-68.cnf,600,2237,SAT,133,17475,216,2,0.001893
/Users/okamu/.cache/gomisat/corpus/sat-flat200-479/flat200-69.cnf,600,2237,SAT,172,24525,295,2,0.002092
/Users/okamu/.cache/gomisat/corpus/sat-flat200-479/flat200-7.cnf,600,2237,SAT,1145,160698,1465,7,0.017864
/Users/okamu/.cache/gomisat/corpus/sat-flat200-479/flat200-70.cnf,600,2237,SAT,729,96284,1046,6,0.009626
/Users/okamu/.cache/gomisat/corpus/sat-flat200-479/flat200-71.cnf,600,2237,SAT,599,85783,813,5,0.008181
/Users/okamu/.cache/gomisat/corpus/sat-flat200-479/flat200-72.cnf,600,2237,SAT,552,73770,821,5,0.007062
/Users/okamu/.cache/gomisat/corpus/sat-flat200-479/flat200-73.cnf,600,2237,SAT,816,106500,1092,7,0.011259
/Users/okamu/.cache/gomisat/corpus/sat-flat200-479/flat200-74.cnf,600,2237,SAT,808,110973,1173,7,0.011832
/Users/okamu/.cache/gomisat/corpus/sat-flat200-479/flat200-75.cnf,600,2237,SAT,334,45061,541,3,0.004293
/Users/okamu/.cache/gomisat/corpus/sat-flat200-479/flat200-76.cnf,600,2237,SAT,644,85763,892,6,0.008891
/Users/okamu/.cache/gomisat/corpus/sat-flat200-479/flat200-77.cnf,600,2237,SAT,1112,154126,1542,7,0.017034
/Users/okamu/.cache/gomisat/corpus/sat-flat200-479/flat200-78.cnf,600,2237,SAT,547,74688,799,5,0.007067
/Users/okamu/.cache/gomisat/corpus/sat-flat200-479/flat200-79.cnf,600,2237,SAT,1937,268590,2519,13,0.034786
/Users/okamu/.cache/gomisat/corpus/sat-flat200-479/flat200-8.cnf,600,2237,SAT,101,13462,197,2,0.001116
/Users/okamu/.cache/gomisat/corpus/sat-flat200-479/flat200-80.cnf,600,2237,SAT,363,50401,517,3,0.004249
/Users/okamu/.cache/gomisat/corpus/sat-flat200-479/flat200-81.cnf,600,2237,SAT,1661,229273,2231,11,0.029194
/Users/okamu/.cache/gomisat/corpus/sat-flat200-479/flat200-82.cnf,600,2237,SAT,648,89339,907,6,0.008631
/Users/okamu/.cache/gomisat/corpus/sat-flat200-479/flat200-83.cnf,600,2237,SAT,2061,267737,2692,14,0.037970
/Users/okamu/.cache/gomisat/corpus/sat-flat200-479/flat200-84.cnf,600,2237,SAT,573,76959,832,5,0.007455
/Users/okamu/.cache/gomisat/corpus/sat-flat200-479/flat200-85.cnf,600,2237,SAT,766,102697,1079,6,0.010078
/Users/okamu/.cache/gomisat/corpus/sat-flat200-479/flat200-86.cnf,600,2237,SAT,257,36753,419,3,0.002960
/Users/okamu/.cache/gomisat/corpus/sat-flat200-479/flat200-87.cnf,600,2237,SAT,1113,150075,1504,7,0.017626
/Users/okamu/.cache/gomisat/corpus/sat-flat200-479/flat200-88.cnf,600,2237,SAT,865,118869,1120,7,0.012911
/Users/okamu/.cache/gomisat/corpus/sat-flat200-479/flat200-89.cnf,600,2237,SAT,161,20032,269,2,0.001750
/Users/okamu/.cache/gomisat/corpus/sat-flat200-479/flat200-9.cnf,600,2237,SAT,1274,170612,1640,8,0.019812
/Users/okamu/.cache/gomisat/corpus/sat-flat200-479/flat200-90.cnf,600,2237,SAT,488,61541,731,4,0.005781
/Users/okamu/.cache/gomisat/corpus/sat-flat200-479/flat200-91.cnf,600,2237,SAT,179,22851,320,2,0.001931
/Users/okamu/.cache/gomisat/corpus/sat-flat200-479/flat200-92.cnf,600,2237,SAT,318,42117,474,3,0.003996
/Users/okamu/.cache/gomisat/corpus/sat-flat200-479/flat200-93.cnf,600,2237,SAT,503,66217,687,5,0.006087
/Users/okamu/.cache/gomisat/corpus/sat-flat200-479/flat200-94.cnf,600,2237,SAT,284,39792,484,3,0.003426
/Users/okamu/.cache/gomisat/corpus/sat-flat200-479/flat200-95.cnf,600,2237,SAT,1071,141017,1369,7,0.015903
/Users/okamu/.cache/gomisat/corpus/sat-flat200-479/flat200-96.cnf,600,2237,SAT,364,48891,567,3,0.004957
/Users/okamu/.cache/gomisat/corpus/sat-flat200-479/flat200-97.cnf,600,2237,SAT,55,6453,148,1,0.000570
/Users/okamu/.cache/gomisat/corpus/sat-flat200-479/flat200-98.cnf,600,2237,SAT,506,69236,760,5,0.006359
/Users/okamu/.cache/gomisat/corpus/sat-flat200-479/flat200-99.cnf,600,2237,SAT,814,107473,1169,7,0.011055
/Users/okamu/.cache/gomisat/corpus/sat-hanoi/hanoi4.cnf,718,4934,SAT,2457,161720,4165,15,0.022803
/Users/okamu/.cache/gomisat/corpus/sat-hanoi/hanoi5.cnf,1931,14468,SAT,41591,3311769,72902,127,1.035521
/Users/okamu/.cache/gomisat/corpus/sat-inductive-inference/ii16a1.cnf,1650,19368,SAT,5,2056,1165,1,0.000363
/Users/okamu/.cache/gomisat/corpus/sat-inductive-inference/ii16a2.cnf,1602,23281,SAT,109,18811,696,2,0.002405
/Users/okamu/.cache/gomisat/corpus/sat-inductive-inference/ii16b1.cnf,1728,24792,SAT,140,23553,1034,2,0.002660
/Users/okamu/.cache/gomisat/corpus/sat-inductive-inference/ii16b2.cnf,1076,16121,SAT,50,8686,150,1,0.000935
/Users/okamu/.cache/gomisat/corpus/sat-inductive-inference/ii16c1.cnf,1580,16467,SAT,2,1763,1017,1,0.000346
/Users/okamu/.cache/gomisat/corpus/sat-inductive-inference/ii16c2.cnf,924,13803,SAT,409,63826,1144,4,0.009619
/Users/okamu/.cache/gomisat/corpus/sat-inductive-inference/ii16d1.cnf,1230,15901,SAT,1,1478,458,1,0.000332
/Users/okamu/.cache/gomisat/corpus/sat-inductive-inference/ii16d2.cnf,836,12461,SAT,0,836,39,1,0.000241
/Users/okamu/.cache/gomisat/corpus/sat-inductive-inference/ii16e1.cnf,1245,14766,SAT,2,1469,774,1,0.000393
/Users/okamu/.cache/gomisat/corpus/sat-inductive-inference/ii16e2.cnf,532,7825,SAT,534,47427,1457,5,0.007201
/Users/okamu/.cache/gomisat/corpus/sat-inductive-inference/ii32a1.cnf,459,9212,SAT,1207,88845,3425,8,0.017784
/Users/okamu/.cache/gomisat/corpus/sat-inductive-inference/ii32b1.cnf,228,1374,SAT,3,293,40,1,0.000081
/Users/okamu/.cache/gomisat/corpus/sat-inductive-inference/ii32b2.cnf,261,2558,SAT,75,2219,193,1,0.000562
/Users/okamu/.cache/gomisat/corpus/sat-inductive-inference/ii32b3.cnf,348,5734,SAT,102,5802,278,2,0.001177
/Users/okamu/.cache/gomisat/corpus/sat-inductive-inference/ii32b4.cnf,381,6918,SAT,20,1116,60,1,0.000665
/Users/okamu/.cache/gomisat/corpus/sat-inductive-inference/ii32c1.cnf,225,1280,SAT,1,254,50,1,0.000066
/Users/okamu/.cache/gomisat/corpus/sat-inductive-inference/ii32c2.cnf,249,2182,SAT,0,249,45,1,0.000082
/Users/okamu/.cache/gomisat/corpus/sat-inductive-inference/ii32c3.cnf,279,3272,SAT,3,610,44,1,0.000169
/Users/okamu/.cache/gomisat/corpus/sat-inductive-inference/ii32c4.cnf,759,20862,SAT,84,11317,288,1,0.002712
/Users/okamu/.cache/gomisat/corpus/sat-inductive-inference/ii32d1.cnf,332,2703,SAT,60,1611,139,1,0.000469
/Users/okamu/.cache/gomisat/corpus/sat-inductive-inference/ii32d2.cnf,404,5153,SAT,113,5243,534,2,0.001189
/Users/okamu/.cache/gomisat/corpus/sat-inductive-inference/ii32d3.cnf,824,19478,SAT,4648,491716,15038,25,0.115871
/Users/okamu/.cache/gomisat/corpus/sat-inductive-inference/ii32e1.cnf,222,1186,SAT,0,222,52,1,0.000051
/Users/okamu/.cache/gomisat/corpus/sat-inductive-inference/ii32e2.cnf,267,2746,SAT,35,1117,82,1,0.000326
/Users/okamu/.cache/gomisat/corpus/sat-inductive-inference/ii32e3.cnf,330,5020,SAT,89,4430,261,1,0.000893
/Users/okamu/.cache/gomisat/corpus/sat-inductive-inference/ii32e4.cnf,387,7106,SAT,72,3733,317,1,0.000803
/Users/okamu/.cache/gomisat/corpus/sat-inductive-inference/ii32e5.cnf,522,11636,SAT,116,11618,333,2,0.002251
/Users/okamu/.cache/gomisat/corpus/sat-inductive-inference/ii8a1.cnf,66,186,SAT,2,99,26,1,0.000018
/Users/okamu/.cache/gomisat/corpus/sat-inductive-inference/ii8a2.cnf,180,800,SAT,0,180,92,1,0.000027
/Users/okamu/.cache/gomisat/corpus/sat-inductive-inference/ii8a3.cnf,264,1552,SAT,1,287,136,1,0.000046
/Users/okamu/.cache/gomisat/corpus/sat-inductive-inference/ii8a4.cnf,396,2798,SAT,2,432,112,1,0.000084
/Users/okamu/.cache/gomisat/corpus/sat-inductive-inference/ii8b1.cnf,336,2068,SAT,2,349,165,1,0.000062
/Users/okamu/.cache/gomisat/corpus/sat-inductive-inference/ii8b2.cnf,576,4088,SAT,1,593,271,1,0.000109
/Users/okamu/.cache/gomisat/corpus/sat-inductive-inference/ii8b3.cnf,816,6108,SAT,0,816,456,1,0.000123
/Users/okamu/.cache/gomisat/corpus/sat-inductive-inference/ii8b4.cnf,1068,8214,SAT,0,1068,604,1,0.000171
/Users/okamu/.cache/gomisat/corpus/sat-inductive-inference/ii8c1.cnf,510,3065,SAT,0,510,332,1,0.000074
/Users/okamu/.cache/gomisat/corpus/sat-inductive-inference/ii8c2.cnf,950,6689,SAT,0,950,620,1,0.000150
/Users/okamu/.cache/gomisat/corpus/sat-inductive-inference/ii8d1.cnf,530,3207,SAT,2,682,420,1,0.000090
/Users/okamu/.cache/gomisat/corpus/sat-inductive-inference/ii8d2.cnf,930,6547,SAT,0,930,534,1,0.000147
/Users/okamu/.cache/gomisat/corpus/sat-inductive-inference/ii8e1.cnf,520,3136,SAT,0,520,321,1,0.000075
/Users/okamu/.cache/gomisat/corpus/sat-inductive-inference/ii8e2.cnf,870,6121,SAT,0,870,506,1,0.000135
/Users/okamu/.cache/gomisat/corpus/sat-logistics/logistics.a.cnf,828,6718,SAT,145,12186,1307,2,0.001262
/Users/okamu/.cache/gomisat/corpus/sat-logistics/logistics.b.cnf,843,7301,SAT,129,13419,1423,2,0.001705
/Users/okamu/.cache/gomisat/corpus/sat-logistics/logistics.c.cnf,1141,10719,SAT,342,32515,3060,3,0.007042
/Users/okamu/.cache/gomisat/corpus/sat-logistics/logistics.d.cnf,4713,21991,SAT,37,14902,435,1,0.001820
/Users/okamu/.cache/gomisat/corpus/sat-parity/par16-1-c.cnf,317,1264,SAT,3003,346927,3218,15,0.035860
/Users/okamu/.cache/gomisat/corpus/sat-parity/par16-1.cnf,1015,3310,SAT,1491,311985,1704,10,0.026840
/Users/okamu/.cache/gomisat/corpus/sat-parity/par16-2-c.cnf,349,1392,SAT,6131,688360,6589,30,0.074327
/Users/okamu/.cache/gomisat/corpus/sat-parity/par16-2.cnf,1015,3374,SAT,441,94833,563,4,0.007852
/Users/okamu/.cache/gomisat/corpus/sat-parity/par16-3-c.cnf,334,1332,SAT,1829,191958,1966,13,0.020364
/Users/okamu/.cache/gomisat/corpus/sat-parity/par16-3.cnf,1015,3344,SAT,3159,637399,3407,15,0.055317
/Users/okamu/.cache/gomisat/corpus/sat-parity/par16-4-c.cnf,324,1292,SAT,1746,189964,1868,12,0.019835
/Users/okamu/.cache/gomisat/corpus/sat-parity/par16-4.cnf,1015,3324,SAT,2545,583075,2845,15,0.047452
/Users/okamu/.cache/gomisat/corpus/sat-parity/par16-5-c.cnf,341,1360,SAT,4136,422564,4411,22,0.045606
/Users/okamu/.cache/gomisat/corpus/sat-parity/par16-5.cnf,1015,3358,SAT,5675,1307188,6066,30,0.103329
/Users/okamu/.cache/gomisat/corpus/sat-parity/par32-1-c.cnf,1315,5254,UNKNOWN,173144,63824845,195791,476,10.002089
/Users/okamu/.cache/gomisat/corpus/sat-parity/par32-1.cnf,3176,10277,UNKNOWN,99399,79056741,108844,255,10.000867
/Users/okamu/.cache/gomisat/corpus/sat-parity/par32-2-c.cnf,1303,5206,UNKNOWN,173549,52384212,191836,476,10.002256
/Users/okamu/.cache/gomisat/corpus/sat-parity/par32-2.cnf,3176,10253,UNKNOWN,118123,71430845,134724,317,10.000163
/Users/okamu/.cache/gomisat/corpus/sat-parity/par32-3-c.cnf,1325,5294,UNKNOWN,138071,43798649,153739,381,10.000495
/Users/okamu/.cache/gomisat/corpus/sat-parity/par32-3.cnf,3176,10297,UNKNOWN,117401,99036959,127056,317,10.002314
/Users/okamu/.cache/gomisat/corpus/sat-parity/par32-4-c.cnf,1333,5326,UNKNOWN,188663,52062316,210779,509,10.002005
/Users/okamu/.cache/gomisat/corpus/sat-parity/par32-4.cnf,3176,10313,UNKNOWN,123837,73832390,136288,332,10.001414
/Users/okamu/.cache/gomisat/corpus/sat-parity/par32-5-c.cnf,1339,5350,UNKNOWN,176280,57617087,195353,486,10.001368
/Users/okamu/.cache/gomisat/corpus/sat-parity/par32-5.cnf,3176,10325,UNKNOWN,117483,64664336,136641,317,10.000584
/Users/okamu/.cache/gomisat/corpus/sat-parity/par8-1-c.cnf,64,254,SAT,15,400,18,1,0.000074
/Users/okamu/.cache/gomisat/corpus/sat-parity/par8-1.cnf,350,1149,SAT,26,1960,36,1,0.000233
/Users/okamu/.cache/gomisat/corpus/sat-parity/par8-2-c.cnf,68,270,SAT,18,585,22,1,0.000088
/Users/okamu/.cache/gomisat/corpus/sat-parity/par8-2.cnf,350,1157,SAT,15,1260,25,1,0.000147
/Users/okamu/.cache/gomisat/corpus/sat-parity/par8-3-c.cnf,75,298,SAT,28,924,32,1,0.000132
/Users/okamu/.cache/gomisat/corpus/sat-parity/par8-3.cnf,350,1171,SAT,18,1221,34,1,0.000160
/Users/okamu/.cache/gomisat/corpus/sat-parity/par8-4-c.cnf,67,266,SAT,7,236,13,1,0.000047
/Users/okamu/.cache/gomisat/corpus/sat-parity/par8-4.cnf,350,1155,SAT,1,436,19,1,0.000066
/Users/okamu/.cache/gomisat/corpus/sat-parity/par8-5-c.cnf,75,298,SAT,22,703,25,1,0.000098
/Users/okamu/.cache/gomisat/corpus/sat-parity/par8-5.cnf,350,1171,SAT,9,812,25,1,0.000111
/Users/okamu/.cache/gomisat/corpus/sat-uf150-645/uf150-01.cnf,150,645,SAT,384,11839,488,3,0.001869
/Users/okamu/.cache/gomisat/corpus/sat-uf150-645/uf150-010.cnf,150,645,SAT,1154,36072,1475,7,0.006532
/Users/okamu/.cache/gomisat/corpus/sat-uf150-645/uf150-0100.cnf,150,645,SAT,907,27445,1144,7,0.004941
/Users/okamu/.cache/gomisat/corpus/sat-uf150-645/uf150-011.cnf,150,645,SAT,142,4965,233,2,0.000691
/Users/okamu/.cache/gomisat/corpus/sat-uf150-645/uf150-012.cnf,150,645,SAT,1844,57307,2310,13,0.011483
/Users/okamu/.cache/gomisat/corpus/sat-uf150-645/uf150-013.cnf,150,645,SAT,541,17097,730,5,0.002568
/Users/okamu/.cache/gomisat/corpus/sat-uf150-645/uf150-014.cnf,150,645,SAT,902,29166,1184,7,0.004868
/Users/okamu/.cache/gomisat/corpus/sat-uf150-645/uf150-015.cnf,150,645,SAT,840,27276,1101,7,0.004267
/Users/okamu/.cache/gomisat/corpus/sat-uf150-645/uf150-016.cnf,150,645,SAT,530,17091,714,5,0.002559
/Users/okamu/.cache/gomisat/corpus/sat-uf150-645/uf150-017.cnf,150,645,SAT,73,2309,116,1,0.000347
/Users/okamu/.cache/gomisat/corpus/sat-uf150-645/uf150-018.cnf,150,645,SAT,1587,53406,1975,10,0.010161
/Users/okamu/.cache/gomisat/corpus/sat-uf150-645/uf150-019.cnf,150,645,SAT,749,23726,934,6,0.004001
/Users/okamu/.cache/gomisat/corpus/sat-uf150-645/uf150-02.cnf,150,645,SAT,1617,50960,2061,11,0.009956
/Users/okamu/.cache/gomisat/corpus/sat-uf150-645/uf150-020.cnf,150,645,SAT,236,7252,356,3,0.001074
/Users/okamu/.cache/gomisat/corpus/sat-uf150-645/uf150-021.cnf,150,645,SAT,725,22248,904,6,0.004142
/Users/okamu/.cache/gomisat/corpus/sat-uf150-645/uf150-022.cnf,150,645,SAT,383,12978,521,3,0.001915
/Users/okamu/.cache/gomisat/corpus/sat-uf150-645/uf150-023.cnf,150,645,SAT,1056,31734,1297,7,0.005772
/Users/okamu/.cache/gomisat/corpus/sat-uf150-645/uf150-024.cnf,150,645,SAT,977,31229,1208,7,0.005666
/Users/okamu/.cache/gomisat/corpus/sat-uf150-645/uf150-025.cnf,150,645,SAT,2022,66520,2468,14,0.013788
/Users/okamu/.cache/gomisat/corpus/sat-uf150-645/uf150-026.cnf,150,645,SAT,1291,39247,1592,8,0.007201
/Users/okamu/.cache/gomisat/corpus/sat-uf150-645/uf150-027.cnf,150,645,SAT,2558,80688,3177,15,0.018143
/Users/okamu/.cache/gomisat/corpus/sat-uf150-645/uf150-028.cnf,150,645,SAT,1283,41400,1582,8,0.007868
/Users/okamu/.cache/gomisat/corpus/sat-uf150-645/uf150-029.cnf,150,645,SAT,463,15360,604,4,0.002326
/Users/okamu/.cache/gomisat/corpus/sat-uf150-645/uf150-03.cnf,150,645,SAT,1000,32805,1251,7,0.006190
/Users/okamu/.cache/gomisat/corpus/sat-uf150-645/uf150-030.cnf,150,645,SAT,52,1706,86,1,0.000254
/Users/okamu/.cache/gomisat/corpus/sat-uf150-645/uf150-031.cnf,150,645,SAT,1366,42938,1712,9,0.007861
/Users/okamu/.cache/gomisat/corpus/sat-uf150-645/uf150-032.cnf,150,645,SAT,153,4210,211,2,0.000629
/Users/okamu/.cache/gomisat/corpus/sat-uf150-645/uf150-033.cnf,150,645,SAT,837,25049,1087,7,0.004164
/Users/okamu/.cache/gomisat/corpus/sat-uf150-645/uf150-034.cnf,150,645,SAT,2168,66531,2627,14,0.014403
/Users/okamu/.cache/gomisat/corpus/sat-uf150-645/uf150-035.cnf,150,645,SAT,1747,54730,2226,12,0.010191
/Users/okamu/.cache/gomisat/corpus/sat-uf150-645/uf150-036.cnf,150,645,SAT,939,27906,1192,7,0.004984
/Users/okamu/.cache/gomisat/corpus/sat-uf150-645/uf150-037.cnf,150,645,SAT,294,9315,386,3,0.001395
/Users/okamu/.cache/gomisat/corpus/sat-uf150-645/uf150-038.cnf,150,645,SAT,406,12698,509,4,0.001945
/Users/okamu/.cache/gomisat/corpus/sat-uf150-645/uf150-039.cnf,150,645,SAT,157,5075,216,2,0.000739
/Users/okamu/.cache/gomisat/corpus/sat-uf150-645/uf150-04.cnf,150,645,SAT,477,15352,626,4,0.002317
/Users/okamu/.cache/gomisat/corpus/sat-uf150-645/uf150-040.cnf,150,645,SAT,1337,42701,1694,9,0.008310
/Users/okamu/.cache/gomisat/corpus/sat-uf150-645/uf150-041.cnf,150,645,SAT,2172,68745,2712,14,0.014059
/Users/okamu/.cache/gomisat/corpus/sat-uf150-645/uf150-042.cnf,150,645,SAT,470,15998,624,4,0.002614
/Users/okamu/.cache/gomisat/corpus/sat-uf150-645/uf150-043.cnf,150,645,SAT,1624,50754,2042,11,0.010221
/Users/okamu/.cache/gomisat/corpus/sat-uf150-645/uf150-044.cnf,150,645,SAT,2447,73134,3053,15,0.016763
/Users/okamu/.cache/gomisat/corpus/sat-uf150-645/uf150-045.cnf,150,645,SAT,375,12066,506,3,0.001836
/Users/okamu/.cache/gomisat/corpus/sat-uf150-645/uf150-046.cnf,150,645,SAT,1495,46696,1830,10,0.009138
/Users/okamu/.cache/gomisat/corpus/sat-uf150-645/uf150-047.cnf,150,645,SAT,47,1441,80,1,0.000401
/Users/okamu/.cache/gomisat/corpus/sat-uf150-645/uf150-048.cnf,150,645,SAT,92,3598,143,1,0.000515
/Users/okamu/.cache/gomisat/corpus/sat-uf150-645/uf150-049.cnf,150,645,SAT,762,22942,982,6,0.003841
/Users/okamu/.cache/gomisat/corpus/sat-uf150-645/uf150-05.cnf,150,645,SAT,1945,60686,2402,13,0.013026
/Users/okamu/.cache/gomisat/corpus/sat-uf150-645/uf150-050.cnf,150,645,SAT,3212,105027,3883,15,0.023817
/Users/okamu/.cache/gomisat/corpus/sat-uf150-645/uf150-051.cnf,150,645,SAT,489,15819,646,4,0.002498
/Users/okamu/.cache/gomisat/corpus/sat-uf150-645/uf150-052.cnf,150,645,SAT,165,4747,234,2,0.000717
/Users/okamu/.cache/gomisat/corpus/sat-uf150-645/uf150-053.cnf,150,645,SAT,1715,52046,2145,12,0.011045
/Users/okamu/.cache/gomisat/corpus/sat-uf150-645/uf150-054.cnf,150,645,SAT,594,18887,743,5,0.002995
/Users/okamu/.cache/gomisat/corpus/sat-uf150-645/uf150-055.cnf,150,645,SAT,587,18260,775,5,0.002825
/Users/okamu/.cache/gomisat/corpus/sat-uf150-645/uf150-056.cnf,150,645,SAT,859,27085,1087,7,0.004891
/Users/okamu/.cache/gomisat/corpus/sat-uf150-645/uf150-057.cnf,150,645,SAT,688,22284,880,6,0.003443
/Users/okamu/.cache/gomisat/corpus/sat-uf150-645/uf150-058.cnf,150,645,SAT,181,5481,267,2,0.000797
/Users/okamu/.cache/gomisat/corpus/sat-uf150-645/uf150-059.cnf,150,645,SAT,1021,32225,1282,7,0.006148
/Users/okamu/.cache/gomisat/corpus/sat-uf150-645/uf150-06.cnf,150,645,SAT,70,2424,113,1,0.000350
/Users/okamu/.cache/gomisat/corpus/sat-uf150-645/uf150-060.cnf,150,645,SAT,194,6401,282,2,0.000930
/Users/okamu/.cache/gomisat/corpus/sat-uf150-645/uf150-061.cnf,150,645,SAT,1763,56380,2188,12,0.011385
/Users/okamu/.cache/gomisat/corpus/sat-uf150-645/uf150-062.cnf,150,645,SAT,2711,83934,3264,15,0.019378
/Users/okamu/.cache/gomisat/corpus/sat-uf150-645/uf150-063.cnf,150,645,SAT,2610,82193,3149,15,0.018792
/Users/okamu/.cache/gomisat/corpus/sat-uf150-645/uf150-064.cnf,150,645,SAT,601,18800,773,5,0.003091
/Users/okamu/.cache/gomisat/corpus/sat-uf150-645/uf150-065.cnf,150,645,SAT,1097,34031,1364,7,0.006274
/Users/okamu/.cache/gomisat/corpus/sat-uf150-645/uf150-066.cnf,150,645,SAT,695,22163,894,6,0.003505
/Users/okamu/.cache/gomisat/corpus/sat-uf150-645/uf150-067.cnf,150,645,SAT,1176,37578,1504,7,0.006826
/Users/okamu/.cache/gomisat/corpus/sat-uf150-645/uf150-068.cnf,150,645,SAT,1261,40502,1554,8,0.007500
/Users/okamu/.cache/gomisat/corpus/sat-uf150-645/uf150-069.cnf,150,645,SAT,693,22503,896,6,0.003422
/Users/okamu/.cache/gomisat/corpus/sat-uf150-645/uf150-07.cnf,150,645,SAT,1108,33701,1372,7,0.005879
/Users/okamu/.cache/gomisat/corpus/sat-uf150-645/uf150-070.cnf,150,645,SAT,83,2431,133,1,0.000378
/Users/okamu/.cache/gomisat/corpus/sat-uf150-645/uf150-071.cnf,150,645,SAT,195,6657,259,2,0.000965
/Users/okamu/.cache/gomisat/corpus/sat-uf150-645/uf150-072.cnf,150,645,SAT,286,9789,378,3,0.001460
/Users/okamu/.cache/gomisat/corpus/sat-uf150-645/uf150-073.cnf,150,645,SAT,1580,49855,1943,10,0.009480
/Users/okamu/.cache/gomisat/corpus/sat-uf150-645/uf150-074.cnf,150,645,SAT,84,3188,143,1,0.000425
/Users/okamu/.cache/gomisat/corpus/sat-uf150-645/uf150-075.cnf,150,645,SAT,181,6010,240,2,0.000869
/Users/okamu/.cache/gomisat/corpus/sat-uf150-645/uf150-076.cnf,150,645,SAT,250,8129,320,3,0.001221
/Users/okamu/.cache/gomisat/corpus/sat-uf150-645/uf150-077.cnf,150,645,SAT,523,17844,673,5,0.002720
/Users/okamu/.cache/gomisat/corpus/sat-uf150-645/uf150-078.cnf,150,645,SAT,1508,47302,1935,10,0.009194
/Users/okamu/.cache/gomisat/corpus/sat-uf150-645/uf150-079.cnf,150,645,SAT,5648,183293,6861,30,0.052839
/Users/okamu/.cache/gomisat/corpus/sat-uf150-645/uf150-08.cnf,150,645,SAT,235,7958,341,3,0.001146
/Users/okamu/.cache/gomisat/corpus/sat-uf150-645/uf150-080.cnf,150,645,SAT,347,11783,452,3,0.001788
/Users/okamu/.cache/gomisat/corpus/sat-uf150-645/uf150-081.cnf,150,645,SAT,1833,58032,2231,13,0.010755
/Users/okamu/.cache/gomisat/corpus/sat-uf150-645/uf150-082.cnf,150,645,SAT,615,20169,821,6,0.003225
/Users/okamu/.cache/gomisat/corpus/sat-uf150-645/uf150-083.cnf,150,645,SAT,757,24029,1009,6,0.003975
/Users/okamu/.cache/gomisat/corpus/sat-uf150-645/uf150-084.cnf,150,645,SAT,43,1517,80,1,0.000243
/Users/okamu/.cache/gomisat/corpus/sat-uf150-645/uf150-085.cnf,150,645,SAT,1244,38963,1564,8,0.006660
/Users/okamu/.cache/gomisat/corpus/sat-uf150-645/uf150-086.cnf,150,645,SAT,1736,57931,2188,12,0.011083
/Users/okamu/.cache/gomisat/corpus/sat-uf150-645/uf150-087.cnf,150,645,SAT,405,13090,553,4,0.001956
/Users/okamu/.cache/gomisat/corpus/sat-uf150-645/uf150-088.cnf,150,645,SAT,792,25549,1013,6,0.004669
/Users/okamu/.cache/gomisat/corpus/sat-uf150-645/uf150-089.cnf,150,645,SAT,600,19725,777,5,0.003010
/Users/okamu/.cache/gomisat/corpus/sat-uf150-645/uf150-09.cnf,150,645,SAT,529,17754,676,5,0.002687
/Users/okamu/.cache/gomisat/corpus/sat-uf150-645/uf150-090.cnf,150,645,SAT,632,21182,845,6,0.003679
/Users/okamu/.cache/gomisat/corpus/sat-uf150-645/uf150-091.cnf,150,645,SAT,1692,55634,2087,11,0.010436
/Users/okamu/.cache/gomisat/corpus/sat-uf150-645/uf150-092.cnf,150,645,SAT,718,23963,907,6,0.003714
/Users/okamu/.cache/gomisat/corpus/sat-uf150-645/uf150-093.cnf,150,645,SAT,229,7416,338,3,0.001086
/Users/okamu/.cache/gomisat/corpus/sat-uf150-645/uf150-094.cnf,150,645,SAT,1870,56317,2254,13,0.011941
/Users/okamu/.cache/gomisat/corpus/sat-uf150-645/uf150-095.cnf,150,645,SAT,1595,49507,1908,10,0.009390
/Users/okamu/.cache/gomisat/corpus/sat-uf150-645/uf150-096.cnf,150,645,SAT,767,24567,955,6,0.004056
/Users/okamu/.cache/gomisat/corpus/sat-uf150-645/uf150-097.cnf,150,645,SAT,695,23490,907,6,0.003733
/Users/okamu/.cache/gomisat/corpus/sat-uf150-645/uf150-098.cnf,150,645,SAT,2413,74939,2934,15,0.016484
/Users/okamu/.cache/gomisat/corpus/sat-uf150-645/uf150-099.cnf,150,645,SAT,2074,66474,2520,14,0.014468
/Users/okamu/.cache/gomisat/corpus/sat-uf200-860/uf200-01.cnf,200,860,SAT,1944,73365,2478,13,0.014971
/Users/okamu/.cache/gomisat/corpus/sat-uf200-860/uf200-010.cnf,200,860,SAT,6807,263728,8368,31,0.070416
/Users/okamu/.cache/gomisat/corpus/sat-uf200-860/uf200-0100.cnf,200,860,SAT,7128,270849,8683,31,0.080011
/Users/okamu/.cache/gomisat/corpus/sat-uf200-860/uf200-011.cnf,200,860,SAT,2332,86103,2947,14,0.017771
/Users/okamu/.cache/gomisat/corpus/sat-uf200-860/uf200-012.cnf,200,860,SAT,761,29783,994,6,0.004976
/Users/okamu/.cache/gomisat/corpus/sat-uf200-860/uf200-013.cnf,200,860,SAT,2729,103300,3412,15,0.022968
/Users/okamu/.cache/gomisat/corpus/sat-uf200-860/uf200-014.cnf,200,860,SAT,5614,212475,6825,29,0.059024
/Users/okamu/.cache/gomisat/corpus/sat-uf200-860/uf200-015.cnf,200,860,SAT,12811,488514,15435,56,0.178258
/Users/okamu/.cache/gomisat/corpus/sat-uf200-860/uf200-016.cnf,200,860,SAT,3702,142019,4589,19,0.031259
/Users/okamu/.cache/gomisat/corpus/sat-uf200-860/uf200-017.cnf,200,860,SAT,3444,133040,4354,18,0.030362
/Users/okamu/.cache/gomisat/corpus/sat-uf200-860/uf200-018.cnf,200,860,SAT,5106,204329,6355,28,0.049682
/Users/okamu/.cache/gomisat/corpus/sat-uf200-860/uf200-019.cnf,200,860,SAT,8014,306978,9939,31,0.093296
/Users/okamu/.cache/gomisat/corpus/sat-uf200-860/uf200-02.cnf,200,860,SAT,8880,336674,10770,38,0.096743
/Users/okamu/.cache/gomisat/corpus/sat-uf200-860/uf200-020.cnf,200,860,SAT,13911,518603,16454,61,0.196997
/Users/okamu/.cache/gomisat/corpus/sat-uf200-860/uf200-021.cnf,200,860,SAT,6036,229738,7468,30,0.062364
/Users/okamu/.cache/gomisat/corpus/sat-uf200-860/uf200-022.cnf,200,860,SAT,17813,671571,21279,63,0.264147
/Users/okamu/.cache/gomisat/corpus/sat-uf200-860/uf200-023.cnf,200,860,SAT,12056,464819,14669,53,0.158899
/Users/okamu/.cache/gomisat/corpus/sat-uf200-860/uf200-024.cnf,200,860,SAT,6086,237178,7588,30,0.060831
/Users/okamu/.cache/gomisat/corpus/sat-uf200-860/uf200-025.cnf,200,860,SAT,7570,288307,9161,31,0.084373
/Users/okamu/.cache/gomisat/corpus/sat-uf200-860/uf200-026.cnf,200,860,SAT,14474,564721,17686,62,0.206159
/Users/okamu/.cache/gomisat/corpus/sat-uf200-860/uf200-027.cnf,200,860,SAT,21629,835600,25783,77,0.372758
/Users/okamu/.cache/gomisat/corpus/sat-uf200-860/uf200-028.cnf,200,860,SAT,7325,282363,9000,31,0.081236
/Users/okamu/.cache/gomisat/corpus/sat-uf200-860/uf200-029.cnf,200,860,SAT,13711,510534,16533,61,0.187481
/Users/okamu/.cache/gomisat/corpus/sat-uf200-860/uf200-03.cnf,200,860,SAT,718,28484,992,6,0.004390
/Users/okamu/.cache/gomisat/corpus/sat-uf200-860/uf200-030.cnf,200,860,SAT,1486,59181,1855,10,0.010949
/Users/okamu/.cache/gomisat/corpus/sat-uf200-860/uf200-031.cnf,200,860,SAT,622,24513,853,6,0.003682
/Users/okamu/.cache/gomisat/corpus/sat-uf200-860/uf200-032.cnf,200,860,SAT,1662,64594,2170,11,0.011924
/Users/okamu/.cache/gomisat/corpus/sat-uf200-860/uf200-033.cnf,200,860,SAT,17747,684249,21568,63,0.265724
/Users/okamu/.cache/gomisat/corpus/sat-uf200-860/uf200-034.cnf,200,860,SAT,524,20648,732,5,0.002986
/Users/okamu/.cache/gomisat/corpus/sat-uf200-860/uf200-035.cnf,200,860,SAT,7102,270547,8545,31,0.076136
/Users/okamu/.cache/gomisat/corpus/sat-uf200-860/uf200-036.cnf,200,860,SAT,8760,329291,10526,37,0.103900
/Users/okamu/.cache/gomisat/corpus/sat-uf200-860/uf200-037.cnf,200,860,SAT,770,28858,982,6,0.004832
/Users/okamu/.cache/gomisat/corpus/sat-uf200-860/uf200-038.cnf,200,860,SAT,4014,153173,4861,22,0.037299
/Users/okamu/.cache/gomisat/corpus/sat-uf200-860/uf200-039.cnf,200,860,SAT,16916,634979,20113,63,0.240964
/Users/okamu/.cache/gomisat/corpus/sat-uf200-860/uf200-04.cnf,200,860,SAT,9557,362834,11669,41,0.113218
/Users/okamu/.cache/gomisat/corpus/sat-uf200-860/uf200-040.cnf,200,860,SAT,9545,363400,11680,41,0.115033
/Users/okamu/.cache/gomisat/corpus/sat-uf200-860/uf200-041.cnf,200,860,SAT,6576,248478,7947,31,0.065993
/Users/okamu/.cache/gomisat/corpus/sat-uf200-860/uf200-042.cnf,200,860,SAT,16075,626051,19512,63,0.218132
/Users/okamu/.cache/gomisat/corpus/sat-uf200-860/uf200-043.cnf,200,860,SAT,8074,305021,9830,32,0.088119
/Users/okamu/.cache/gomisat/corpus/sat-uf200-860/uf200-044.cnf,200,860,SAT,6892,262060,8371,31,0.074205
/Users/okamu/.cache/gomisat/corpus/sat-uf200-860/uf200-045.cnf,200,860,SAT,6948,265724,8531,31,0.073462
/Users/okamu/.cache/gomisat/corpus/sat-uf200-860/uf200-046.cnf,200,860,SAT,10187,399307,12557,45,0.125728
/Users/okamu/.cache/gomisat/corpus/sat-uf200-860/uf200-047.cnf,200,860,SAT,16772,647530,20415,63,0.255416
/Users/okamu/.cache/gomisat/corpus/sat-uf200-860/uf200-048.cnf,200,860,SAT,4066,152372,4999,22,0.038051
/Users/okamu/.cache/gomisat/corpus/sat-uf200-860/uf200-049.cnf,200,860,SAT,20391,763947,24332,70,0.330514
/Users/okamu/.cache/gomisat/corpus/sat-uf200-860/uf200-05.cnf,200,860,SAT,18249,697805,21808,63,0.264145
/Users/okamu/.cache/gomisat/corpus/sat-uf200-860/uf200-050.cnf,200,860,SAT,13232,509053,16110,59,0.178456
/Users/okamu/.cache/gomisat/corpus/sat-uf200-860/uf200-051.cnf,200,860,SAT,185,7176,272,2,0.001005
/Users/okamu/.cache/gomisat/corpus/sat-uf200-860/uf200-052.cnf,200,860,SAT,21025,808191,25292,75,0.349019
/Users/okamu/.cache/gomisat/corpus/sat-uf200-860/uf200-053.cnf,200,860,SAT,854,33609,1132,7,0.005203
/Users/okamu/.cache/gomisat/corpus/sat-uf200-860/uf200-054.cnf,200,860,SAT,2376,94609,3012,14,0.018839
/Users/okamu/.cache/gomisat/corpus/sat-uf200-860/uf200-055.cnf,200,860,SAT,3044,114648,3819,15,0.025047
/Users/okamu/.cache/gomisat/corpus/sat-uf200-860/uf200-056.cnf,200,860,SAT,7936,305978,9807,31,0.089064
/Users/okamu/.cache/gomisat/corpus/sat-uf200-860/uf200-057.cnf,200,860,SAT,6581,254721,8094,31,0.070306
/Users/okamu/.cache/gomisat/corpus/sat-uf200-860/uf200-058.cnf,200,860,SAT,13386,512410,16043,60,0.172609
/Users/okamu/.cache/gomisat/corpus/sat-uf200-860/uf200-059.cnf,200,860,SAT,7039,268888,8567,31,0.073496
/Users/okamu/.cache/gomisat/corpus/sat-uf200-860/uf200-06.cnf,200,860,SAT,10640,416215,12897,46,0.133588
/Users/okamu/.cache/gomisat/corpus/sat-uf200-860/uf200-060.cnf,200,860,SAT,7229,268505,8819,31,0.083441
/Users/okamu/.cache/gomisat/corpus/sat-uf200-860/uf200-061.cnf,200,860,SAT,5053,198699,6206,28,0.050731
/Users/okamu/.cache/gomisat/corpus/sat-uf200-860/uf200-062.cnf,200,860,SAT,6689,249881,8163,31,0.071934
/Users/okamu/.cache/gomisat/corpus/sat-uf200-860/uf200-063.cnf,200,860,SAT,13834,518184,16937,61,0.198208
/Users/okamu/.cache/gomisat/corpus/sat-uf200-860/uf200-064.cnf,200,860,SAT,1013,38301,1327,7,0.006245
/Users/okamu/.cache/gomisat/corpus/sat-uf200-860/uf200-065.cnf,200,860,SAT,8747,320045,10718,37,0.108057
/Users/okamu/.cache/gomisat/corpus/sat-uf200-860/uf200-066.cnf,200,860,SAT,3537,136799,4341,18,0.029469
/Users/okamu/.cache/gomisat/corpus/sat-uf200-860/uf200-067.cnf,200,860,SAT,648,25148,834,6,0.003853
/Users/okamu/.cache/gomisat/corpus/sat-uf200-860/uf200-068.cnf,200,860,SAT,15288,573629,18444,62,0.231638
/Users/okamu/.cache/gomisat/corpus/sat-uf200-860/uf200-069.cnf,200,860,SAT,2666,104289,3334,15,0.021108
/Users/okamu/.cache/gomisat/corpus/sat-uf200-860/uf200-07.cnf,200,860,SAT,6617,257645,8131,31,0.067147
/Users/okamu/.cache/gomisat/corpus/sat-uf200-860/uf200-070.cnf,200,860,SAT,6217,242089,7754,30,0.062938
/Users/okamu/.cache/gomisat/corpus/sat-uf200-860/uf200-071.cnf,200,860,SAT,1175,46627,1532,7,0.008216
/Users/okamu/.cache/gomisat/corpus/sat-uf200-860/uf200-072.cnf,200,860,SAT,1702,64371,2209,11,0.011994
/Users/okamu/.cache/gomisat/corpus/sat-uf200-860/uf200-073.cnf,200,860,SAT,6666,253479,8244,31,0.069382
/Users/okamu/.cache/gomisat/corpus/sat-uf200-860/uf200-074.cnf,200,860,SAT,8346,320881,9997,34,0.095591
/Users/okamu/.cache/gomisat/corpus/sat-uf200-860/uf200-075.cnf,200,860,SAT,6590,260245,8128,31,0.071842
/Users/okamu/.cache/gomisat/corpus/sat-uf200-860/uf200-076.cnf,200,860,SAT,2781,106892,3513,15,0.022542
/Users/okamu/.cache/gomisat/corpus/sat-uf200-860/uf200-077.cnf,200,860,SAT,6514,255770,8102,31,0.072191
/Users/okamu/.cache/gomisat/corpus/sat-uf200-860/uf200-078.cnf,200,860,SAT,4621,174654,5770,25,0.044151
/Users/okamu/.cache/gomisat/corpus/sat-uf200-860/uf200-079.cnf,200,860,SAT,6787,255210,8333,31,0.077683
/Users/okamu/.cache/gomisat/corpus/sat-uf200-860/uf200-08.cnf,200,860,SAT,575,22058,796,5,0.003550
/Users/okamu/.cache/gomisat/corpus/sat-uf200-860/uf200-080.cnf,200,860,SAT,561,22550,783,5,0.003144
/Users/okamu/.cache/gomisat/corpus/sat-uf200-860/uf200-081.cnf,200,860,SAT,5682,222692,6958,30,0.057904
/Users/okamu/.cache/gomisat/corpus/sat-uf200-860/uf200-082.cnf,200,860,SAT,7435,286328,9100,31,0.084460
/Users/okamu/.cache/gomisat/corpus/sat-uf200-860/uf200-083.cnf,200,860,SAT,1632,65125,2085,11,0.011954
/Users/okamu/.cache/gomisat/corpus/sat-uf200-860/uf200-084.cnf,200,860,SAT,571,21587,808,5,0.003286
/Users/okamu/.cache/gomisat/corpus/sat-uf200-860/uf200-085.cnf,200,860,SAT,348,13535,485,3,0.001883
/Users/okamu/.cache/gomisat/corpus/sat-uf200-860/uf200-086.cnf,200,860,SAT,9567,368875,11719,41,0.113447
/Users/okamu/.cache/gomisat/corpus/sat-uf200-860/uf200-087.cnf,200,860,SAT,7988,307737,9711,31,0.093704
/Users/okamu/.cache/gomisat/corpus/sat-uf200-860/uf200-088.cnf,200,860,SAT,14333,548111,17279,61,0.196185
/Users/okamu/.cache/gomisat/corpus/sat-uf200-860/uf200-089.cnf,200,860,SAT,14779,569020,17838,62,0.210964
/Users/okamu/.cache/gomisat/corpus/sat-uf200-860/uf200-09.cnf,200,860,SAT,16609,642005,19880,63,0.256668
/Users/okamu/.cache/gomisat/corpus/sat-uf200-860/uf200-090.cnf,200,860,SAT,11027,408019,13222,46,0.135818
/Users/okamu/.cache/gomisat/corpus/sat-uf200-860/uf200-091.cnf,200,860,SAT,3108,114942,3851,15,0.026594
/Users/okamu/.cache/gomisat/corpus/sat-uf200-860/uf200-092.cnf,200,860,SAT,6799,260695,8242,31,0.072188
/Users/okamu/.cache/gomisat/corpus/sat-uf200-860/uf200-093.cnf,200,860,SAT,724,26925,957,6,0.004042
/Users/okamu/.cache/gomisat/corpus/sat-uf200-860/uf200-094.cnf,200,860,SAT,6039,235033,7285,30,0.061749
/Users/okamu/.cache/gomisat/corpus/sat-uf200-860/uf200-095.cnf,200,860,SAT,5454,209008,6824,29,0.055133
/Users/okamu/.cache/gomisat/corpus/sat-uf200-860/uf200-096.cnf,200,860,SAT,3834,152297,4733,21,0.034375
/Users/okamu/.cache/gomisat/corpus/sat-uf200-860/uf200-097.cnf,200,860,SAT,8829,334836,10532,38,0.101450
/Users/okamu/.cache/gomisat/corpus/sat-uf200-860/uf200-098.cnf,200,860,SAT,1509,56790,1917,10,0.010319
/Users/okamu/.cache/gomisat/corpus/sat-uf200-860/uf200-099.cnf,200,860,SAT,17090,647414,20439,63,0.250168
/Users/okamu/.cache/gomisat/corpus/sat-uf225-960/uf225-01.cnf,225,960,SAT,31926,1361561,38882,119,0.671031
/Users/okamu/.cache/gomisat/corpus/sat-uf225-960/uf225-010.cnf,225,960,SAT,6852,294276,8619,31,0.074267
/Users/okamu/.cache/gomisat/corpus/sat-uf225-960/uf225-0100.cnf,225,960,SAT,74114,3003189,88151,234,2.513151
/Users/okamu/.cache/gomisat/corpus/sat-uf225-960/uf225-011.cnf,225,960,SAT,39149,1604299,47060,127,0.880134
/Users/okamu/.cache/gomisat/corpus/sat-uf225-960/uf225-012.cnf,225,960,SAT,19291,806645,23382,64,0.312119
/Users/okamu/.cache/gomisat/corpus/sat-uf225-960/uf225-013.cnf,225,960,SAT,17516,727921,21302,63,0.281222
/Users/okamu/.cache/gomisat/corpus/sat-uf225-960/uf225-014.cnf,225,960,SAT,14912,606531,18110,62,0.234842
/Users/okamu/.cache/gomisat/corpus/sat-uf225-960/uf225-015.cnf,225,960,SAT,23305,982189,28143,85,0.427994
/Users/okamu/.cache/gomisat/corpus/sat-uf225-960/uf225-016.cnf,225,960,SAT,6240,268725,7784,30,0.060595
/Users/okamu/.cache/gomisat/corpus/sat-uf225-960/uf225-017.cnf,225,960,SAT,39584,1608445,47708,127,0.931676
/Users/okamu/.cache/gomisat/corpus/sat-uf225-960/uf225-018.cnf,225,960,SAT,186,7749,318,2,0.001038
/Users/okamu/.cache/gomisat/corpus/sat-uf225-960/uf225-019.cnf,225,960,SAT,13422,556266,16496,60,0.195119
/Users/okamu/.cache/gomisat/corpus/sat-uf225-960/uf225-02.cnf,225,960,SAT,16839,712131,20875,63,0.271904
/Users/okamu/.cache/gomisat/corpus/sat-uf225-960/uf225-020.cnf,225,960,SAT,8542,363787,10537,36,0.097681
/Users/okamu/.cache/gomisat/corpus/sat-uf225-960/uf225-021.cnf,225,960,SAT,10041,435572,12542,45,0.127294
/Users/okamu/.cache/gomisat/corpus/sat-uf225-960/uf225-022.cnf,225,960,SAT,20913,834697,25084,74,0.366201
/Users/okamu/.cache/gomisat/corpus/sat-uf225-960/uf225-023.cnf,225,960,SAT,17618,700789,21417,63,0.288744
/Users/okamu/.cache/gomisat/corpus/sat-uf225-960/uf225-024.cnf,225,960,SAT,16337,690124,19994,63,0.255748
/Users/okamu/.cache/gomisat/corpus/sat-uf225-960/uf225-025.cnf,225,960,SAT,18146,767147,21966,63,0.271739
/Users/okamu/.cache/gomisat/corpus/sat-uf225-960/uf225-026.cnf,225,960,SAT,6300,260018,7833,30,0.069412
/Users/okamu/.cache/gomisat/corpus/sat-uf225-960/uf225-027.cnf,225,960,SAT,16789,692070,20254,63,0.226970
/Users/okamu/.cache/gomisat/corpus/sat-uf225-960/uf225-028.cnf,225,960,SAT,7437,312341,9390,31,0.087233
/Users/okamu/.cache/gomisat/corpus/sat-uf225-960/uf225-029.cnf,225,960,SAT,28349,1171136,34274,101,0.548627
/Users/okamu/.cache/gomisat/corpus/sat-uf225-960/uf225-03.cnf,225,960,SAT,56246,2328964,67106,175,1.342239
/Users/okamu/.cache/gomisat/corpus/sat-uf225-960/uf225-030.cnf,225,960,SAT,431,19623,595,4,0.002629
/Users/okamu/.cache/gomisat/corpus/sat-uf225-960/uf225-031.cnf,225,960,SAT,2165,91430,2711,14,0.018230
/Users/okamu/.cache/gomisat/corpus/sat-uf225-960/uf225-032.cnf,225,960,SAT,27609,1134051,33487,97,0.577538
/Users/okamu/.cache/gomisat/corpus/sat-uf225-960/uf225-033.cnf,225,960,SAT,26217,1071170,31459,94,0.439913
/Users/okamu/.cache/gomisat/corpus/sat-uf225-960/uf225-034.cnf,225,960,SAT,22954,948260,27836,82,0.412824
/Users/okamu/.cache/gomisat/corpus/sat-uf225-960/uf225-035.cnf,225,960,SAT,5299,217570,6604,29,0.051169
/Users/okamu/.cache/gomisat/corpus/sat-uf225-960/uf225-036.cnf,225,960,SAT,16607,706864,20227,63,0.248022
/Users/okamu/.cache/gomisat/corpus/sat-uf225-960/uf225-037.cnf,225,960,SAT,9143,384599,11182,38,0.107801
/Users/okamu/.cache/gomisat/corpus/sat-uf225-960/uf225-038.cnf,225,960,SAT,24621,1030550,29266,92,0.419928
/Users/okamu/.cache/gomisat/corpus/sat-uf225-960/uf225-039.cnf,225,960,SAT,13425,551036,16234,60,0.198265
/Users/okamu/.cache/gomisat/corpus/sat-uf225-960/uf225-04.cnf,225,960,SAT,5473,231528,6905,29,0.057527
/Users/okamu/.cache/gomisat/corpus/sat-uf225-960/uf225-040.cnf,225,960,SAT,7438,312482,9231,31,0.082922
/Users/okamu/.cache/gomisat/corpus/sat-uf225-960/uf225-041.cnf,225,960,SAT,29152,1249988,35065,107,0.534396
/Users/okamu/.cache/gomisat/corpus/sat-uf225-960/uf225-042.cnf,225,960,SAT,21281,872451,25660,77,0.339556
/Users/okamu/.cache/gomisat/corpus/sat-uf225-960/uf225-043.cnf,225,960,SAT,25210,1037473,30805,93,0.522849
/Users/okamu/.cache/gomisat/corpus/sat-uf225-960/uf225-044.cnf,225,960,SAT,4371,184843,5538,22,0.043324
/Users/okamu/.cache/gomisat/corpus/sat-uf225-960/uf225-045.cnf,225,960,SAT,8888,369688,10971,38,0.110010
/Users/okamu/.cache/gomisat/corpus/sat-uf225-960/uf225-046.cnf,225,960,SAT,61244,2514838,73792,190,1.614098
/Users/okamu/.cache/gomisat/corpus/sat-uf225-960/uf225-047.cnf,225,960,SAT,43167,1737060,51585,127,1.092545
/Users/okamu/.cache/gomisat/corpus/sat-uf225-960/uf225-048.cnf,225,960,SAT,25243,1072669,31156,93,0.483175
/Users/okamu/.cache/gomisat/corpus/sat-uf225-960/uf225-049.cnf,225,960,SAT,36752,1490649,43919,126,0.798080
/Users/okamu/.cache/gomisat/corpus/sat-uf225-960/uf225-05.cnf,225,960,SAT,8321,362709,10432,34,0.100199
/Users/okamu/.cache/gomisat/corpus/sat-uf225-960/uf225-050.cnf,225,960,SAT,10834,440190,13350,46,0.141139
/Users/okamu/.cache/gomisat/corpus/sat-uf225-960/uf225-051.cnf,225,960,SAT,1792,75377,2273,12,0.013991
/Users/okamu/.cache/gomisat/corpus/sat-uf225-960/uf225-052.cnf,225,960,SAT,9146,390273,11326,38,0.117068
/Users/okamu/.cache/gomisat/corpus/sat-uf225-960/uf225-053.cnf,225,960,SAT,29140,1191579,35270,107,0.643789
/Users/okamu/.cache/gomisat/corpus/sat-uf225-960/uf225-054.cnf,225,960,SAT,34978,1472042,41910,125,0.782818
/Users/okamu/.cache/gomisat/corpus/sat-uf225-960/uf225-055.cnf,225,960,SAT,15315,631396,18621,62,0.229174
/Users/okamu/.cache/gomisat/corpus/sat-uf225-960/uf225-056.cnf,225,960,SAT,42854,1736935,50827,127,0.990385
/Users/okamu/.cache/gomisat/corpus/sat-uf225-960/uf225-057.cnf,225,960,SAT,14225,576861,17661,61,0.218164
/Users/okamu/.cache/gomisat/corpus/sat-uf225-960/uf225-058.cnf,225,960,SAT,5308,225911,6690,29,0.055577
/Users/okamu/.cache/gomisat/corpus/sat-uf225-960/uf225-059.cnf,225,960,SAT,6526,269143,8238,31,0.070362
/Users/okamu/.cache/gomisat/corpus/sat-uf225-960/uf225-06.cnf,225,960,SAT,47378,1914449,56425,142,1.189781
/Users/okamu/.cache/gomisat/corpus/sat-uf225-960/uf225-060.cnf,225,960,SAT,5355,223194,6838,29,0.051606
/Users/okamu/.cache/gomisat/corpus/sat-uf225-960/uf225-061.cnf,225,960,SAT,24607,1018895,29543,92,0.474721
/Users/okamu/.cache/gomisat/corpus/sat-uf225-960/uf225-062.cnf,225,960,SAT,14572,599523,17847,62,0.206299
/Users/okamu/.cache/gomisat/corpus/sat-uf225-960/uf225-063.cnf,225,960,SAT,6406,281268,7979,30,0.068453
/Users/okamu/.cache/gomisat/corpus/sat-uf225-960/uf225-064.cnf,225,960,SAT,1853,76631,2415,13,0.014622
/Users/okamu/.cache/gomisat/corpus/sat-uf225-960/uf225-065.cnf,225,960,SAT,56640,2282636,67320,178,1.670113
/Users/okamu/.cache/gomisat/corpus/sat-uf225-960/uf225-066.cnf,225,960,SAT,39659,1645188,47399,127,0.907755
/Users/okamu/.cache/gomisat/corpus/sat-uf225-960/uf225-067.cnf,225,960,SAT,3573,154346,4528,18,0.032687
/Users/okamu/.cache/gomisat/corpus/sat-uf225-960/uf225-068.cnf,225,960,SAT,40832,1693723,49538,127,0.937658
/Users/okamu/.cache/gomisat/corpus/sat-uf225-960/uf225-069.cnf,225,960,SAT,8943,369650,11026,38,0.106046
/Users/okamu/.cache/gomisat/corpus/sat-uf225-960/uf225-07.cnf,225,960,SAT,14293,584200,17392,61,0.219006
/Users/okamu/.cache/gomisat/corpus/sat-uf225-960/uf225-070.cnf,225,960,SAT,9151,377424,11244,38,0.109959
/Users/okamu/.cache/gomisat/corpus/sat-uf225-960/uf225-071.cnf,225,960,SAT,2859,123696,3667,15,0.025199
/Users/okamu/.cache/gomisat/corpus/sat-uf225-960/uf225-072.cnf,225,960,SAT,22148,918551,26892,78,0.417121
/Users/okamu/.cache/gomisat/corpus/sat-uf225-960/uf225-073.cnf,225,960,SAT,30128,1237135,36139,109,0.622500
/Users/okamu/.cache/gomisat/corpus/sat-uf225-960/uf225-074.cnf,225,960,SAT,17649,743634,21451,63,0.278182
/Users/okamu/.cache/gomisat/corpus/sat-uf225-960/uf225-075.cnf,225,960,SAT,30614,1291732,36802,111,0.570372
/Users/okamu/.cache/gomisat/corpus/sat-uf225-960/uf225-076.cnf,225,960,SAT,36688,1477322,44227,126,0.945594
/Users/okamu/.cache/gomisat/corpus/sat-uf225-960/uf225-077.cnf,225,960,SAT,17201,728743,20916,63,0.254166
/Users/okamu/.cache/gomisat/corpus/sat-uf225-960/uf225-078.cnf,225,960,SAT,6697,282312,8279,31,0.082392
/Users/okamu/.cache/gomisat/corpus/sat-uf225-960/uf225-079.cnf,225,960,SAT,12724,529082,15714,56,0.178297
/Users/okamu/.cache/gomisat/corpus/sat-uf225-960/uf225-08.cnf,225,960,SAT,46383,1859066,55466,137,1.203759
/Users/okamu/.cache/gomisat/corpus/sat-uf225-960/uf225-080.cnf,225,960,SAT,3072,131625,3872,15,0.026235
/Users/okamu/.cache/gomisat/corpus/sat-uf225-960/uf225-081.cnf,225,960,SAT,3480,147947,4360,18,0.029665
/Users/okamu/.cache/gomisat/corpus/sat-uf225-960/uf225-082.cnf,225,960,SAT,17120,727700,20840,63,0.262656
/Users/okamu/.cache/gomisat/corpus/sat-uf225-960/uf225-083.cnf,225,960,SAT,8550,366121,10559,36,0.101824
/Users/okamu/.cache/gomisat/corpus/sat-uf225-960/uf225-084.cnf,225,960,SAT,2312,98861,2962,14,0.019331
/Users/okamu/.cache/gomisat/corpus/sat-uf225-960/uf225-085.cnf,225,960,SAT,32407,1307778,39009,122,0.594690
/Users/okamu/.cache/gomisat/corpus/sat-uf225-960/uf225-086.cnf,225,960,SAT,8580,365894,10540,36,0.099550
/Users/okamu/.cache/gomisat/corpus/sat-uf225-960/uf225-087.cnf,225,960,SAT,2114,89078,2679,14,0.016921
/Users/okamu/.cache/gomisat/corpus/sat-uf225-960/uf225-088.cnf,225,960,SAT,7419,313783,9086,31,0.083471
/Users/okamu/.cache/gomisat/corpus/sat-uf225-960/uf225-089.cnf,225,960,SAT,14682,591252,17711,62,0.226340
/Users/okamu/.cache/gomisat/corpus/sat-uf225-960/uf225-09.cnf,225,960,SAT,38438,1568099,45671,126,0.871674
/Users/okamu/.cache/gomisat/corpus/sat-uf225-960/uf225-090.cnf,225,960,SAT,19623,812145,23508,66,0.296231
/Users/okamu/.cache/gomisat/corpus/sat-uf225-960/uf225-091.cnf,225,960,SAT,12817,519520,15537,56,0.181760
/Users/okamu/.cache/gomisat/corpus/sat-uf225-960/uf225-092.cnf,225,960,SAT,10212,430182,12415,45,0.129775
/Users/okamu/.cache/gomisat/corpus/sat-uf225-960/uf225-093.cnf,225,960,SAT,10388,432119,12807,45,0.139836
/Users/okamu/.cache/gomisat/corpus/sat-uf225-960/uf225-094.cnf,225,960,SAT,13468,566462,16436,60,0.190696
/Users/okamu/.cache/gomisat/corpus/sat-uf225-960/uf225-095.cnf,225,960,SAT,33421,1357835,40276,124,0.776284
/Users/okamu/.cache/gomisat/corpus/sat-uf225-960/uf225-096.cnf,225,960,SAT,49848,2056025,59680,154,1.355582
/Users/okamu/.cache/gomisat/corpus/sat-uf225-960/uf225-097.cnf,225,960,SAT,9262,368992,11371,39,0.111196
/Users/okamu/.cache/gomisat/corpus/sat-uf225-960/uf225-098.cnf,225,960,SAT,1686,70988,2220,11,0.012624
/Users/okamu/.cache/gomisat/corpus/sat-uf225-960/uf225-099.cnf,225,960,SAT,359,15336,503,3,0.002213
/Users/okamu/.cache/gomisat/corpus/sat-uf250-1065/uf250-01.cnf,250,1065,SAT,33529,1526275,40969,124,0.765330
/Users/okamu/.cache/gomisat/corpus/sat-uf250-1065/uf250-010.cnf,250,1065,SAT,49178,2174247,59298,149,1.261053
/Users/okamu/.cache/gomisat/corpus/sat-uf250-1065/uf250-0100.cnf,250,1065,SAT,43036,1959898,52010,127,1.044455
/Users/okamu/.cache/gomisat/corpus/sat-uf250-1065/uf250-011.cnf,250,1065,SAT,20340,914707,24969,70,0.352141
/Users/okamu/.cache/gomisat/corpus/sat-uf250-1065/uf250-012.cnf,250,1065,SAT,49853,2167450,59715,154,1.160977
/Users/okamu/.cache/gomisat/corpus/sat-uf250-1065/uf250-013.cnf,250,1065,SAT,27210,1194282,32947,94,0.535818
/Users/okamu/.cache/gomisat/corpus/sat-uf250-1065/uf250-014.cnf,250,1065,SAT,86794,3863677,103471,254,2.739958
/Users/okamu/.cache/gomisat/corpus/sat-uf250-1065/uf250-015.cnf,250,1065,SAT,10545,481389,13182,46,0.132384
/Users/okamu/.cache/gomisat/corpus/sat-uf250-1065/uf250-016.cnf,250,1065,SAT,59415,2591847,71469,189,1.594691
/Users/okamu/.cache/gomisat/corpus/sat-uf250-1065/uf250-017.cnf,250,1065,SAT,67712,2889049,80174,208,1.970489
/Users/okamu/.cache/gomisat/corpus/sat-uf250-1065/uf250-018.cnf,250,1065,SAT,82840,3684081,98297,253,2.557984
/Users/okamu/.cache/gomisat/corpus/sat-uf250-1065/uf250-019.cnf,250,1065,SAT,36295,1590201,44194,126,0.818432
/Users/okamu/.cache/gomisat/corpus/sat-uf250-1065/uf250-02.cnf,250,1065,SAT,170200,7131627,200067,462,7.211076
/Users/okamu/.cache/gomisat/corpus/sat-uf250-1065/uf250-020.cnf,250,1065,SAT,74581,3165551,88741,235,2.468116
/Users/okamu/.cache/gomisat/corpus/sat-uf250-1065/uf250-021.cnf,250,1065,SAT,394,18737,611,3,0.002504
/Users/okamu/.cache/gomisat/corpus/sat-uf250-1065/uf250-022.cnf,250,1065,SAT,79302,3436703,95224,252,2.454834
/Users/okamu/.cache/gomisat/corpus/sat-uf250-1065/uf250-023.cnf,250,1065,SAT,67414,2933405,80777,206,2.042585
/Users/okamu/.cache/gomisat/corpus/sat-uf250-1065/uf250-024.cnf,250,1065,SAT,78298,3321445,93936,251,2.577763
/Users/okamu/.cache/gomisat/corpus/sat-uf250-1065/uf250-025.cnf,250,1065,SAT,36803,1621382,44759,126,0.871140
/Users/okamu/.cache/gomisat/corpus/sat-uf250-1065/uf250-026.cnf,250,1065,SAT,89973,3791873,106889,255,3.153108
/Users/okamu/.cache/gomisat/corpus/sat-uf250-1065/uf250-027.cnf,250,1065,SAT,35192,1548027,42850,125,0.819570
/Users/okamu/.cache/gomisat/corpus/sat-uf250-1065/uf250-028.cnf,250,1065,SAT,43686,1973689,52662,127,1.013652
/Users/okamu/.cache/gomisat/corpus/sat-uf250-1065/uf250-029.cnf,250,1065,SAT,163068,6857834,193881,444,7.185085
/Users/okamu/.cache/gomisat/corpus/sat-uf250-1065/uf250-03.cnf,250,1065,SAT,37726,1667298,45899,126,0.845044
/Users/okamu/.cache/gomisat/corpus/sat-uf250-1065/uf250-030.cnf,250,1065,SAT,64454,2810355,77642,193,2.019187
/Users/okamu/.cache/gomisat/corpus/sat-uf250-1065/uf250-031.cnf,250,1065,SAT,151347,6504374,179528,403,6.375424
/Users/okamu/.cache/gomisat/corpus/sat-uf250-1065/uf250-032.cnf,250,1065,SAT,9190,415403,11574,38,0.118864
/Users/okamu/.cache/gomisat/corpus/sat-uf250-1065/uf250-033.cnf,250,1065,SAT,17662,801821,21890,63,0.296030
/Users/okamu/.cache/gomisat/corpus/sat-uf250-1065/uf250-034.cnf,250,1065,SAT,111735,4835528,132553,293,3.832965
/Users/okamu/.cache/gomisat/corpus/sat-uf250-1065/uf250-035.cnf,250,1065,SAT,36807,1630049,44948,126,0.884990
/Users/okamu/.cache/gomisat/corpus/sat-uf250-1065/uf250-036.cnf,250,1065,SAT,18194,796536,22435,63,0.309244
/Users/okamu/.cache/gomisat/corpus/sat-uf250-1065/uf250-037.cnf,250,1065,SAT,4907,229434,6360,26,0.051518
/Users/okamu/.cache/gomisat/corpus/sat-uf250-1065/uf250-038.cnf,250,1065,SAT,47763,2074733,58099,142,1.361603
/Users/okamu/.cache/gomisat/corpus/sat-uf250-1065/uf250-039.cnf,250,1065,SAT,43374,1897245,52349,127,1.175528
/Users/okamu/.cache/gomisat/corpus/sat-uf250-1065/uf250-04.cnf,250,1065,SAT,4370,200329,5631,22,0.044418
/Users/okamu/.cache/gomisat/corpus/sat-uf250-1065/uf250-040.cnf,250,1065,SAT,42522,1854610,50999,127,0.942032
/Users/okamu/.cache/gomisat/corpus/sat-uf250-1065/uf250-041.cnf,250,1065,SAT,19898,874718,24308,69,0.340892
/Users/okamu/.cache/gomisat/corpus/sat-uf250-1065/uf250-042.cnf,250,1065,SAT,69296,2951027,83670,218,2.419069
/Users/okamu/.cache/gomisat/corpus/sat-uf250-1065/uf250-043.cnf,250,1065,SAT,59457,2570921,70588,189,1.645505
/Users/okamu/.cache/gomisat/corpus/sat-uf250-1065/uf250-044.cnf,250,1065,SAT,8495,396624,10608,35,0.106512
/Users/okamu/.cache/gomisat/corpus/sat-uf250-1065/uf250-045.cnf,250,1065,SAT,13998,611939,17208,61,0.209260
/Users/okamu/.cache/gomisat/corpus/sat-uf250-1065/uf250-046.cnf,250,1065,SAT,100563,4443876,118738,255,3.601613
/Users/okamu/.cache/gomisat/corpus/sat-uf250-1065/uf250-047.cnf,250,1065,SAT,18136,805172,22511,63,0.305007
/Users/okamu/.cache/gomisat/corpus/sat-uf250-1065/uf250-048.cnf,250,1065,SAT,77686,3432337,92204,250,2.339172
/Users/okamu/.cache/gomisat/corpus/sat-uf250-1065/uf250-049.cnf,250,1065,SAT,5784,256466,7322,30,0.062481
/Users/okamu/.cache/gomisat/corpus/sat-uf250-1065/uf250-05.cnf,250,1065,SAT,59659,2620579,71644,189,1.664472
/Users/okamu/.cache/gomisat/corpus/sat-uf250-1065/uf250-050.cnf,250,1065,SAT,65569,2901693,77821,200,1.857809
/Users/okamu/.cache/gomisat/corpus/sat-uf250-1065/uf250-051.cnf,250,1065,SAT,93769,4018659,111292,255,3.155087
/Users/okamu/.cache/gomisat/corpus/sat-uf250-1065/uf250-052.cnf,250,1065,SAT,85820,3574362,102477,254,3.219954
/Users/okamu/.cache/gomisat/corpus/sat-uf250-1065/uf250-053.cnf,250,1065,SAT,71718,3101002,85101,221,2.463901
/Users/okamu/.cache/gomisat/corpus/sat-uf250-1065/uf250-054.cnf,250,1065,SAT,93841,4090755,110359,255,3.426551
/Users/okamu/.cache/gomisat/corpus/sat-uf250-1065/uf250-055.cnf,250,1065,SAT,15716,722987,19339,62,0.244650
/Users/okamu/.cache/gomisat/corpus/sat-uf250-1065/uf250-056.cnf,250,1065,SAT,100588,4426820,120687,255,3.419055
/Users/okamu/.cache/gomisat/corpus/sat-uf250-1065/uf250-057.cnf,250,1065,SAT,89711,3899893,106748,254,3.167902
/Users/okamu/.cache/gomisat/corpus/sat-uf250-1065/uf250-058.cnf,250,1065,SAT,38322,1743339,46752,126,0.865725
/Users/okamu/.cache/gomisat/corpus/sat-uf250-1065/uf250-059.cnf,250,1065,SAT,31689,1364292,38550,116,0.714121
/Users/okamu/.cache/gomisat/corpus/sat-uf250-1065/uf250-06.cnf,250,1065,SAT,38506,1718569,46626,127,0.998182
/Users/okamu/.cache/gomisat/corpus/sat-uf250-1065/uf250-060.cnf,250,1065,SAT,95610,4064638,113351,255,3.503517
/Users/okamu/.cache/gomisat/corpus/sat-uf250-1065/uf250-061.cnf,250,1065,SAT,8398,375010,10299,34,0.096672
/Users/okamu/.cache/gomisat/corpus/sat-uf250-1065/uf250-062.cnf,250,1065,SAT,45265,1954073,54898,130,1.203179
/Users/okamu/.cache/gomisat/corpus/sat-uf250-1065/uf250-063.cnf,250,1065,SAT,73806,3150840,88849,232,2.479979
/Users/okamu/.cache/gomisat/corpus/sat-uf250-1065/uf250-064.cnf,250,1065,SAT,8709,387172,10784,37,0.104382
/Users/okamu/.cache/gomisat/corpus/sat-uf250-1065/uf250-065.cnf,250,1065,SAT,106558,4649731,126287,276,3.843193
/Users/okamu/.cache/gomisat/corpus/sat-uf250-1065/uf250-066.cnf,250,1065,SAT,5372,239484,6800,29,0.056845
/Users/okamu/.cache/gomisat/corpus/sat-uf250-1065/uf250-067.cnf,250,1065,SAT,61520,2671834,73118,190,1.627320
/Users/okamu/.cache/gomisat/corpus/sat-uf250-1065/uf250-068.cnf,250,1065,SAT,5517,254882,6980,29,0.060530
/Users/okamu/.cache/gomisat/corpus/sat-uf250-1065/uf250-069.cnf,250,1065,SAT,37259,1652326,45558,126,0.860377
/Users/okamu/.cache/gomisat/corpus/sat-uf250-1065/uf250-07.cnf,250,1065,SAT,127190,5470525,150511,347,4.696710
/Users/okamu/.cache/gomisat/corpus/sat-uf250-1065/uf250-070.cnf,250,1065,SAT,70871,2995234,84548,221,2.192514
/Users/okamu/.cache/gomisat/corpus/sat-uf250-1065/uf250-071.cnf,250,1065,SAT,133234,5801493,157105,366,4.948698
/Users/okamu/.cache/gomisat/corpus/sat-uf250-1065/uf250-072.cnf,250,1065,SAT,8165,355785,10111,33,0.092505
/Users/okamu/.cache/gomisat/corpus/sat-uf250-1065/uf250-073.cnf,250,1065,SAT,9968,436642,12617,44,0.135531
/Users/okamu/.cache/gomisat/corpus/sat-uf250-1065/uf250-074.cnf,250,1065,SAT,49730,2188557,60204,153,1.323121
/Users/okamu/.cache/gomisat/corpus/sat-uf250-1065/uf250-075.cnf,250,1065,SAT,26831,1216629,32701,94,0.509982
/Users/okamu/.cache/gomisat/corpus/sat-uf250-1065/uf250-076.cnf,250,1065,SAT,105372,4551576,125815,270,3.608534
/Users/okamu/.cache/gomisat/corpus/sat-uf250-1065/uf250-077.cnf,250,1065,SAT,23245,1018123,28270,84,0.440291
/Users/okamu/.cache/gomisat/corpus/sat-uf250-1065/uf250-078.cnf,250,1065,SAT,46784,2049919,56714,140,1.253482
/Users/okamu/.cache/gomisat/corpus/sat-uf250-1065/uf250-079.cnf,250,1065,SAT,85755,3722554,102258,254,3.186625
/Users/okamu/.cache/gomisat/corpus/sat-uf250-1065/uf250-08.cnf,250,1065,SAT,3399,153819,4328,17,0.031198
/Users/okamu/.cache/gomisat/corpus/sat-uf250-1065/uf250-080.cnf,250,1065,SAT,47417,2098397,57215,142,1.234329
/Users/okamu/.cache/gomisat/corpus/sat-uf250-1065/uf250-081.cnf,250,1065,SAT,8796,390803,10956,37,0.112572
/Users/okamu/.cache/gomisat/corpus/sat-uf250-1065/uf250-082.cnf,250,1065,SAT,14695,660591,18191,62,0.217176
/Users/okamu/.cache/gomisat/corpus/sat-uf250-1065/uf250-083.cnf,250,1065,SAT,104,4956,209,2,0.000679
/Users/okamu/.cache/gomisat/corpus/sat-uf250-1065/uf250-084.cnf,250,1065,SAT,7653,344052,9578,31,0.092032
/Users/okamu/.cache/gomisat/corpus/sat-uf250-1065/uf250-085.cnf,250,1065,SAT,4589,214589,5924,24,0.047910
/Users/okamu/.cache/gomisat/corpus/sat-uf250-1065/uf250-086.cnf,250,1065,SAT,120870,5193181,143072,318,4.761631
/Users/okamu/.cache/gomisat/corpus/sat-uf250-1065/uf250-087.cnf,250,1065,SAT,47727,2079250,57820,142,1.253757
/Users/okamu/.cache/gomisat/corpus/sat-uf250-1065/uf250-088.cnf,250,1065,SAT,11388,520190,14265,48,0.156211
/Users/okamu/.cache/gomisat/corpus/sat-uf250-1065/uf250-089.cnf,250,1065,SAT,17005,770465,21220,63,0.274316
/Users/okamu/.cache/gomisat/corpus/sat-uf250-1065/uf250-09.cnf,250,1065,SAT,2013,92168,2611,14,0.017007
/Users/okamu/.cache/gomisat/corpus/sat-uf250-1065/uf250-090.cnf,250,1065,SAT,23044,1010026,28049,83,0.411594
/Users/okamu/.cache/gomisat/corpus/sat-uf250-1065/uf250-091.cnf,250,1065,SAT,9374,437403,11682,40,0.114795
/Users/okamu/.cache/gomisat/corpus/sat-uf250-1065/uf250-092.cnf,250,1065,SAT,75009,3125440,89915,236,2.490690
/Users/okamu/.cache/gomisat/corpus/sat-uf250-1065/uf250-093.cnf,250,1065,SAT,79428,3480314,94928,252,2.633376
/Users/okamu/.cache/gomisat/corpus/sat-uf250-1065/uf250-094.cnf,250,1065,SAT,94701,4133868,112588,255,3.397107
/Users/okamu/.cache/gomisat/corpus/sat-uf250-1065/uf250-095.cnf,250,1065,SAT,9194,414312,11534,38,0.117207
/Users/okamu/.cache/gomisat/corpus/sat-uf250-1065/uf250-096.cnf,250,1065,SAT,59355,2554764,71629,189,1.754981
/Users/okamu/.cache/gomisat/corpus/sat-uf250-1065/uf250-097.cnf,250,1065,SAT,23507,1011776,28447,85,0.416795
/Users/okamu/.cache/gomisat/corpus/sat-uf250-1065/uf250-098.cnf,250,1065,SAT,80847,3476865,97002,253,2.659472
/Users/okamu/.cache/gomisat/corpus/sat-uf250-1065/uf250-099.cnf,250,1065,SAT,129332,5610752,153096,349,5.076550
/Users/okamu/.cache/gomisat/corpus/unsat-bf/bf0432-007.cnf,1040,3668,UNSAT,325,54685,897,3,0.004331
/Users/okamu/.cache/gomisat/corpus/unsat-bf/bf1355-075.cnf,2180,6778,UNSAT,21,3839,222,1,0.000453
/Users/okamu/.cache/gomisat/corpus/unsat-bf/bf1355-638.cnf,2177,6768,UNSAT,44,8349,449,1,0.000683
/Users/okamu/.cache/gomisat/corpus/unsat-bf/bf2670-001.cnf,1393,3434,UNSAT,25,4150,339,1,0.000331
/Users/okamu/.cache/gomisat/corpus/unsat-pigeon-hole/hole10.cnf,110,561,UNKNOWN,190316,2641670,235300,509,10.001940
/Users/okamu/.cache/gomisat/corpus/unsat-pigeon-hole/hole6.cnf,42,133,UNSAT,788,10414,926,6,0.003543
/Users/okamu/.cache/gomisat/corpus/unsat-pigeon-hole/hole7.cnf,56,204,UNSAT,4865,68530,5885,26,0.057526
/Users/okamu/.cache/gomisat/corpus/unsat-pigeon-hole/hole8.cnf,72,297,UNSAT,20752,267567,24981,73,0.486218
/Users/okamu/.cache/gomisat/corpus/unsat-pigeon-hole/hole9.cnf,90,415,UNSAT,133873,1791044,160087,370,7.312215
/Users/okamu/.cache/gomisat/corpus/unsat-pret/pret150_25.cnf,150,400,UNSAT,487,7854,1990,4,0.001314
/Users/okamu/.cache/gomisat/corpus/unsat-pret/pret150_40.cnf,150,400,UNSAT,487,7854,1990,4,0.001329
/Users/okamu/.cache/gomisat/corpus/unsat-pret/pret150_60.cnf,150,400,UNSAT,487,7854,1990,4,0.001319
/Users/okamu/.cache/gomisat/corpus/unsat-pret/pret150_75.cnf,150,400,UNSAT,487,7854,1990,4,0.001355
/Users/okamu/.cache/gomisat/corpus/unsat-pret/pret60_25.cnf,60,160,UNSAT,430,5307,614,4,0.000985
/Users/okamu/.cache/gomisat/corpus/unsat-pret/pret60_40.cnf,60,160,UNSAT,430,5307,614,4,0.000976
/Users/okamu/.cache/gomisat/corpus/unsat-pret/pret60_60.cnf,60,160,UNSAT,430,5307,614,4,0.000977
/Users/okamu/.cache/gomisat/corpus/unsat-pret/pret60_75.cnf,60,160,UNSAT,430,5307,614,4,0.000974
/Users/okamu/.cache/gomisat/corpus/unsat-uuf150-645/uuf150-01.cnf,150,645,UNSAT,2531,77344,3036,15,0.016420
/Users/okamu/.cache/gomisat/corpus/unsat-uuf150-645/uuf150-010.cnf,150,645,UNSAT,1877,58102,2221,13,0.012128
/Users/okamu/.cache/gomisat/corpus/unsat-uuf150-645/uuf150-0100.cnf,150,645,UNSAT,3869,122719,4558,21,0.028942
/Users/okamu/.cache/gomisat/corpus/unsat-uuf150-645/uuf150-011.cnf,150,645,UNSAT,2092,64809,2469,14,0.012617
/Users/okamu/.cache/gomisat/corpus/unsat-uuf150-645/uuf150-012.cnf,150,645,UNSAT,2689,83776,3219,15,0.017998
/Users/okamu/.cache/gomisat/corpus/unsat-uuf150-645/uuf150-013.cnf,150,645,UNSAT,2069,61357,2482,14,0.012240
/Users/okamu/.cache/gomisat/corpus/unsat-uuf150-645/uuf150-014.cnf,150,645,UNSAT,3192,103021,3838,15,0.023743
/Users/okamu/.cache/gomisat/corpus/unsat-uuf150-645/uuf150-015.cnf,150,645,UNSAT,4503,135511,5408,23,0.038349
/Users/okamu/.cache/gomisat/corpus/unsat-uuf150-645/uuf150-016.cnf,150,645,UNSAT,1809,55381,2211,12,0.011391
/Users/okamu/.cache/gomisat/corpus/unsat-uuf150-645/uuf150-017.cnf,150,645,UNSAT,3770,116340,4490,20,0.031006
/Users/okamu/.cache/gomisat/corpus/unsat-uuf150-645/uuf150-018.cnf,150,645,UNSAT,3179,99382,3853,15,0.021705
/Users/okamu/.cache/gomisat/corpus/unsat-uuf150-645/uuf150-019.cnf,150,645,UNSAT,1163,34245,1419,7,0.006724
/Users/okamu/.cache/gomisat/corpus/unsat-uuf150-645/uuf150-02.cnf,150,645,UNSAT,4613,140038,5521,24,0.035791
/Users/okamu/.cache/gomisat/corpus/unsat-uuf150-645/uuf150-020.cnf,150,645,UNSAT,3024,92517,3611,15,0.021591
/Users/okamu/.cache/gomisat/corpus/unsat-uuf150-645/uuf150-021.cnf,150,645,UNSAT,2743,87627,3287,15,0.019229
/Users/okamu/.cache/gomisat/corpus/unsat-uuf150-645/uuf150-022.cnf,150,645,UNSAT,1916,59815,2308,13,0.010809
/Users/okamu/.cache/gomisat/corpus/unsat-uuf150-645/uuf150-023.cnf,150,645,UNSAT,2788,85517,3300,15,0.020700
/Users/okamu/.cache/gomisat/corpus/unsat-uuf150-645/uuf150-024.cnf,150,645,UNSAT,2115,66066,2542,14,0.013391
/Users/okamu/.cache/gomisat/corpus/unsat-uuf150-645/uuf150-025.cnf,150,645,UNSAT,3608,110235,4308,18,0.026323
/Users/okamu/.cache/gomisat/corpus/unsat-uuf150-645/uuf150-026.cnf,150,645,UNSAT,2632,84330,3166,15,0.019033
/Users/okamu/.cache/gomisat/corpus/unsat-uuf150-645/uuf150-027.cnf,150,645,UNSAT,2135,64738,2529,14,0.013440
/Users/okamu/.cache/gomisat/corpus/unsat-uuf150-645/uuf150-028.cnf,150,645,UNSAT,2923,92649,3508,15,0.020840
/Users/okamu/.cache/gomisat/corpus/unsat-uuf150-645/uuf150-029.cnf,150,645,UNSAT,1908,59933,2333,13,0.012043
/Users/okamu/.cache/gomisat/corpus/unsat-uuf150-645/uuf150-03.cnf,150,645,UNSAT,2821,86848,3415,15,0.017954
/Users/okamu/.cache/gomisat/corpus/unsat-uuf150-645/uuf150-030.cnf,150,645,UNSAT,2728,86656,3269,15,0.019404
/Users/okamu/.cache/gomisat/corpus/unsat-uuf150-645/uuf150-031.cnf,150,645,UNSAT,1291,40758,1562,8,0.007629
/Users/okamu/.cache/gomisat/corpus/unsat-uuf150-645/uuf150-032.cnf,150,645,UNSAT,2714,86041,3245,15,0.020139
/Users/okamu/.cache/gomisat/corpus/unsat-uuf150-645/uuf150-033.cnf,150,645,UNSAT,1980,61291,2371,13,0.012388
/Users/okamu/.cache/gomisat/corpus/unsat-uuf150-645/uuf150-034.cnf,150,645,UNSAT,1182,35986,1442,7,0.007125
/Users/okamu/.cache/gomisat/corpus/unsat-uuf150-645/uuf150-035.cnf,150,645,UNSAT,2508,77676,3032,15,0.016939
/Users/okamu/.cache/gomisat/corpus/unsat-uuf150-645/uuf150-036.cnf,150,645,UNSAT,2595,77507,3104,15,0.018975
/Users/okamu/.cache/gomisat/corpus/unsat-uuf150-645/uuf150-037.cnf,150,645,UNSAT,2391,73801,2947,14,0.016268
/Users/okamu/.cache/gomisat/corpus/unsat-uuf150-645/uuf150-038.cnf,150,645,UNSAT,4170,134260,4937,22,0.029333
/Users/okamu/.cache/gomisat/corpus/unsat-uuf150-645/uuf150-039.cnf,150,645,UNSAT,2223,65826,2632,14,0.014051
/Users/okamu/.cache/gomisat/corpus/unsat-uuf150-645/uuf150-04.cnf,150,645,UNSAT,2797,82125,3353,15,0.019315
/Users/okamu/.cache/gomisat/corpus/unsat-uuf150-645/uuf150-040.cnf,150,645,UNSAT,3673,118345,4404,19,0.025814
/Users/okamu/.cache/gomisat/corpus/unsat-uuf150-645/uuf150-041.cnf,150,645,UNSAT,2680,79724,3203,15,0.019098
/Users/okamu/.cache/gomisat/corpus/unsat-uuf150-645/uuf150-042.cnf,150,645,UNSAT,2269,69993,2682,14,0.013928
/Users/okamu/.cache/gomisat/corpus/unsat-uuf150-645/uuf150-043.cnf,150,645,UNSAT,1652,51520,1976,11,0.009893
/Users/okamu/.cache/gomisat/corpus/unsat-uuf150-645/uuf150-044.cnf,150,645,UNSAT,3159,98672,3781,15,0.022983
/Users/okamu/.cache/gomisat/corpus/unsat-uuf150-645/uuf150-045.cnf,150,645,UNSAT,2822,84873,3356,15,0.019876
/Users/okamu/.cache/gomisat/corpus/unsat-uuf150-645/uuf150-046.cnf,150,645,UNSAT,2980,94086,3603,15,0.021373
/Users/okamu/.cache/gomisat/corpus/unsat-uuf150-645/uuf150-047.cnf,150,645,UNSAT,1844,59388,2182,13,0.011543
/Users/okamu/.cache/gomisat/corpus/unsat-uuf150-645/uuf150-048.cnf,150,645,UNSAT,3322,98833,3969,17,0.025771
/Users/okamu/.cache/gomisat/corpus/unsat-uuf150-645/uuf150-049.cnf,150,645,UNSAT,1457,44311,1695,10,0.008473
/Users/okamu/.cache/gomisat/corpus/unsat-uuf150-645/uuf150-05.cnf,150,645,UNSAT,2206,69740,2628,14,0.014543
/Users/okamu/.cache/gomisat/corpus/unsat-uuf150-645/uuf150-050.cnf,150,645,UNSAT,2942,92480,3503,15,0.022182
/Users/okamu/.cache/gomisat/corpus/unsat-uuf150-645/uuf150-051.cnf,150,645,UNSAT,2442,76713,2981,15,0.015564
/Users/okamu/.cache/gomisat/corpus/unsat-uuf150-645/uuf150-052.cnf,150,645,UNSAT,1650,51484,1976,11,0.011209
/Users/okamu/.cache/gomisat/corpus/unsat-uuf150-645/uuf150-053.cnf,150,645,UNSAT,1405,44676,1680,9,0.008106
/Users/okamu/.cache/gomisat/corpus/unsat-uuf150-645/uuf150-054.cnf,150,645,UNSAT,1944,59042,2292,13,0.011528
/Users/okamu/.cache/gomisat/corpus/unsat-uuf150-645/uuf150-055.cnf,150,645,UNSAT,5537,178696,6571,29,0.046372
/Users/okamu/.cache/gomisat/corpus/unsat-uuf150-645/uuf150-056.cnf,150,645,UNSAT,1477,44961,1778,10,0.008881
/Users/okamu/.cache/gomisat/corpus/unsat-uuf150-645/uuf150-057.cnf,150,645,UNSAT,2968,91617,3536,15,0.022019
/Users/okamu/.cache/gomisat/corpus/unsat-uuf150-645/uuf150-058.cnf,150,645,UNSAT,1822,55076,2225,13,0.011578
/Users/okamu/.cache/gomisat/corpus/unsat-uuf150-645/uuf150-059.cnf,150,645,UNSAT,1455,43911,1750,10,0.007332
/Users/okamu/.cache/gomisat/corpus/unsat-uuf150-645/uuf150-06.cnf,150,645,UNSAT,1858,57565,2219,13,0.011755
/Users/okamu/.cache/gomisat/corpus/unsat-uuf150-645/uuf150-060.cnf,150,645,UNSAT,2610,81198,3174,15,0.018841
/Users/okamu/.cache/gomisat/corpus/unsat-uuf150-645/uuf150-061.cnf,150,645,UNSAT,2461,76776,2927,15,0.016575
/Users/okamu/.cache/gomisat/corpus/unsat-uuf150-645/uuf150-062.cnf,150,645,UNSAT,1844,55031,2211,13,0.010928
/Users/okamu/.cache/gomisat/corpus/unsat-uuf150-645/uuf150-063.cnf,150,645,UNSAT,3405,107277,4083,17,0.026135
/Users/okamu/.cache/gomisat/corpus/unsat-uuf150-645/uuf150-064.cnf,150,645,UNSAT,2667,82193,3191,15,0.018239
/Users/okamu/.cache/gomisat/corpus/unsat-uuf150-645/uuf150-065.cnf,150,645,UNSAT,3003,92879,3638,15,0.021628
/Users/okamu/.cache/gomisat/corpus/unsat-uuf150-645/uuf150-066.cnf,150,645,UNSAT,2319,73724,2738,14,0.016031
/Users/okamu/.cache/gomisat/corpus/unsat-uuf150-645/uuf150-067.cnf,150,645,UNSAT,2109,62144,2510,14,0.012896
/Users/okamu/.cache/gomisat/corpus/unsat-uuf150-645/uuf150-068.cnf,150,645,UNSAT,2266,69733,2761,14,0.014259
/Users/okamu/.cache/gomisat/corpus/unsat-uuf150-645/uuf150-069.cnf,150,645,UNSAT,2451,75643,2881,15,0.016711
/Users/okamu/.cache/gomisat/corpus/unsat-uuf150-645/uuf150-07.cnf,150,645,UNSAT,2668,83584,3246,15,0.018716
/Users/okamu/.cache/gomisat/corpus/unsat-uuf150-645/uuf150-070.cnf,150,645,UNSAT,2434,78754,2927,15,0.017197
/Users/okamu/.cache/gomisat/corpus/unsat-uuf150-645/uuf150-071.cnf,150,645,UNSAT,2600,84062,3124,15,0.016378
/Users/okamu/.cache/gomisat/corpus/unsat-uuf150-645/uuf150-072.cnf,150,645,UNSAT,4322,134337,5178,22,0.037078
/Users/okamu/.cache/gomisat/corpus/unsat-uuf150-645/uuf150-073.cnf,150,645,UNSAT,2171,68899,2581,14,0.014878
/Users/okamu/.cache/gomisat/corpus/unsat-uuf150-645/uuf150-074.cnf,150,645,UNSAT,1327,40927,1614,9,0.007502
/Users/okamu/.cache/gomisat/corpus/unsat-uuf150-645/uuf150-075.cnf,150,645,UNSAT,3175,95941,3784,15,0.023098
/Users/okamu/.cache/gomisat/corpus/unsat-uuf150-645/uuf150-076.cnf,150,645,UNSAT,3026,94832,3632,15,0.021105
/Users/okamu/.cache/gomisat/corpus/unsat-uuf150-645/uuf150-077.cnf,150,645,UNSAT,2223,69272,2712,14,0.014194
/Users/okamu/.cache/gomisat/corpus/unsat-uuf150-645/uuf150-078.cnf,150,645,UNSAT,2125,63532,2545,14,0.013805
/Users/okamu/.cache/gomisat/corpus/unsat-uuf150-645/uuf150-079.cnf,150,645,UNSAT,2282,68963,2728,14,0.014271
/Users/okamu/.cache/gomisat/corpus/unsat-uuf150-645/uuf150-08.cnf,150,645,UNSAT,1578,49749,1873,10,0.008795
/Users/okamu/.cache/gomisat/corpus/unsat-uuf150-645/uuf150-080.cnf,150,645,UNSAT,4096,124865,4968,22,0.030005
/Users/okamu/.cache/gomisat/corpus/unsat-uuf150-645/uuf150-081.cnf,150,645,UNSAT,1860,57642,2220,13,0.011105
/Users/okamu/.cache/gomisat/corpus/unsat-uuf150-645/uuf150-082.cnf,150,645,UNSAT,4751,154045,5562,25,0.041922
/Users/okamu/.cache/gomisat/corpus/unsat-uuf150-645/uuf150-083.cnf,150,645,UNSAT,2268,68534,2773,14,0.015755
/Users/okamu/.cache/gomisat/corpus/unsat-uuf150-645/uuf150-084.cnf,150,645,UNSAT,5408,169406,6402,29,0.049632
/Users/okamu/.cache/gomisat/corpus/unsat-uuf150-645/uuf150-085.cnf,150,645,UNSAT,2505,76968,2949,15,0.016901
/Users/okamu/.cache/gomisat/corpus/unsat-uuf150-645/uuf150-086.cnf,150,645,UNSAT,1893,60488,2283,13,0.011732
/Users/okamu/.cache/gomisat/corpus/unsat-uuf150-645/uuf150-087.cnf,150,645,UNSAT,3564,113389,4301,18,0.024590
/Users/okamu/.cache/gomisat/corpus/unsat-uuf150-645/uuf150-088.cnf,150,645,UNSAT,3747,119066,4465,20,0.026831
/Users/okamu/.cache/gomisat/corpus/unsat-uuf150-645/uuf150-089.cnf,150,645,UNSAT,1183,35150,1448,7,0.006361
/Users/okamu/.cache/gomisat/corpus/unsat-uuf150-645/uuf150-09.cnf,150,645,UNSAT,2059,60353,2440,14,0.013954
/Users/okamu/.cache/gomisat/corpus/unsat-uuf150-645/uuf150-090.cnf,150,645,UNSAT,2715,83467,3280,15,0.017774
/Users/okamu/.cache/gomisat/corpus/unsat-uuf150-645/uuf150-091.cnf,150,645,UNSAT,2279,70520,2841,14,0.015280
/Users/okamu/.cache/gomisat/corpus/unsat-uuf150-645/uuf150-092.cnf,150,645,UNSAT,2755,81026,3290,15,0.017869
/Users/okamu/.cache/gomisat/corpus/unsat-uuf150-645/uuf150-093.cnf,150,645,UNSAT,3993,123863,4872,21,0.031730
/Users/okamu/.cache/gomisat/corpus/unsat-uuf150-645/uuf150-094.cnf,150,645,UNSAT,1928,59130,2319,13,0.012248
/Users/okamu/.cache/gomisat/corpus/unsat-uuf150-645/uuf150-095.cnf,150,645,UNSAT,2106,62142,2473,14,0.013009
/Users/okamu/.cache/gomisat/corpus/unsat-uuf150-645/uuf150-096.cnf,150,645,UNSAT,2669,83114,3162,15,0.018847
/Users/okamu/.cache/gomisat/corpus/unsat-uuf150-645/uuf150-097.cnf,150,645,UNSAT,3388,105713,4074,17,0.027546
/Users/okamu/.cache/gomisat/corpus/unsat-uuf150-645/uuf150-098.cnf,150,645,UNSAT,3032,91782,3664,15,0.021921
/Users/okamu/.cache/gomisat/corpus/unsat-uuf150-645/uuf150-099.cnf,150,645,UNSAT,3321,101323,3986,17,0.024674
/Users/okamu/.cache/gomisat/corpus/unsat-uuf200-860/uuf200-01.cnf,200,860,UNSAT,12781,465486,15370,56,0.163619
/Users/okamu/.cache/gomisat/corpus/unsat-uuf200-860/uuf200-010.cnf,200,860,UNSAT,20782,793701,24790,73,0.312134
/Users/okamu/.cache/gomisat/corpus/unsat-uuf200-860/uuf200-011.cnf,200,860,UNSAT,19830,777927,23388,68,0.295938
/Users/okamu/.cache/gomisat/corpus/unsat-uuf200-860/uuf200-012.cnf,200,860,UNSAT,22413,828134,26753,78,0.396866
/Users/okamu/.cache/gomisat/corpus/unsat-uuf200-860/uuf200-013.cnf,200,860,UNSAT,15819,570498,18850,62,0.245008
/Users/okamu/.cache/gomisat/corpus/unsat-uuf200-860/uuf200-014.cnf,200,860,UNSAT,20272,741493,24069,70,0.306171
/Users/okamu/.cache/gomisat/corpus/unsat-uuf200-860/uuf200-015.cnf,200,860,UNSAT,13750,506669,16624,61,0.176822
/Users/okamu/.cache/gomisat/corpus/unsat-uuf200-860/uuf200-016.cnf,200,860,UNSAT,12775,498494,15435,56,0.163935
/Users/okamu/.cache/gomisat/corpus/unsat-uuf200-860/uuf200-017.cnf,200,860,UNSAT,12208,441138,14732,53,0.147955
/Users/okamu/.cache/gomisat/corpus/unsat-uuf200-860/uuf200-018.cnf,200,860,UNSAT,16047,597764,19227,62,0.238372
/Users/okamu/.cache/gomisat/corpus/unsat-uuf200-860/uuf200-019.cnf,200,860,UNSAT,11744,441441,14054,51,0.144202
/Users/okamu/.cache/gomisat/corpus/unsat-uuf200-860/uuf200-02.cnf,200,860,UNSAT,16035,601758,19141,62,0.228369
/Users/okamu/.cache/gomisat/corpus/unsat-uuf200-860/uuf200-020.cnf,200,860,UNSAT,8854,324507,10688,38,0.098234
/Users/okamu/.cache/gomisat/corpus/unsat-uuf200-860/uuf200-021.cnf,200,860,UNSAT,14135,514182,16966,61,0.196498
/Users/okamu/.cache/gomisat/corpus/unsat-uuf200-860/uuf200-022.cnf,200,860,UNSAT,17311,642540,20550,63,0.249864
/Users/okamu/.cache/gomisat/corpus/unsat-uuf200-860/uuf200-023.cnf,200,860,UNSAT,9435,353222,11349,41,0.101956
/Users/okamu/.cache/gomisat/corpus/unsat-uuf200-860/uuf200-024.cnf,200,860,UNSAT,19198,691927,22800,63,0.287255
/Users/okamu/.cache/gomisat/corpus/unsat-uuf200-860/uuf200-025.cnf,200,860,UNSAT,22352,850767,26475,78,0.317696
/Users/okamu/.cache/gomisat/corpus/unsat-uuf200-860/uuf200-026.cnf,200,860,UNSAT,21967,806852,26127,78,0.369851
/Users/okamu/.cache/gomisat/corpus/unsat-uuf200-860/uuf200-027.cnf,200,860,UNSAT,11961,440040,14215,52,0.139787
/Users/okamu/.cache/gomisat/corpus/unsat-uuf200-860/uuf200-028.cnf,200,860,UNSAT,15443,570520,18268,62,0.196260
/Users/okamu/.cache/gomisat/corpus/unsat-uuf200-860/uuf200-029.cnf,200,860,UNSAT,14739,537620,17625,62,0.203396
/Users/okamu/.cache/gomisat/corpus/unsat-uuf200-860/uuf200-03.cnf,200,860,UNSAT,9558,357561,11506,41,0.102695
/Users/okamu/.cache/gomisat/corpus/unsat-uuf200-860/uuf200-030.cnf,200,860,UNSAT,10208,377362,12208,45,0.126478
/Users/okamu/.cache/gomisat/corpus/unsat-uuf200-860/uuf200-031.cnf,200,860,UNSAT,13158,491207,15886,59,0.166570
/Users/okamu/.cache/gomisat/corpus/unsat-uuf200-860/uuf200-032.cnf,200,860,UNSAT,18841,719196,22356,63,0.289337
/Users/okamu/.cache/gomisat/corpus/unsat-uuf200-860/uuf200-033.cnf,200,860,UNSAT,8429,306194,10112,34,0.088670
/Users/okamu/.cache/gomisat/corpus/unsat-uuf200-860/uuf200-034.cnf,200,860,UNSAT,12762,459448,15158,56,0.165969
/Users/okamu/.cache/gomisat/corpus/unsat-uuf200-860/uuf200-035.cnf,200,860,UNSAT,14954,551860,18057,62,0.202141
/Users/okamu/.cache/gomisat/corpus/unsat-uuf200-860/uuf200-036.cnf,200,860,UNSAT,27377,1027191,32661,95,0.484701
/Users/okamu/.cache/gomisat/corpus/unsat-uuf200-860/uuf200-037.cnf,200,860,UNSAT,19849,768686,23631,69,0.308341
/Users/okamu/.cache/gomisat/corpus/unsat-uuf200-860/uuf200-038.cnf,200,860,UNSAT,19414,707996,23051,65,0.318639
/Users/okamu/.cache/gomisat/corpus/unsat-uuf200-860/uuf200-039.cnf,200,860,UNSAT,11679,420690,13937,50,0.142737
/Users/okamu/.cache/gomisat/corpus/unsat-uuf200-860/uuf200-04.cnf,200,860,UNSAT,39732,1484163,47145,127,0.925267
/Users/okamu/.cache/gomisat/corpus/unsat-uuf200-860/uuf200-040.cnf,200,860,UNSAT,16167,594934,19221,63,0.226618
/Users/okamu/.cache/gomisat/corpus/unsat-uuf200-860/uuf200-041.cnf,200,860,UNSAT,12205,456562,14393,53,0.159228
/Users/okamu/.cache/gomisat/corpus/unsat-uuf200-860/uuf200-042.cnf,200,860,UNSAT,13937,502730,16697,61,0.195489
/Users/okamu/.cache/gomisat/corpus/unsat-uuf200-860/uuf200-043.cnf,200,860,UNSAT,14950,531159,17979,62,0.223120
/Users/okamu/.cache/gomisat/corpus/unsat-uuf200-860/uuf200-044.cnf,200,860,UNSAT,13731,530432,16382,61,0.189369
/Users/okamu/.cache/gomisat/corpus/unsat-uuf200-860/uuf200-045.cnf,200,860,UNSAT,21327,792214,25280,77,0.322863
/Users/okamu/.cache/gomisat/corpus/unsat-uuf200-860/uuf200-046.cnf,200,860,UNSAT,22886,866088,27179,82,0.392739
/Users/okamu/.cache/gomisat/corpus/unsat-uuf200-860/uuf200-047.cnf,200,860,UNSAT,13640,499155,16236,60,0.195757
/Users/okamu/.cache/gomisat/corpus/unsat-uuf200-860/uuf200-048.cnf,200,860,UNSAT,16347,620792,19625,63,0.249576
/Users/okamu/.cache/gomisat/corpus/unsat-uuf200-860/uuf200-049.cnf,200,860,UNSAT,15561,583191,18394,62,0.207912
/Users/okamu/.cache/gomisat/corpus/unsat-uuf200-860/uuf200-05.cnf,200,860,UNSAT,17801,650453,21020,63,0.266556
/Users/okamu/.cache/gomisat/corpus/unsat-uuf200-860/uuf200-050.cnf,200,860,UNSAT,14753,568532,17580,62,0.185263
/Users/okamu/.cache/gomisat/corpus/unsat-uuf200-860/uuf200-051.cnf,200,860,UNSAT,23301,855516,27852,85,0.379998
/Users/okamu/.cache/gomisat/corpus/unsat-uuf200-860/uuf200-052.cnf,200,860,UNSAT,18183,691444,21481,63,0.285030
/Users/okamu/.cache/gomisat/corpus/unsat-uuf200-860/uuf200-053.cnf,200,860,UNSAT,14621,543705,17502,62,0.201060
/Users/okamu/.cache/gomisat/corpus/unsat-uuf200-860/uuf200-054.cnf,200,860,UNSAT,20052,771844,23615,70,0.328548
/Users/okamu/.cache/gomisat/corpus/unsat-uuf200-860/uuf200-055.cnf,200,860,UNSAT,14385,517169,17407,61,0.210646
/Users/okamu/.cache/gomisat/corpus/unsat-uuf200-860/uuf200-056.cnf,200,860,UNSAT,26737,1011381,31728,94,0.498438
/Users/okamu/.cache/gomisat/corpus/unsat-uuf200-860/uuf200-057.cnf,200,860,UNSAT,12292,453415,14576,53,0.157786
/Users/okamu/.cache/gomisat/corpus/unsat-uuf200-860/uuf200-058.cnf,200,860,UNSAT,21463,802420,25694,77,0.336729
/Users/okamu/.cache/gomisat/corpus/unsat-uuf200-860/uuf200-059.cnf,200,860,UNSAT,14209,509968,16933,61,0.208597
/Users/okamu/.cache/gomisat/corpus/unsat-uuf200-860/uuf200-06.cnf,200,860,UNSAT,13332,503950,16016,60,0.170682
/Users/okamu/.cache/gomisat/corpus/unsat-uuf200-860/uuf200-060.cnf,200,860,UNSAT,12227,464857,14750,53,0.164171
/Users/okamu/.cache/gomisat/corpus/unsat-uuf200-860/uuf200-061.cnf,200,860,UNSAT,8439,311977,10008,35,0.090377
/Users/okamu/.cache/gomisat/corpus/unsat-uuf200-860/uuf200-062.cnf,200,860,UNSAT,6839,255256,8180,31,0.066615
/Users/okamu/.cache/gomisat/corpus/unsat-uuf200-860/uuf200-063.cnf,200,860,UNSAT,18438,688813,21944,63,0.277169
/Users/okamu/.cache/gomisat/corpus/unsat-uuf200-860/uuf200-064.cnf,200,860,UNSAT,25182,929079,29746,93,0.476274
/Users/okamu/.cache/gomisat/corpus/unsat-uuf200-860/uuf200-065.cnf,200,860,UNSAT,16379,599445,19691,63,0.232213
/Users/okamu/.cache/gomisat/corpus/unsat-uuf200-860/uuf200-066.cnf,200,860,UNSAT,31808,1205232,38296,118,0.656377
/Users/okamu/.cache/gomisat/corpus/unsat-uuf200-860/uuf200-067.cnf,200,860,UNSAT,20968,776671,24922,75,0.328613
/Users/okamu/.cache/gomisat/corpus/unsat-uuf200-860/uuf200-068.cnf,200,860,UNSAT,15156,578968,18234,62,0.209061
/Users/okamu/.cache/gomisat/corpus/unsat-uuf200-860/uuf200-069.cnf,200,860,UNSAT,7281,266361,8721,31,0.074022
/Users/okamu/.cache/gomisat/corpus/unsat-uuf200-860/uuf200-07.cnf,200,860,UNSAT,17093,634275,20282,63,0.237742
/Users/okamu/.cache/gomisat/corpus/unsat-uuf200-860/uuf200-070.cnf,200,860,UNSAT,15429,591732,18485,62,0.208896
/Users/okamu/.cache/gomisat/corpus/unsat-uuf200-860/uuf200-071.cnf,200,860,UNSAT,16021,578605,19079,62,0.246869
/Users/okamu/.cache/gomisat/corpus/unsat-uuf200-860/uuf200-072.cnf,200,860,UNSAT,17598,656232,20883,63,0.264742
/Users/okamu/.cache/gomisat/corpus/unsat-uuf200-860/uuf200-073.cnf,200,860,UNSAT,12209,466082,14555,53,0.152760
/Users/okamu/.cache/gomisat/corpus/unsat-uuf200-860/uuf200-074.cnf,200,860,UNSAT,18112,690629,21649,63,0.245809
/Users/okamu/.cache/gomisat/corpus/unsat-uuf200-860/uuf200-075.cnf,200,860,UNSAT,20020,774569,23965,69,0.296553
/Users/okamu/.cache/gomisat/corpus/unsat-uuf200-860/uuf200-076.cnf,200,860,UNSAT,7942,313295,9499,31,0.081466
/Users/okamu/.cache/gomisat/corpus/unsat-uuf200-860/uuf200-077.cnf,200,860,UNSAT,11176,424679,13374,46,0.136201
/Users/okamu/.cache/gomisat/corpus/unsat-uuf200-860/uuf200-078.cnf,200,860,UNSAT,16754,633159,20140,63,0.237899
/Users/okamu/.cache/gomisat/corpus/unsat-uuf200-860/uuf200-079.cnf,200,860,UNSAT,14289,533471,17000,61,0.189253
/Users/okamu/.cache/gomisat/corpus/unsat-uuf200-860/uuf200-08.cnf,200,860,UNSAT,15276,572767,18275,62,0.218278
/Users/okamu/.cache/gomisat/corpus/unsat-uuf200-860/uuf200-080.cnf,200,860,UNSAT,19998,736867,23824,69,0.341916
/Users/okamu/.cache/gomisat/corpus/unsat-uuf200-860/uuf200-081.cnf,200,860,UNSAT,20830,749910,24940,73,0.322461
/Users/okamu/.cache/gomisat/corpus/unsat-uuf200-860/uuf200-082.cnf,200,860,UNSAT,12179,466727,14517,53,0.132938
/Users/okamu/.cache/gomisat/corpus/unsat-uuf200-860/uuf200-083.cnf,200,860,UNSAT,18301,689303,21500,63,0.310757
/Users/okamu/.cache/gomisat/corpus/unsat-uuf200-860/uuf200-084.cnf,200,860,UNSAT,9177,342835,10907,38,0.099696
/Users/okamu/.cache/gomisat/corpus/unsat-uuf200-860/uuf200-085.cnf,200,860,UNSAT,18564,696698,22263,63,0.302434
/Users/okamu/.cache/gomisat/corpus/unsat-uuf200-860/uuf200-086.cnf,200,860,UNSAT,13264,500422,15839,60,0.170140
/Users/okamu/.cache/gomisat/corpus/unsat-uuf200-860/uuf200-087.cnf,200,860,UNSAT,16804,604467,19848,63,0.264042
/Users/okamu/.cache/gomisat/corpus/unsat-uuf200-860/uuf200-088.cnf,200,860,UNSAT,9164,344103,11021,38,0.110138
/Users/okamu/.cache/gomisat/corpus/unsat-uuf200-860/uuf200-089.cnf,200,860,UNSAT,13688,509123,16422,61,0.181146
/Users/okamu/.cache/gomisat/corpus/unsat-uuf200-860/uuf200-09.cnf,200,860,UNSAT,12230,455993,14458,53,0.143330
/Users/okamu/.cache/gomisat/corpus/unsat-uuf200-860/uuf200-090.cnf,200,860,UNSAT,19394,694697,23081,65,0.309444
/Users/okamu/.cache/gomisat/corpus/unsat-uuf200-860/uuf200-091.cnf,200,860,UNSAT,18398,678173,21837,63,0.280153
/Users/okamu/.cache/gomisat/corpus/unsat-uuf200-860/uuf200-092.cnf,200,860,UNSAT,12357,474961,14770,53,0.150566
/Users/okamu/.cache/gomisat/corpus/unsat-uuf200-860/uuf200-093.cnf,200,860,UNSAT,14876,547119,17614,62,0.213010
/Users/okamu/.cache/gomisat/corpus/unsat-uuf200-860/uuf200-094.cnf,200,860,UNSAT,17433,642479,20832,63,0.277675
/Users/okamu/.cache/gomisat/corpus/unsat-uuf200-860/uuf200-095.cnf,200,860,UNSAT,25609,944869,30536,93,0.521101
/Users/okamu/.cache/gomisat/corpus/unsat-uuf200-860/uuf200-096.cnf,200,860,UNSAT,7719,291869,9183,31,0.081825
/Users/okamu/.cache/gomisat/corpus/unsat-uuf200-860/uuf200-097.cnf,200,860,UNSAT,10813,393171,12939,46,0.136415
/Users/okamu/.cache/gomisat/corpus/unsat-uuf200-860/uuf200-098.cnf,200,860,UNSAT,17271,639766,20598,63,0.248232
/Users/okamu/.cache/gomisat/corpus/unsat-uuf200-860/uuf200-099.cnf,200,860,UNSAT,20892,786608,24850,74,0.341071
/Users/okamu/.cache/gomisat/corpus/unsat-uuf225-960/uuf225-01.cnf,225,960,UNSAT,44048,1785699,52453,127,1.038132
/Users/okamu/.cache/gomisat/corpus/unsat-uuf225-960/uuf225-010.cnf,225,960,UNSAT,34910,1419563,41749,125,0.736857
/Users/okamu/.cache/gomisat/corpus/unsat-uuf225-960/uuf225-0100.cnf,225,960,UNSAT,38615,1621750,45845,127,0.746706
/Users/okamu/.cache/gomisat/corpus/unsat-uuf225-960/uuf225-011.cnf,225,960,UNSAT,33280,1354808,39483,124,0.668075
/Users/okamu/.cache/gomisat/corpus/unsat-uuf225-960/uuf225-012.cnf,225,960,UNSAT,27661,1133834,33137,97,0.508992
/Users/okamu/.cache/gomisat/corpus/unsat-uuf225-960/uuf225-013.cnf,225,960,UNSAT,42334,1675989,50111,127,0.973320
/Users/okamu/.cache/gomisat/corpus/unsat-uuf225-960/uuf225-014.cnf,225,960,UNSAT,15553,616125,18586,62,0.213539
/Users/okamu/.cache/gomisat/corpus/unsat-uuf225-960/uuf225-015.cnf,225,960,UNSAT,48678,1921397,57716,147,1.101518
/Users/okamu/.cache/gomisat/corpus/unsat-uuf225-960/uuf225-016.cnf,225,960,UNSAT,36581,1471338,43537,126,0.892488
/Users/okamu/.cache/gomisat/corpus/unsat-uuf225-960/uuf225-017.cnf,225,960,UNSAT,47642,1923355,56200,142,1.169131
/Users/okamu/.cache/gomisat/corpus/unsat-uuf225-960/uuf225-018.cnf,225,960,UNSAT,37639,1528480,44810,126,0.827798
/Users/okamu/.cache/gomisat/corpus/unsat-uuf225-960/uuf225-019.cnf,225,960,UNSAT,41768,1641583,50186,127,0.983606
/Users/okamu/.cache/gomisat/corpus/unsat-uuf225-960/uuf225-02.cnf,225,960,UNSAT,23132,955136,27610,84,0.375481
/Users/okamu/.cache/gomisat/corpus/unsat-uuf225-960/uuf225-020.cnf,225,960,UNSAT,30403,1214984,36302,109,0.580633
/Users/okamu/.cache/gomisat/corpus/unsat-uuf225-960/uuf225-021.cnf,225,960,UNSAT,48968,1987924,58262,149,1.345569
/Users/okamu/.cache/gomisat/corpus/unsat-uuf225-960/uuf225-022.cnf,225,960,UNSAT,41402,1714242,49213,127,0.914153
/Users/okamu/.cache/gomisat/corpus/unsat-uuf225-960/uuf225-023.cnf,225,960,UNSAT,35596,1444668,42044,126,0.795809
/Users/okamu/.cache/gomisat/corpus/unsat-uuf225-960/uuf225-024.cnf,225,960,UNSAT,35185,1424287,42117,125,0.719273
/Users/okamu/.cache/gomisat/corpus/unsat-uuf225-960/uuf225-025.cnf,225,960,UNSAT,39825,1640081,47238,127,0.848672
/Users/okamu/.cache/gomisat/corpus/unsat-uuf225-960/uuf225-026.cnf,225,960,UNSAT,40582,1582417,48211,127,0.926231
/Users/okamu/.cache/gomisat/corpus/unsat-uuf225-960/uuf225-027.cnf,225,960,UNSAT,47846,1916583,57131,142,1.267879
/Users/okamu/.cache/gomisat/corpus/unsat-uuf225-960/uuf225-028.cnf,225,960,UNSAT,34874,1415215,41753,125,0.715626
/Users/okamu/.cache/gomisat/corpus/unsat-uuf225-960/uuf225-029.cnf,225,960,UNSAT,19436,785295,23094,65,0.284448
/Users/okamu/.cache/gomisat/corpus/unsat-uuf225-960/uuf225-03.cnf,225,960,UNSAT,35983,1398181,43026,126,0.839705
/Users/okamu/.cache/gomisat/corpus/unsat-uuf225-960/uuf225-030.cnf,225,960,UNSAT,29743,1208910,35738,109,0.546236
/Users/okamu/.cache/gomisat/corpus/unsat-uuf225-960/uuf225-031.cnf,225,960,UNSAT,41954,1721490,49602,127,0.988568
/Users/okamu/.cache/gomisat/corpus/unsat-uuf225-960/uuf225-032.cnf,225,960,UNSAT,36716,1470334,43688,126,0.793328
/Users/okamu/.cache/gomisat/corpus/unsat-uuf225-960/uuf225-033.cnf,225,960,UNSAT,59688,2410962,70732,189,1.791261
/Users/okamu/.cache/gomisat/corpus/unsat-uuf225-960/uuf225-034.cnf,225,960,UNSAT,37611,1589266,44925,126,0.790841
/Users/okamu/.cache/gomisat/corpus/unsat-uuf225-960/uuf225-035.cnf,225,960,UNSAT,45601,1837437,53893,133,0.993914
/Users/okamu/.cache/gomisat/corpus/unsat-uuf225-960/uuf225-036.cnf,225,960,UNSAT,28556,1155341,33812,102,0.548766
/Users/okamu/.cache/gomisat/corpus/unsat-uuf225-960/uuf225-037.cnf,225,960,UNSAT,33919,1345400,40593,125,0.723344
/Users/okamu/.cache/gomisat/corpus/unsat-uuf225-960/uuf225-038.cnf,225,960,UNSAT,21159,819352,25183,76,0.340047
/Users/okamu/.cache/gomisat/corpus/unsat-uuf225-960/uuf225-039.cnf,225,960,UNSAT,43622,1752541,51864,127,0.957875
/Users/okamu/.cache/gomisat/corpus/unsat-uuf225-960/uuf225-04.cnf,225,960,UNSAT,25594,997609,30542,93,0.465356
/Users/okamu/.cache/gomisat/corpus/unsat-uuf225-960/uuf225-040.cnf,225,960,UNSAT,32999,1323856,39680,124,0.643080
/Users/okamu/.cache/gomisat/corpus/unsat-uuf225-960/uuf225-041.cnf,225,960,UNSAT,34138,1361461,40457,125,0.769341
/Users/okamu/.cache/gomisat/corpus/unsat-uuf225-960/uuf225-042.cnf,225,960,UNSAT,23727,973408,27880,86,0.392920
/Users/okamu/.cache/gomisat/corpus/unsat-uuf225-960/uuf225-043.cnf,225,960,UNSAT,42383,1673620,50599,127,0.928239
/Users/okamu/.cache/gomisat/corpus/unsat-uuf225-960/uuf225-044.cnf,225,960,UNSAT,29597,1257967,35070,108,0.542902
/Users/okamu/.cache/gomisat/corpus/unsat-uuf225-960/uuf225-045.cnf,225,960,UNSAT,21654,878852,25958,77,0.329829
/Users/okamu/.cache/gomisat/corpus/unsat-uuf225-960/uuf225-046.cnf,225,960,UNSAT,24052,952075,28812,88,0.391761
/Users/okamu/.cache/gomisat/corpus/unsat-uuf225-960/uuf225-047.cnf,225,960,UNSAT,55325,2206730,65816,172,1.526434
/Users/okamu/.cache/gomisat/corpus/unsat-uuf225-960/uuf225-048.cnf,225,960,UNSAT,32058,1295881,38369,119,0.573503
/Users/okamu/.cache/gomisat/corpus/unsat-uuf225-960/uuf225-049.cnf,225,960,UNSAT,22179,902250,26403,78,0.379264
/Users/okamu/.cache/gomisat/corpus/unsat-uuf225-960/uuf225-05.cnf,225,960,UNSAT,90999,3617579,107275,255,3.544621
/Users/okamu/.cache/gomisat/corpus/unsat-uuf225-960/uuf225-050.cnf,225,960,UNSAT,40578,1551839,48102,127,1.081788
/Users/okamu/.cache/gomisat/corpus/unsat-uuf225-960/uuf225-051.cnf,225,960,UNSAT,16146,653039,19303,63,0.229943
/Users/okamu/.cache/gomisat/corpus/unsat-uuf225-960/uuf225-052.cnf,225,960,UNSAT,38333,1552095,45831,126,0.884290
/Users/okamu/.cache/gomisat/corpus/unsat-uuf225-960/uuf225-053.cnf,225,960,UNSAT,60790,2432649,72005,189,1.754519
/Users/okamu/.cache/gomisat/corpus/unsat-uuf225-960/uuf225-054.cnf,225,960,UNSAT,52752,2101422,62978,158,1.301948
/Users/okamu/.cache/gomisat/corpus/unsat-uuf225-960/uuf225-055.cnf,225,960,UNSAT,52493,2061884,61843,158,1.505900
/Users/okamu/.cache/gomisat/corpus/unsat-uuf225-960/uuf225-056.cnf,225,960,UNSAT,38758,1557091,46385,127,0.803218
/Users/okamu/.cache/gomisat/corpus/unsat-uuf225-960/uuf225-057.cnf,225,960,UNSAT,68046,2696208,80819,211,1.981783
/Users/okamu/.cache/gomisat/corpus/unsat-uuf225-960/uuf225-058.cnf,225,960,UNSAT,45989,1893212,54798,134,1.060585
/Users/okamu/.cache/gomisat/corpus/unsat-uuf225-960/uuf225-059.cnf,225,960,UNSAT,29441,1171065,35182,108,0.586567
/Users/okamu/.cache/gomisat/corpus/unsat-uuf225-960/uuf225-06.cnf,225,960,UNSAT,33404,1333994,39866,124,0.659021
/Users/okamu/.cache/gomisat/corpus/unsat-uuf225-960/uuf225-060.cnf,225,960,UNSAT,23828,944524,28522,87,0.424041
/Users/okamu/.cache/gomisat/corpus/unsat-uuf225-960/uuf225-061.cnf,225,960,UNSAT,21713,826728,25817,78,0.361643
/Users/okamu/.cache/gomisat/corpus/unsat-uuf225-960/uuf225-062.cnf,225,960,UNSAT,47494,1894248,56538,142,1.136813
/Users/okamu/.cache/gomisat/corpus/unsat-uuf225-960/uuf225-063.cnf,225,960,UNSAT,61403,2492972,72656,190,1.709382
/Users/okamu/.cache/gomisat/corpus/unsat-uuf225-960/uuf225-064.cnf,225,960,UNSAT,29135,1153839,34602,107,0.566195
/Users/okamu/.cache/gomisat/corpus/unsat-uuf225-960/uuf225-065.cnf,225,960,UNSAT,44375,1782808,52690,127,1.117484
/Users/okamu/.cache/gomisat/corpus/unsat-uuf225-960/uuf225-066.cnf,225,960,UNSAT,38608,1508229,46048,127,0.959555
/Users/okamu/.cache/gomisat/corpus/unsat-uuf225-960/uuf225-067.cnf,225,960,UNSAT,35835,1461013,42644,126,0.734044
/Users/okamu/.cache/gomisat/corpus/unsat-uuf225-960/uuf225-068.cnf,225,960,UNSAT,36119,1472318,42753,126,0.783495
/Users/okamu/.cache/gomisat/corpus/unsat-uuf225-960/uuf225-069.cnf,225,960,UNSAT,42744,1698019,50072,127,1.047677
/Users/okamu/.cache/gomisat/corpus/unsat-uuf225-960/uuf225-07.cnf,225,960,UNSAT,32781,1288265,38967,123,0.713952
/Users/okamu/.cache/gomisat/corpus/unsat-uuf225-960/uuf225-070.cnf,225,960,UNSAT,65786,2669959,78596,201,1.829540
/Users/okamu/.cache/gomisat/corpus/unsat-uuf225-960/uuf225-071.cnf,225,960,UNSAT,40480,1591974,48142,127,0.986428
/Users/okamu/.cache/gomisat/corpus/unsat-uuf225-960/uuf225-072.cnf,225,960,UNSAT,27409,1071690,32611,96,0.561865
/Users/okamu/.cache/gomisat/corpus/unsat-uuf225-960/uuf225-073.cnf,225,960,UNSAT,29040,1193736,34701,106,0.507500
/Users/okamu/.cache/gomisat/corpus/unsat-uuf225-960/uuf225-074.cnf,225,960,UNSAT,68732,2723916,81555,214,2.152057
/Users/okamu/.cache/gomisat/corpus/unsat-uuf225-960/uuf225-075.cnf,225,960,UNSAT,19272,767110,22750,64,0.301456
/Users/okamu/.cache/gomisat/corpus/unsat-uuf225-960/uuf225-076.cnf,225,960,UNSAT,31279,1284396,36827,115,0.596991
/Users/okamu/.cache/gomisat/corpus/unsat-uuf225-960/uuf225-077.cnf,225,960,UNSAT,20134,774903,23673,70,0.318226
/Users/okamu/.cache/gomisat/corpus/unsat-uuf225-960/uuf225-078.cnf,225,960,UNSAT,64062,2603226,76178,190,1.701777
/Users/okamu/.cache/gomisat/corpus/unsat-uuf225-960/uuf225-079.cnf,225,960,UNSAT,30423,1202059,36281,109,0.633412
/Users/okamu/.cache/gomisat/corpus/unsat-uuf225-960/uuf225-08.cnf,225,960,UNSAT,21015,853214,24940,75,0.323694
/Users/okamu/.cache/gomisat/corpus/unsat-uuf225-960/uuf225-080.cnf,225,960,UNSAT,64512,2550884,76638,193,1.916239
/Users/okamu/.cache/gomisat/corpus/unsat-uuf225-960/uuf225-081.cnf,225,960,UNSAT,57192,2260180,67654,180,1.431049
/Users/okamu/.cache/gomisat/corpus/unsat-uuf225-960/uuf225-082.cnf,225,960,UNSAT,26563,1021055,31470,94,0.510488
/Users/okamu/.cache/gomisat/corpus/unsat-uuf225-960/uuf225-083.cnf,225,960,UNSAT,106856,4285548,127141,277,3.843508
/Users/okamu/.cache/gomisat/corpus/unsat-uuf225-960/uuf225-084.cnf,225,960,UNSAT,19581,764618,23388,66,0.304103
/Users/okamu/.cache/gomisat/corpus/unsat-uuf225-960/uuf225-085.cnf,225,960,UNSAT,61199,2387274,72639,190,1.918463
/Users/okamu/.cache/gomisat/corpus/unsat-uuf225-960/uuf225-086.cnf,225,960,UNSAT,50024,2090137,59143,155,1.132237
/Users/okamu/.cache/gomisat/corpus/unsat-uuf225-960/uuf225-087.cnf,225,960,UNSAT,29624,1188188,35122,108,0.589153
/Users/okamu/.cache/gomisat/corpus/unsat-uuf225-960/uuf225-088.cnf,225,960,UNSAT,31753,1253600,38095,117,0.541997
/Users/okamu/.cache/gomisat/corpus/unsat-uuf225-960/uuf225-089.cnf,225,960,UNSAT,46568,1920771,55441,138,1.069188
/Users/okamu/.cache/gomisat/corpus/unsat-uuf225-960/uuf225-09.cnf,225,960,UNSAT,56534,2277109,67408,176,1.461394
/Users/okamu/.cache/gomisat/corpus/unsat-uuf225-960/uuf225-090.cnf,225,960,UNSAT,29892,1198158,35590,109,0.548014
/Users/okamu/.cache/gomisat/corpus/unsat-uuf225-960/uuf225-091.cnf,225,960,UNSAT,38450,1578443,45473,126,0.834316
/Users/okamu/.cache/gomisat/corpus/unsat-uuf225-960/uuf225-092.cnf,225,960,UNSAT,57225,2411578,67800,180,1.428502
/Users/okamu/.cache/gomisat/corpus/unsat-uuf225-960/uuf225-093.cnf,225,960,UNSAT,57173,2242982,67959,180,1.585532
/Users/okamu/.cache/gomisat/corpus/unsat-uuf225-960/uuf225-094.cnf,225,960,UNSAT,71446,2919050,85232,221,1.978159
/Users/okamu/.cache/gomisat/corpus/unsat-uuf225-960/uuf225-095.cnf,225,960,UNSAT,36571,1461647,43289,126,0.798518
/Users/okamu/.cache/gomisat/corpus/unsat-uuf225-960/uuf225-096.cnf,225,960,UNSAT,51503,2078198,61140,158,1.302166
/Users/okamu/.cache/gomisat/corpus/unsat-uuf225-960/uuf225-097.cnf,225,960,UNSAT,37327,1524533,44542,126,0.761262
/Users/okamu/.cache/gomisat/corpus/unsat-uuf225-960/uuf225-098.cnf,225,960,UNSAT,102435,4031138,121359,255,3.867964
/Users/okamu/.cache/gomisat/corpus/unsat-uuf225-960/uuf225-099.cnf,225,960,UNSAT,24599,1003546,29099,92,0.385961
/Users/okamu/.cache/gomisat/corpus/unsat-uuf250-1065/uuf250-01.cnf,250,1065,UNSAT,105842,4657111,125424,271,3.521237
/Users/okamu/.cache/gomisat/corpus/unsat-uuf250-1065/uuf250-010.cnf,250,1065,UNSAT,98832,4218631,117032,255,3.384572
/Users/okamu/.cache/gomisat/corpus/unsat-uuf250-1065/uuf250-0100.cnf,250,1065,UNSAT,146161,6066037,172836,382,6.037648
/Users/okamu/.cache/gomisat/corpus/unsat-uuf250-1065/uuf250-011.cnf,250,1065,UNSAT,138995,5870114,164443,381,5.389257
/Users/okamu/.cache/gomisat/corpus/unsat-uuf250-1065/uuf250-012.cnf,250,1065,UNSAT,103371,4453027,121925,261,3.200088
/Users/okamu/.cache/gomisat/corpus/unsat-uuf250-1065/uuf250-013.cnf,250,1065,UNSAT,109225,4527980,128875,286,4.249153
/Users/okamu/.cache/gomisat/corpus/unsat-uuf250-1065/uuf250-014.cnf,250,1065,UNSAT,137852,5873601,162255,380,5.860287
/Users/okamu/.cache/gomisat/corpus/unsat-uuf250-1065/uuf250-015.cnf,250,1065,UNSAT,123786,5227341,146037,331,4.900241
/Users/okamu/.cache/gomisat/corpus/unsat-uuf250-1065/uuf250-016.cnf,250,1065,UNSAT,77713,3247570,92012,250,2.355767
/Users/okamu/.cache/gomisat/corpus/unsat-uuf250-1065/uuf250-017.cnf,250,1065,UNSAT,118119,4916112,140346,317,5.173032
/Users/okamu/.cache/gomisat/corpus/unsat-uuf250-1065/uuf250-018.cnf,250,1065,UNSAT,135620,5796367,159174,379,5.269622
/Users/okamu/.cache/gomisat/corpus/unsat-uuf250-1065/uuf250-019.cnf,250,1065,UNSAT,103495,4452957,121042,262,3.965712
/Users/okamu/.cache/gomisat/corpus/unsat-uuf250-1065/uuf250-02.cnf,250,1065,UNSAT,116704,4947450,138043,316,4.155059
/Users/okamu/.cache/gomisat/corpus/unsat-uuf250-1065/uuf250-020.cnf,250,1065,UNSAT,141820,5971497,168376,382,5.539481
/Users/okamu/.cache/gomisat/corpus/unsat-uuf250-1065/uuf250-021.cnf,250,1065,UNSAT,158182,6822640,188008,428,6.213343
/Users/okamu/.cache/gomisat/corpus/unsat-uuf250-1065/uuf250-022.cnf,250,1065,UNSAT,153167,6598117,180676,412,7.791193
/Users/okamu/.cache/gomisat/corpus/unsat-uuf250-1065/uuf250-023.cnf,250,1065,UNSAT,72097,3044669,84498,221,2.282339
/Users/okamu/.cache/gomisat/corpus/unsat-uuf250-1065/uuf250-024.cnf,250,1065,UNSAT,76668,3304444,90978,244,2.347669
/Users/okamu/.cache/gomisat/corpus/unsat-uuf250-1065/uuf250-025.cnf,250,1065,UNSAT,120909,5233057,142563,318,4.825497
/Users/okamu/.cache/gomisat/corpus/unsat-uuf250-1065/uuf250-026.cnf,250,1065,UNSAT,51336,2226074,61352,158,1.194233
/Users/okamu/.cache/gomisat/corpus/unsat-uuf250-1065/uuf250-027.cnf,250,1065,UNSAT,142913,6085897,168571,382,6.464367
/Users/okamu/.cache/gomisat/corpus/unsat-uuf250-1065/uuf250-028.cnf,250,1065,UNSAT,136900,5809088,161970,380,6.048343
/Users/okamu/.cache/gomisat/corpus/unsat-uuf250-1065/uuf250-029.cnf,250,1065,UNSAT,74297,3167482,87579,235,2.484899
/Users/okamu/.cache/gomisat/corpus/unsat-uuf250-1065/uuf250-03.cnf,250,1065,UNSAT,108747,4659423,127939,285,4.106681
/Users/okamu/.cache/gomisat/corpus/unsat-uuf250-1065/uuf250-030.cnf,250,1065,UNSAT,64395,2674922,77185,193,1.705379
/Users/okamu/.cache/gomisat/corpus/unsat-uuf250-1065/uuf250-031.cnf,250,1065,UNSAT,134905,5956288,160488,376,4.978047
/Users/okamu/.cache/gomisat/corpus/unsat-uuf250-1065/uuf250-032.cnf,250,1065,UNSAT,101689,4302970,119471,255,3.440562
/Users/okamu/.cache/gomisat/corpus/unsat-uuf250-1065/uuf250-033.cnf,250,1065,UNSAT,195072,8126407,230793,510,9.953566
/Users/okamu/.cache/gomisat/corpus/unsat-uuf250-1065/uuf250-034.cnf,250,1065,UNSAT,155770,6633758,185267,416,6.985967
/Users/okamu/.cache/gomisat/corpus/unsat-uuf250-1065/uuf250-035.cnf,250,1065,UNKNOWN,196078,8056830,231152,510,10.001350
/Users/okamu/.cache/gomisat/corpus/unsat-uuf250-1065/uuf250-036.cnf,250,1065,UNSAT,60227,2562608,72143,189,1.638075
/Users/okamu/.cache/gomisat/corpus/unsat-uuf250-1065/uuf250-037.cnf,250,1065,UNSAT,63376,2645272,75022,190,1.803216
/Users/okamu/.cache/gomisat/corpus/unsat-uuf250-1065/uuf250-038.cnf,250,1065,UNSAT,37687,1622054,44849,126,0.713570
/Users/okamu/.cache/gomisat/corpus/unsat-uuf250-1065/uuf250-039.cnf,250,1065,UNSAT,84469,3581557,99881,254,2.578841
/Users/okamu/.cache/gomisat/corpus/unsat-uuf250-1065/uuf250-04.cnf,250,1065,UNSAT,99674,4140094,118471,255,3.221974
/Users/okamu/.cache/gomisat/corpus/unsat-uuf250-1065/uuf250-040.cnf,250,1065,UNSAT,44886,1885884,52607,127,1.066275
/Users/okamu/.cache/gomisat/corpus/unsat-uuf250-1065/uuf250-041.cnf,250,1065,UNSAT,80531,3524272,96959,253,2.438436
/Users/okamu/.cache/gomisat/corpus/unsat-uuf250-1065/uuf250-042.cnf,250,1065,UNSAT,117430,5008421,138291,317,4.324388
/Users/okamu/.cache/gomisat/corpus/unsat-uuf250-1065/uuf250-043.cnf,250,1065,UNSAT,141681,5975614,166468,382,5.253027
/Users/okamu/.cache/gomisat/corpus/unsat-uuf250-1065/uuf250-044.cnf,250,1065,UNSAT,112020,4781476,131858,296,4.257607
/Users/okamu/.cache/gomisat/corpus/unsat-uuf250-1065/uuf250-045.cnf,250,1065,UNSAT,77947,3318028,92787,251,2.339947
/Users/okamu/.cache/gomisat/corpus/unsat-uuf250-1065/uuf250-046.cnf,250,1065,UNSAT,219489,9260829,260626,511,9.932555
/Users/okamu/.cache/gomisat/corpus/unsat-uuf250-1065/uuf250-047.cnf,250,1065,UNSAT,85535,3655701,101626,254,2.559462
/Users/okamu/.cache/gomisat/corpus/unsat-uuf250-1065/uuf250-048.cnf,250,1065,UNSAT,37575,1636876,44600,126,0.814871
/Users/okamu/.cache/gomisat/corpus/unsat-uuf250-1065/uuf250-049.cnf,250,1065,UNSAT,72740,3289107,86715,226,2.063435
/Users/okamu/.cache/gomisat/corpus/unsat-uuf250-1065/uuf250-05.cnf,250,1065,UNSAT,73561,3116269,87742,230,2.135927
/Users/okamu/.cache/gomisat/corpus/unsat-uuf250-1065/uuf250-050.cnf,250,1065,UNSAT,120555,4980775,143254,318,4.364506
/Users/okamu/.cache/gomisat/corpus/unsat-uuf250-1065/uuf250-051.cnf,250,1065,UNSAT,164144,7036196,193061,445,6.894588
/Users/okamu/.cache/gomisat/corpus/unsat-uuf250-1065/uuf250-052.cnf,250,1065,UNSAT,111215,4673768,131345,291,4.096732
/Users/okamu/.cache/gomisat/corpus/unsat-uuf250-1065/uuf250-053.cnf,250,1065,UNSAT,147099,6178606,174692,382,6.011537
/Users/okamu/.cache/gomisat/corpus/unsat-uuf250-1065/uuf250-054.cnf,250,1065,UNSAT,110141,4809973,130261,286,3.610391
/Users/okamu/.cache/gomisat/corpus/unsat-uuf250-1065/uuf250-055.cnf,250,1065,UNSAT,40605,1703402,47891,127,0.920049
/Users/okamu/.cache/gomisat/corpus/unsat-uuf250-1065/uuf250-056.cnf,250,1065,UNSAT,71886,3109013,85683,221,2.126855
/Users/okamu/.cache/gomisat/corpus/unsat-uuf250-1065/uuf250-057.cnf,250,1065,UNSAT,103248,4383632,123093,261,3.737800
/Users/okamu/.cache/gomisat/corpus/unsat-uuf250-1065/uuf250-058.cnf,250,1065,UNSAT,173543,7370519,204512,476,7.742532
/Users/okamu/.cache/gomisat/corpus/unsat-uuf250-1065/uuf250-059.cnf,250,1065,UNSAT,51072,2163089,60681,157,1.415714
/Users/okamu/.cache/gomisat/corpus/unsat-uuf250-1065/uuf250-06.cnf,250,1065,UNSAT,101547,4246304,120102,255,3.785691
/Users/okamu/.cache/gomisat/corpus/unsat-uuf250-1065/uuf250-060.cnf,250,1065,UNSAT,73854,3152969,87759,232,2.394814
/Users/okamu/.cache/gomisat/corpus/unsat-uuf250-1065/uuf250-061.cnf,250,1065,UNKNOWN,206689,8686671,245079,511,10.002118
/Users/okamu/.cache/gomisat/corpus/unsat-uuf250-1065/uuf250-062.cnf,250,1065,UNSAT,74478,3143604,88978,235,2.508763
/Users/okamu/.cache/gomisat/corpus/unsat-uuf250-1065/uuf250-063.cnf,250,1065,UNSAT,146370,6233648,173100,382,5.911462
/Users/okamu/.cache/gomisat/corpus/unsat-uuf250-1065/uuf250-064.cnf,250,1065,UNSAT,133259,5637290,157090,366,5.960704
/Users/okamu/.cache/gomisat/corpus/unsat-uuf250-1065/uuf250-065.cnf,250,1065,UNSAT,65392,2772034,77032,198,2.134466
/Users/okamu/.cache/gomisat/corpus/unsat-uuf250-1065/uuf250-066.cnf,250,1065,UNKNOWN,202239,8572781,237972,510,10.002081
/Users/okamu/.cache/gomisat/corpus/unsat-uuf250-1065/uuf250-067.cnf,250,1065,UNSAT,98587,4287018,117097,255,3.067067
/Users/okamu/.cache/gomisat/corpus/unsat-uuf250-1065/uuf250-068.cnf,250,1065,UNSAT,30476,1341176,36013,110,0.552529
/Users/okamu/.cache/gomisat/corpus/unsat-uuf250-1065/uuf250-069.cnf,250,1065,UNSAT,126186,5289137,149559,340,5.034846
/Users/okamu/.cache/gomisat/corpus/unsat-uuf250-1065/uuf250-07.cnf,250,1065,UNSAT,116435,4881619,137343,316,4.374472
/Users/okamu/.cache/gomisat/corpus/unsat-uuf250-1065/uuf250-070.cnf,250,1065,UNSAT,180214,7766458,213206,505,8.233124
/Users/okamu/.cache/gomisat/corpus/unsat-uuf250-1065/uuf250-071.cnf,250,1065,UNSAT,176125,7379660,209924,485,8.103769
/Users/okamu/.cache/gomisat/corpus/unsat-uuf250-1065/uuf250-072.cnf,250,1065,UNSAT,112310,4776173,132474,297,4.216383
/Users/okamu/.cache/gomisat/corpus/unsat-uuf250-1065/uuf250-073.cnf,250,1065,UNSAT,60484,2648459,71874,189,1.491509
/Users/okamu/.cache/gomisat/corpus/unsat-uuf250-1065/uuf250-074.cnf,250,1065,UNSAT,77608,3272094,92201,250,2.201783
/Users/okamu/.cache/gomisat/corpus/unsat-uuf250-1065/uuf250-075.cnf,250,1065,UNSAT,120300,5134513,143895,318,4.673062
/Users/okamu/.cache/gomisat/corpus/unsat-uuf250-1065/uuf250-076.cnf,250,1065,UNSAT,85123,3563560,100743,254,2.758992
/Users/okamu/.cache/gomisat/corpus/unsat-uuf250-1065/uuf250-077.cnf,250,1065,UNSAT,213129,9158500,251952,511,9.952293
/Users/okamu/.cache/gomisat/corpus/unsat-uuf250-1065/uuf250-078.cnf,250,1065,UNSAT,132433,5616292,156227,364,4.971629
/Users/okamu/.cache/gomisat/corpus/unsat-uuf250-1065/uuf250-079.cnf,250,1065,UNSAT,106762,4524632,126287,277,3.954079
/Users/okamu/.cache/gomisat/corpus/unsat-uuf250-1065/uuf250-08.cnf,250,1065,UNSAT,102842,4320419,121144,258,3.563487
/Users/okamu/.cache/gomisat/corpus/unsat-uuf250-1065/uuf250-080.cnf,250,1065,UNSAT,120083,5040021,141947,318,4.560018
/Users/okamu/.cache/gomisat/corpus/unsat-uuf250-1065/uuf250-081.cnf,250,1065,UNSAT,155726,6438222,183489,416,6.567493
/Users/okamu/.cache/gomisat/corpus/unsat-uuf250-1065/uuf250-082.cnf,250,1065,UNSAT,119147,5042324,140456,318,4.436546
/Users/okamu/.cache/gomisat/corpus/unsat-uuf250-1065/uuf250-083.cnf,250,1065,UNSAT,47087,2086048,56023,141,1.015808
/Users/okamu/.cache/gomisat/corpus/unsat-uuf250-1065/uuf250-084.cnf,250,1065,UNSAT,69531,3052117,82681,219,1.855536
/Users/okamu/.cache/gomisat/corpus/unsat-uuf250-1065/uuf250-085.cnf,250,1065,UNSAT,110162,4605860,129204,286,3.649413
/Users/okamu/.cache/gomisat/corpus/unsat-uuf250-1065/uuf250-086.cnf,250,1065,UNSAT,90520,3823380,106645,255,2.435933
/Users/okamu/.cache/gomisat/corpus/unsat-uuf250-1065/uuf250-087.cnf,250,1065,UNKNOWN,217253,9169339,256498,511,10.002187
/Users/okamu/.cache/gomisat/corpus/unsat-uuf250-1065/uuf250-088.cnf,250,1065,UNSAT,122684,5163396,145372,325,4.801370
/Users/okamu/.cache/gomisat/corpus/unsat-uuf250-1065/uuf250-089.cnf,250,1065,UNSAT,122888,5228392,144872,325,4.860022
/Users/okamu/.cache/gomisat/corpus/unsat-uuf250-1065/uuf250-09.cnf,250,1065,UNSAT,210146,9108912,246724,511,9.283883
/Users/okamu/.cache/gomisat/corpus/unsat-uuf250-1065/uuf250-090.cnf,250,1065,UNSAT,31838,1358003,37613,118,0.643563
/Users/okamu/.cache/gomisat/corpus/unsat-uuf250-1065/uuf250-091.cnf,250,1065,UNSAT,114019,4893951,135350,303,4.062918
/Users/okamu/.cache/gomisat/corpus/unsat-uuf250-1065/uuf250-092.cnf,250,1065,UNSAT,164758,6900005,195161,445,7.572580
/Users/okamu/.cache/gomisat/corpus/unsat-uuf250-1065/uuf250-093.cnf,250,1065,UNSAT,99401,4252478,118591,255,3.179898
/Users/okamu/.cache/gomisat/corpus/unsat-uuf250-1065/uuf250-094.cnf,250,1065,UNSAT,89875,3781342,106301,255,3.106383
/Users/okamu/.cache/gomisat/corpus/unsat-uuf250-1065/uuf250-095.cnf,250,1065,UNSAT,61817,2594230,73431,190,1.649401
/Users/okamu/.cache/gomisat/corpus/unsat-uuf250-1065/uuf250-096.cnf,250,1065,UNSAT,130650,5530533,153752,355,5.399615
/Users/okamu/.cache/gomisat/corpus/unsat-uuf250-1065/uuf250-097.cnf,250,1065,UNSAT,66396,2886275,78718,204,1.983355
/Users/okamu/.cache/gomisat/corpus/unsat-uuf250-1065/uuf250-098.cnf,250,1065,UNSAT,45205,1965295,53501,130,1.092736
/Users/okamu/.cache/gomisat/corpus/unsat-uuf250-1065/uuf250-099.cnf,250,1065,UNSAT,72257,3044994,85310,222,2.152896
