instance,vars,clauses,status,conflicts,propagations,decisions,restarts,seconds
/Users/okamu/.cache/gomisat/corpus/mixed-beijing/2bitadd_10.cnf,590,1422,UNSAT,190043,8121984,252936,509,5.783951
/Users/okamu/.cache/gomisat/corpus/mixed-beijing/2bitadd_11.cnf,649,1562,SAT,189,7475,885,2,0.001323
/Users/okamu/.cache/gomisat/corpus/mixed-beijing/2bitadd_12.cnf,708,1702,SAT,182,7796,977,2,0.001308
/Users/okamu/.cache/gomisat/corpus/mixed-beijing/2bitcomp_5.cnf,125,310,SAT,0,125,58,1,0.000021
/Users/okamu/.cache/gomisat/corpus/mixed-beijing/2bitmax_6.cnf,252,766,SAT,0,252,137,1,0.000049
/Users/okamu/.cache/gomisat/corpus/mixed-beijing/3bitadd_31.cnf,8432,31310,SAT,23099,4082308,103582,84,1.063742
/Users/okamu/.cache/gomisat/corpus/mixed-beijing/3bitadd_32.cnf,8704,32316,SAT,1429,254372,17725,10,0.046857
/Users/okamu/.cache/gomisat/corpus/mixed-beijing/3blocks.cnf,283,9690,SAT,75,4288,589,1,0.000750
/Users/okamu/.cache/gomisat/corpus/mixed-beijing/4blocks.cnf,758,47820,SAT,1912,108490,8769,13,0.028514
/Users/okamu/.cache/gomisat/corpus/mixed-beijing/4blocksb.cnf,410,24758,SAT,257,15851,1593,3,0.002969
/Users/okamu/.cache/gomisat/corpus/mixed-beijing/e0ddr2-10-by-5-1.cnf,19500,103887,SAT,143,83933,5891,2,0.009094
/Users/okamu/.cache/gomisat/corpus/mixed-beijing/e0ddr2-10-by-5-4.cnf,19500,104527,SAT,0,19500,5795,1,0.003940
/Users/okamu/.cache/gomisat/corpus/mixed-beijing/enddr2-10-by-5-1.cnf,20700,111567,SAT,0,20700,5458,1,0.004127
/Users/okamu/.cache/gomisat/corpus/mixed-beijing/enddr2-10-by-5-8.cnf,21000,113729,SAT,0,21000,5550,1,0.004172
/Users/okamu/.cache/gomisat/corpus/mixed-beijing/ewddr2-10-by-5-1.cnf,21800,118607,SAT,0,21800,5474,1,0.004211
/Users/okamu/.cache/gomisat/corpus/mixed-beijing/ewddr2-10-by-5-8.cnf,22500,123329,SAT,1,22774,5353,1,0.004870
/Users/okamu/.cache/gomisat/corpus/sat-ais/ais10.cnf,181,3151,SAT,96,3043,247,1,0.000499
/Users/okamu/.cache/gomisat/corpus/sat-ais/ais12.cnf,265,5666,SAT,88,3444,243,1,0.000519
/Users/okamu/.cache/gomisat/corpus/sat-ais/ais6.cnf,61,581,SAT,9,222,35,1,0.000042
/Users/okamu/.cache/gomisat/corpus/sat-ais/ais8.cnf,113,1520,SAT,8,306,65,1,0.000053
/Users/okamu/.cache/gomisat/corpus/sat-blocksworld/anomaly.cnf,48,261,SAT,1,83,5,1,0.000015
/Users/okamu/.cache/gomisat/corpus/sat-blocksworld/bw_large.a.cnf,459,4675,SAT,18,2767,39,1,0.000267
/Users/okamu/.cache/gomisat/corpus/sat-blocksworld/bw_large.b.cnf,1087,13772,SAT,55,16796,131,1,0.001285
/Users/okamu/.cache/gomisat/corpus/sat-blocksworld/bw_large.c.cnf,3016,50457,SAT,1028,459602,2002,7,0.035969
/Users/okamu/.cache/gomisat/corpus/sat-blocksworld/bw_large.d.cnf,6325,131973,SAT,1581,1129407,3756,10,0.086547
/Users/okamu/.cache/gomisat/corpus/sat-blocksworld/huge.cnf,459,7054,SAT,21,3710,40,1,0.000339
/Users/okamu/.cache/gomisat/corpus/sat-blocksworld/medium.cnf,116,953,SAT,5,362,13,1,0.000057
/Users/okamu/.cache/gomisat/corpus/sat-bmc/bmc-galileo-8.cnf,58074,294821,SAT,1064,744566,7129,7,0.086691
/Users/okamu/.cache/gomisat/corpus/sat-bmc/bmc-galileo-9.cnf,63624,326999,SAT,2805,3348141,13814,15,0.338007
/Users/okamu/.cache/gomisat/corpus/sat-bmc/bmc-ibm-1.cnf,9685,55870,SAT,923,331229,6996,7,0.034241
/Users/okamu/.cache/gomisat/corpus/sat-bmc/bmc-ibm-10.cnf,59056,323700,SAT,4081,3650144,28006,22,0.579665
/Users/okamu/.cache/gomisat/corpus/sat-bmc/bmc-ibm-11.cnf,32109,150027,SAT,5577,4505199,21548,29,0.518686
/Users/okamu/.cache/gomisat/corpus/sat-bmc/bmc-ibm-12.cnf,39598,194778,SAT,9185,13843022,38332,38,1.932044
/Users/okamu/.cache/gomisat/corpus/sat-bmc/bmc-ibm-13.cnf,13215,65728,SAT,28790,21318854,54854,104,2.600206
/Users/okamu/.cache/gomisat/corpus/sat-bmc/bmc-ibm-2.cnf,2810,11683,SAT,70,13369,338,1,0.001308
/Users/okamu/.cache/gomisat/corpus/sat-bmc/bmc-ibm-3.cnf,14930,72106,SAT,1823,1024751,4694,13,0.098376
/Users/okamu/.cache/gomisat/corpus/sat-bmc/bmc-ibm-4.cnf,28161,139716,SAT,975,754677,6775,7,0.091297
/Users/okamu/.cache/gomisat/corpus/sat-bmc/bmc-ibm-5.cnf,9396,41207,SAT,271,92454,2870,3,0.010260
/Users/okamu/.cache/gomisat/corpus/sat-bmc/bmc-ibm-6.cnf,51639,368352,SAT,2969,1037421,23671,15,0.162642
/Users/okamu/.cache/gomisat/corpus/sat-bmc/bmc-ibm-7.cnf,8710,39774,SAT,4,15691,401,1,0.002429
/Users/okamu/.cache/gomisat/corpus/sat-flat150-360/flat150-1.cnf,450,1680,SAT,204,22313,311,3,0.001901
/Users/okamu/.cache/gomisat/corpus/sat-flat150-360/flat150-10.cnf,450,1680,SAT,139,16434,257,2,0.001367
/Users/okamu/.cache/gomisat/corpus/sat-flat150-360/flat150-100.cnf,450,1680,SAT,120,14747,200,2,0.001174
/Users/okamu/.cache/gomisat/corpus/sat-flat150-360/flat150-11.cnf,450,1680,SAT,57,6319,137,1,0.000566
/Users/okamu/.cache/gomisat/corpus/sat-flat150-360/flat150-12.cnf,450,1680,SAT,127,13340,222,2,0.001167
/Users/okamu/.cache/gomisat/corpus/sat-flat150-360/flat150-13.cnf,450,1680,SAT,127,13327,235,2,0.001129
/Users/okamu/.cache/gomisat/corpus/sat-flat150-360/flat150-14.cnf,450,1680,SAT,148,16371,238,2,0.001358
/Users/okamu/.cache/gomisat/corpus/sat-flat150-360/flat150-15.cnf,450,1680,SAT,232,26991,343,3,0.002246
/Users/okamu/.cache/gomisat/corpus/sat-flat150-360/flat150-16.cnf,450,1680,SAT,538,56308,715,5,0.005250
/Users/okamu/.cache/gomisat/corpus/sat-flat150-360/flat150-17.cnf,450,1680,SAT,12,1777,51,1,0.000182
/Users/okamu/.cache/gomisat/corpus/sat-flat150-360/flat150-18.cnf,450,1680,SAT,34,4204,95,1,0.000361
/Users/okamu/.cache/gomisat/corpus/sat-flat150-360/flat150-19.cnf,450,1680,SAT,388,39933,500,3,0.003540
/Users/okamu/.cache/gomisat/corpus/sat-flat150-360/flat150-2.cnf,450,1680,SAT,377,40638,551,3,0.003783
/Users/okamu/.cache/gomisat/corpus/sat-flat150-360/flat150-20.cnf,450,1680,SAT,14,1740,60,1,0.000176
/Users/okamu/.cache/gomisat/corpus/sat-flat150-360/flat150-21.cnf,450,1680,SAT,118,11937,187,2,0.000989
/Users/okamu/.cache/gomisat/corpus/sat-flat150-360/flat150-22.cnf,450,1680,SAT,264,26862,362,3,0.002344
/Users/okamu/.cache/gomisat/corpus/sat-flat150-360/flat150-23.cnf,450,1680,SAT,202,23237,309,3,0.001859
/Users/okamu/.cache/gomisat/corpus/sat-flat150-360/flat150-24.cnf,450,1680,SAT,272,30513,396,3,0.002591
/Users/okamu/.cache/gomisat/corpus/sat-flat150-360/flat150-25.cnf,450,1680,SAT,69,7580,129,1,0.000642
/Users/okamu/.cache/gomisat/corpus/sat-flat150-360/flat150-26.cnf,450,1680,SAT,195,22043,312,2,0.001809
/Users/okamu/.cache/gomisat/corpus/sat-flat150-360/flat150-27.cnf,450,1680,SAT,12,2303,57,1,0.000199
/Users/okamu/.cache/gomisat/corpus/sat-flat150-360/flat150-28.cnf,450,1680,SAT,223,24264,317,3,0.002043
/Users/okamu/.cache/gomisat/corpus/sat-flat150-360/flat150-29.cnf,450,1680,SAT,229,25368,351,3,0.002117
/Users/okamu/.cache/gomisat/corpus/sat-flat150-360/flat150-3.cnf,450,1680,SAT,14,1279,83,1,0.000139
/Users/okamu/.cache/gomisat/corpus/sat-flat150-360/flat150-30.cnf,450,1680,SAT,324,34031,459,3,0.002967
/Users/okamu/.cache/gomisat/corpus/sat-flat150-360/flat150-31.cnf,450,1680,SAT,111,12186,185,2,0.001004
/Users/okamu/.cache/gomisat/corpus/sat-flat150-360/flat150-32.cnf,450,1680,SAT,144,15180,213,2,0.001240
/Users/okamu/.cache/gomisat/corpus/sat-flat150-360/flat150-33.cnf,450,1680,SAT,380,42243,517,3,0.003833
/Users/okamu/.cache/gomisat/corpus/sat-flat150-360/flat150-34.cnf,450,1680,SAT,239,27696,337,3,0.002247
/Users/okamu/.cache/gomisat/corpus/sat-flat150-360/flat150-35.cnf,450,1680,SAT,86,8267,151,1,0.000719
/Users/okamu/.cache/gomisat/corpus/sat-flat150-360/flat150-36.cnf,450,1680,SAT,85,9588,168,1,0.000770
/Users/okamu/.cache/gomisat/corpus/sat-flat150-360/flat150-37.cnf,450,1680,SAT,182,18487,270,2,0.001610
/Users/okamu/.cache/gomisat/corpus/sat-flat150-360/flat150-38.cnf,450,1680,SAT,155,15984,233,2,0.001358
/Users/okamu/.cache/gomisat/corpus/sat-flat150-360/flat150-39.cnf,450,1680,SAT,116,10460,208,2,0.000910
/Users/okamu/.cache/gomisat/corpus/sat-flat150-360/flat150-4.cnf,450,1680,SAT,103,12892,177,2,0.001006
/Users/okamu/.cache/gomisat/corpus/sat-flat150-360/flat150-40.cnf,450,1680,SAT,402,46771,539,4,0.004284
/Users/okamu/.cache/gomisat/corpus/sat-flat150-360/flat150-41.cnf,450,1680,SAT,33,3849,94,1,0.000360
/Users/okamu/.cache/gomisat/corpus/sat-flat150-360/flat150-42.cnf,450,1680,SAT,215,21820,313,3,0.001802
/Users/okamu/.cache/gomisat/corpus/sat-flat150-360/flat150-43.cnf,450,1680,SAT,305,36950,413,3,0.003140
/Users/okamu/.cache/gomisat/corpus/sat-flat150-360/flat150-44.cnf,450,1680,SAT,51,5695,109,1,0.000477
/Users/okamu/.cache/gomisat/corpus/sat-flat150-360/flat150-45.cnf,450,1680,SAT,538,53595,714,5,0.005372
/Users/okamu/.cache/gomisat/corpus/sat-flat150-360/flat150-46.cnf,450,1680,SAT,268,26793,372,3,0.002418
/Users/okamu/.cache/gomisat/corpus/sat-flat150-360/flat150-47.cnf,450,1680,SAT,33,3456,90,1,0.001515
/Users/okamu/.cache/gomisat/corpus/sat-flat150-360/flat150-48.cnf,450,1680,SAT,239,26049,346,3,0.002328
/Users/okamu/.cache/gomisat/corpus/sat-flat150-360/flat150-49.cnf,450,1680,SAT,125,14140,211,2,0.001205
/Users/okamu/.cache/gomisat/corpus/sat-flat150-360/flat150-5.cnf,450,1680,SAT,120,11835,200,2,0.000964
/Users/okamu/.cache/gomisat/corpus/sat-flat150-360/flat150-50.cnf,450,1680,SAT,142,15409,238,2,0.001876
/Users/okamu/.cache/gomisat/corpus/sat-flat150-360/flat150-51.cnf,450,1680,SAT,285,33799,398,3,0.002854
/Users/okamu/.cache/gomisat/corpus/sat-flat150-360/flat150-52.cnf,450,1680,SAT,335,38284,448,3,0.003348
/Users/okamu/.cache/gomisat/corpus/sat-flat150-360/flat150-53.cnf,450,1680,SAT,265,29979,371,3,0.002533
/Users/okamu/.cache/gomisat/corpus/sat-flat150-360/flat150-54.cnf,450,1680,SAT,482,55515,633,4,0.005803
/Users/okamu/.cache/gomisat/corpus/sat-flat150-360/flat150-55.cnf,450,1680,SAT,47,4472,114,1,0.000400
/Users/okamu/.cache/gomisat/corpus/sat-flat150-360/flat150-56.cnf,450,1680,SAT,531,58046,779,5,0.006438
/Users/okamu/.cache/gomisat/corpus/sat-flat150-360/flat150-57.cnf,450,1680,SAT,319,34949,423,3,0.003091
/Users/okamu/.cache/gomisat/corpus/sat-flat150-360/flat150-58.cnf,450,1680,SAT,214,24626,301,3,0.002245
/Users/okamu/.cache/gomisat/corpus/sat-flat150-360/flat150-59.cnf,450,1680,SAT,484,56204,625,4,0.005168
/Users/okamu/.cache/gomisat/corpus/sat-flat150-360/flat150-6.cnf,450,1680,SAT,118,13435,200,2,0.001118
/Users/okamu/.cache/gomisat/corpus/sat-flat150-360/flat150-60.cnf,450,1680,SAT,146,15118,224,2,0.001270
/Users/okamu/.cache/gomisat/corpus/sat-flat150-360/flat150-61.cnf,450,1680,SAT,257,29195,397,3,0.002508
/Users/okamu/.cache/gomisat/corpus/sat-flat150-360/flat150-62.cnf,450,1680,SAT,157,16801,232,2,0.001397
/Users/okamu/.cache/gomisat/corpus/sat-flat150-360/flat150-63.cnf,450,1680,SAT,392,44098,504,3,0.004021
/Users/okamu/.cache/gomisat/corpus/sat-flat150-360/flat150-64.cnf,450,1680,SAT,32,3518,83,1,0.000347
/Users/okamu/.cache/gomisat/corpus/sat-flat150-360/flat150-65.cnf,450,1680,SAT,322,35633,444,3,0.003424
/Users/okamu/.cache/gomisat/corpus/sat-flat150-360/flat150-66.cnf,450,1680,SAT,31,3625,90,1,0.000355
/Users/okamu/.cache/gomisat/corpus/sat-flat150-360/flat150-67.cnf,450,1680,SAT,134,13638,194,2,0.001476
/Users/okamu/.cache/gomisat/corpus/sat-flat150-360/flat150-68.cnf,450,1680,SAT,299,32802,403,3,0.002887
/Users/okamu/.cache/gomisat/corpus/sat-flat150-360/flat150-69.cnf,450,1680,SAT,53,5569,109,1,0.000468
/Users/okamu/.cache/gomisat/corpus/sat-flat150-360/flat150-7.cnf,450,1680,SAT,159,16305,268,2,0.001385
/Users/okamu/.cache/gomisat/corpus/sat-flat150-360/flat150-70.cnf,450,1680,SAT,309,34879,410,3,0.003001
/Users/okamu/.cache/gomisat/corpus/sat-flat150-360/flat150-71.cnf,450,1680,SAT,121,11436,190,2,0.000947
/Users/okamu/.cache/gomisat/corpus/sat-flat150-360/flat150-72.cnf,450,1680,SAT,72,7639,121,1,0.000658
/Users/okamu/.cache/gomisat/corpus/sat-flat150-360/flat150-73.cnf,450,1680,SAT,227,26904,324,3,0.002408
/Users/okamu/.cache/gomisat/corpus/sat-flat150-360/flat150-74.cnf,450,1680,SAT,36,3607,86,1,0.000338
/Users/okamu/.cache/gomisat/corpus/sat-flat150-360/flat150-75.cnf,450,1680,SAT,122,13001,207,2,0.001082
/Users/okamu/.cache/gomisat/corpus/sat-flat150-360/flat150-76.cnf,450,1680,SAT,206,22256,298,3,0.001885
/Users/okamu/.cache/gomisat/corpus/sat-flat150-360/flat150-77.cnf,450,1680,SAT,81,10149,150,1,0.000819
/Users/okamu/.cache/gomisat/corpus/sat-flat150-360/flat150-78.cnf,450,1680,SAT,249,28575,367,3,0.002434
/Users/okamu/.cache/gomisat/corpus/sat-flat150-360/flat150-79.cnf,450,1680,SAT,177,18946,260,2,0.001564
/Users/okamu/.cache/gomisat/corpus/sat-flat150-360/flat150-8.cnf,450,1680,SAT,83,8734,142,1,0.000877
/Users/okamu/.cache/gomisat/corpus/sat-flat150-360/flat150-80.cnf,450,1680,SAT,254,25909,368,3,0.002286
/Users/okamu/.cache/gomisat/corpus/sat-flat150-360/flat150-81.cnf,450,1680,SAT,109,12391,183,2,0.001331
/Users/okamu/.cache/gomisat/corpus/sat-flat150-360/flat150-82.cnf,450,1680,SAT,194,20690,267,2,0.001755
/Users/okamu/.cache/gomisat/corpus/sat-flat150-360/flat150-83.cnf,450,1680,SAT,250,26880,366,3,0.002242
/Users/okamu/.cache/gomisat/corpus/sat-flat150-360/flat150-84.cnf,450,1680,SAT,267,29361,375,3,0.002517
/Users/okamu/.cache/gomisat/corpus/sat-flat150-360/flat150-85.cnf,450,1680,SAT,163,19431,245,2,0.001610
/Users/okamu/.cache/gomisat/corpus/sat-flat150-360/flat150-86.cnf,450,1680,SAT,218,24738,318,3,0.002070
/Users/okamu/.cache/gomisat/corpus/sat-flat150-360/flat150-87.cnf,450,1680,SAT,164,19270,238,2,0.001570
/Users/okamu/.cache/gomisat/corpus/sat-flat150-360/flat150-88.cnf,450,1680,SAT,108,10575,172,2,0.000888
/Users/okamu/.cache/gomisat/corpus/sat-flat150-360/flat150-89-c2.cnf,450,1680,SAT,372,43365,494,3,0.003755
/Users/okamu/.cache/gomisat/corpus/sat-flat150-360/flat150-89.cnf,450,1680,SAT,372,43365,494,3,0.003758
/Users/okamu/.cache/gomisat/corpus/sat-flat150-360/flat150-9.cnf,450,1680,SAT,1290,153711,1631,8,0.019013
/Users/okamu/.cache/gomisat/corpus/sat-flat150-360/flat150-90.cnf,450,1680,SAT,103,11698,184,2,0.001193
/Users/okamu/.cache/gomisat/corpus/sat-flat150-360/flat150-91.cnf,450,1680,SAT,130,13821,222,2,0.001153
/Users/okamu/.cache/gomisat/corpus/sat-flat150-360/flat150-92.cnf,450,1680,SAT,46,5299,101,1,0.000447
/Users/okamu/.cache/gomisat/corpus/sat-flat150-360/flat150-93.cnf,450,1680,SAT,118,13628,201,2,0.001168
/Users/okamu/.cache/gomisat/corpus/sat-flat150-360/flat150-94.cnf,450,1680,SAT,76,8262,131,1,0.000734
/Users/okamu/.cache/gomisat/corpus/sat-flat150-360/flat150-95.cnf,450,1680,SAT,214,23677,320,3,0.002028
/Users/okamu/.cache/gomisat/corpus/sat-flat150-360/flat150-96.cnf,450,1680,SAT,206,22126,312,3,0.001938
/Users/okamu/.cache/gomisat/corpus/sat-flat150-360/flat150-97.cnf,450,1680,SAT,63,5682,117,1,0.000517
/Users/okamu/.cache/gomisat/corpus/sat-flat150-360/flat150-98.cnf,450,1680,SAT,125,14338,214,2,0.001236
/Users/okamu/.cache/gomisat/corpus/sat-flat150-360/flat150-99.cnf,450,1680,SAT,385,41364,517,3,0.003703
/Users/okamu/.cache/gomisat/corpus/sat-flat175-417/flat175-1.cnf,525,1951,SAT,116,14426,206,2,0.001190
/Users/okamu/.cache/gomisat/corpus/sat-flat175-417/flat175-10.cnf,525,1951,SAT,259,28377,394,3,0.002692
/Users/okamu/.cache/gomisat/corpus/sat-flat175-417/flat175-100.cnf,525,1951,SAT,934,118281,1188,7,0.012754
/Users/okamu/.cache/gomisat/corpus/sat-flat175-417/flat175-11.cnf,525,1951,SAT,223,25369,391,3,0.002475
/Users/okamu/.cache/gomisat/corpus/sat-flat175-417/flat175-12.cnf,525,1951,SAT,132,16378,217,2,0.001369
/Users/okamu/.cache/gomisat/corpus/sat-flat175-417/flat175-13.cnf,525,1951,SAT,354,42450,508,3,0.003735
/Users/okamu/.cache/gomisat/corpus/sat-flat175-417/flat175-14.cnf,525,1951,SAT,571,73256,786,5,0.006795
/Users/okamu/.cache/gomisat/corpus/sat-flat175-417/flat175-15.cnf,525,1951,SAT,194,23149,290,2,0.002155
/Users/okamu/.cache/gomisat/corpus/sat-flat175-417/flat175-16.cnf,525,1951,SAT,148,18608,238,2,0.001578
/Users/okamu/.cache/gomisat/corpus/sat-flat175-417/flat175-17.cnf,525,1951,SAT,721,94683,992,6,0.009662
/Users/okamu/.cache/gomisat/corpus/sat-flat175-417/flat175-18.cnf,525,1951,SAT,154,15968,262,2,0.001365
/Users/okamu/.cache/gomisat/corpus/sat-flat175-417/flat175-19.cnf,525,1951,SAT,629,73079,841,6,0.007356
/Users/okamu/.cache/gomisat/corpus/sat-flat175-417/flat175-2.cnf,525,1951,SAT,114,15122,177,2,0.001318
/Users/okamu/.cache/gomisat/corpus/sat-flat175-417/flat175-20.cnf,525,1951,SAT,791,94591,1118,6,0.010131
/Users/okamu/.cache/gomisat/corpus/sat-flat175-417/flat175-21.cnf,525,1951,SAT,203,24434,364,3,0.002107
/Users/okamu/.cache/gomisat/corpus/sat-flat175-417/flat175-22.cnf,525,1951,SAT,631,80097,904,6,0.007870
/Users/okamu/.cache/gomisat/corpus/sat-flat175-417/flat175-23.cnf,525,1951,SAT,530,65985,666,5,0.006303
/Users/okamu/.cache/gomisat/corpus/sat-flat175-417/flat175-24.cnf,525,1951,SAT,252,27604,416,3,0.002409
/Users/okamu/.cache/gomisat/corpus/sat-flat175-417/flat175-25.cnf,525,1951,SAT,153,17989,257,2,0.001548
/Users/okamu/.cache/gomisat/corpus/sat-flat175-417/flat175-26.cnf,525,1951,SAT,147,17345,254,2,0.001447
/Users/okamu/.cache/gomisat/corpus/sat-flat175-417/flat175-27.cnf,525,1951,SAT,163,19110,260,2,0.001661
/Users/okamu/.cache/gomisat/corpus/sat-flat175-417/flat175-28.cnf,525,1951,SAT,86,10508,140,1,0.000877
/Users/okamu/.cache/gomisat/corpus/sat-flat175-417/flat175-29.cnf,525,1951,SAT,36,3809,110,1,0.000366
/Users/okamu/.cache/gomisat/corpus/sat-flat175-417/flat175-3.cnf,525,1951,SAT,182,22621,271,2,0.001794
/Users/okamu/.cache/gomisat/corpus/sat-flat175-417/flat175-30.cnf,525,1951,SAT,189,24307,263,2,0.002105
/Users/okamu/.cache/gomisat/corpus/sat-flat175-417/flat175-31.cnf,525,1951,SAT,176,18968,271,2,0.001575
/Users/okamu/.cache/gomisat/corpus/sat-flat175-417/flat175-32.cnf,525,1951,SAT,211,26641,336,3,0.002284
/Users/okamu/.cache/gomisat/corpus/sat-flat175-417/flat175-33.cnf,525,1951,SAT,319,35888,479,3,0.003481
/Users/okamu/.cache/gomisat/corpus/sat-flat175-417/flat175-34.cnf,525,1951,SAT,253,29637,378,3,0.002500
/Users/okamu/.cache/gomisat/corpus/sat-flat175-417/flat175-35.cnf,525,1951,SAT,159,18238,261,2,0.001786
/Users/okamu/.cache/gomisat/corpus/sat-flat175-417/flat175-36.cnf,525,1951,SAT,55,6314,143,1,0.000540
/Users/okamu/.cache/gomisat/corpus/sat-flat175-417/flat175-37.cnf,525,1951,SAT,69,8454,145,1,0.000726
/Users/okamu/.cache/gomisat/corpus/sat-flat175-417/flat175-38.cnf,525,1951,SAT,131,13346,250,2,0.001128
/Users/okamu/.cache/gomisat/corpus/sat-flat175-417/flat175-39.cnf,525,1951,SAT,560,64519,783,5,0.006076
/Users/okamu/.cache/gomisat/corpus/sat-flat175-417/flat175-4.cnf,525,1951,SAT,78,9918,137,1,0.000818
/Users/okamu/.cache/gomisat/corpus/sat-flat175-417/flat175-40.cnf,525,1951,SAT,264,32668,378,3,0.002793
/Users/okamu/.cache/gomisat/corpus/sat-flat175-417/flat175-41.cnf,525,1951,SAT,127,14776,219,2,0.001239
/Users/okamu/.cache/gomisat/corpus/sat-flat175-417/flat175-42.cnf,525,1951,SAT,54,6187,135,1,0.000532
/Users/okamu/.cache/gomisat/corpus/sat-flat175-417/flat175-43.cnf,525,1951,SAT,140,17754,248,2,0.001403
/Users/okamu/.cache/gomisat/corpus/sat-flat175-417/flat175-44.cnf,525,1951,SAT,289,35937,400,3,0.003031
/Users/okamu/.cache/gomisat/corpus/sat-flat175-417/flat175-45.cnf,525,1951,SAT,139,17843,219,2,0.001428
/Users/okamu/.cache/gomisat/corpus/sat-flat175-417/flat175-46.cnf,525,1951,SAT,947,116012,1220,7,0.012573
/Users/okamu/.cache/gomisat/corpus/sat-flat175-417/flat175-47.cnf,525,1951,SAT,118,15922,222,2,0.001293
/Users/okamu/.cache/gomisat/corpus/sat-flat175-417/flat175-48.cnf,525,1951,SAT,9,1527,56,1,0.000176
/Users/okamu/.cache/gomisat/corpus/sat-flat175-417/flat175-49.cnf,525,1951,SAT,678,81335,1031,6,0.008497
/Users/okamu/.cache/gomisat/corpus/sat-flat175-417/flat175-5.cnf,525,1951,SAT,112,12107,201,2,0.001008
/Users/okamu/.cache/gomisat/corpus/sat-flat175-417/flat175-50.cnf,525,1951,SAT,198,26660,287,2,0.002138
/Users/okamu/.cache/gomisat/corpus/sat-flat175-417/flat175-51.cnf,525,1951,SAT,196,21825,281,2,0.002037
/Users/okamu/.cache/gomisat/corpus/sat-flat175-417/flat175-52.cnf,525,1951,SAT,141,17086,227,2,0.001383
/Users/okamu/.cache/gomisat/corpus/sat-flat175-417/flat175-53.cnf,525,1951,SAT,129,17692,215,2,0.001467
/Users/okamu/.cache/gomisat/corpus/sat-flat175-417/flat175-54.cnf,525,1951,SAT,359,44890,523,3,0.003996
/Users/okamu/.cache/gomisat/corpus/sat-flat175-417/flat175-55.cnf,525,1951,SAT,163,20122,264,2,0.001661
/Users/okamu/.cache/gomisat/corpus/sat-flat175-417/flat175-56.cnf,525,1951,SAT,1305,150164,1689,9,0.018411
/Users/okamu/.cache/gomisat/corpus/sat-flat175-417/flat175-57.cnf,525,1951,SAT,185,23034,327,2,0.001927
/Users/okamu/.cache/gomisat/corpus/sat-flat175-417/flat175-58.cnf,525,1951,SAT,165,19272,261,2,0.001596
/Users/okamu/.cache/gomisat/corpus/sat-flat175-417/flat175-59.cnf,525,1951,SAT,559,64922,782,5,0.006240
/Users/okamu/.cache/gomisat/corpus/sat-flat175-417/flat175-6.cnf,525,1951,SAT,73,9020,136,1,0.001026
/Users/okamu/.cache/gomisat/corpus/sat-flat175-417/flat175-60.cnf,525,1951,SAT,81,9659,156,1,0.000805
/Users/okamu/.cache/gomisat/corpus/sat-flat175-417/flat175-61.cnf,525,1951,SAT,47,5857,87,1,0.000523
/Users/okamu/.cache/gomisat/corpus/sat-flat175-417/flat175-62.cnf,525,1951,SAT,519,66073,681,5,0.005861
/Users/okamu/.cache/gomisat/corpus/sat-flat175-417/flat175-63.cnf,525,1951,SAT,384,49050,537,3,0.004171
/Users/okamu/.cache/gomisat/corpus/sat-flat175-417/flat175-64.cnf,525,1951,SAT,284,34794,406,3,0.003420
/Users/okamu/.cache/gomisat/corpus/sat-flat175-417/flat175-65.cnf,525,1951,SAT,602,71631,798,5,0.006904
/Users/okamu/.cache/gomisat/corpus/sat-flat175-417/flat175-66.cnf,525,1951,SAT,363,46895,528,3,0.004235
/Users/okamu/.cache/gomisat/corpus/sat-flat175-417/flat175-67.cnf,525,1951,SAT,60,6197,150,1,0.000596
/Users/okamu/.cache/gomisat/corpus/sat-flat175-417/flat175-68.cnf,525,1951,SAT,538,68442,740,5,0.006362
/Users/okamu/.cache/gomisat/corpus/sat-flat175-417/flat175-69.cnf,525,1951,SAT,111,13598,213,2,0.001083
/Users/okamu/.cache/gomisat/corpus/sat-flat175-417/flat175-7.cnf,525,1951,SAT,85,10667,149,1,0.000855
/Users/okamu/.cache/gomisat/corpus/sat-flat175-417/flat175-70.cnf,525,1951,SAT,83,9052,166,1,0.000784
/Users/okamu/.cache/gomisat/corpus/sat-flat175-417/flat175-71.cnf,525,1951,SAT,195,23106,314,2,0.001942
/Users/okamu/.cache/gomisat/corpus/sat-flat175-417/flat175-72.cnf,525,1951,SAT,528,62408,713,5,0.006004
/Users/okamu/.cache/gomisat/corpus/sat-flat175-417/flat175-73.cnf,525,1951,SAT,140,16255,284,2,0.001532
/Users/okamu/.cache/gomisat/corpus/sat-flat175-417/flat175-74.cnf,525,1951,SAT,115,14089,197,2,0.001223
/Users/okamu/.cache/gomisat/corpus/sat-flat175-417/flat175-75.cnf,525,1951,SAT,55,7481,141,1,0.000594
/Users/okamu/.cache/gomisat/corpus/sat-flat175-417/flat175-76.cnf,525,1951,SAT,137,17218,223,2,0.001463
/Users/okamu/.cache/gomisat/corpus/sat-flat175-417/flat175-77.cnf,525,1951,SAT,243,30837,381,3,0.002638
/Users/okamu/.cache/gomisat/corpus/sat-flat175-417/flat175-78.cnf,525,1951,SAT,1066,137607,1408,7,0.015005
/Users/okamu/.cache/gomisat/corpus/sat-flat175-417/flat175-79.cnf,525,1951,SAT,106,10896,176,2,0.001165
/Users/okamu/.cache/gomisat/corpus/sat-flat175-417/flat175-8.cnf,525,1951,SAT,321,39340,487,3,0.003487
/Users/okamu/.cache/gomisat/corpus/sat-flat175-417/flat175-80.cnf,525,1951,SAT,147,17416,244,2,0.001576
/Users/okamu/.cache/gomisat/corpus/sat-flat175-417/flat175-81.cnf,525,1951,SAT,548,65939,776,5,0.006184
/Users/okamu/.cache/gomisat/corpus/sat-flat175-417/flat175-82.cnf,525,1951,SAT,183,21034,299,2,0.002032
/Users/okamu/.cache/gomisat/corpus/sat-flat175-417/flat175-83.cnf,525,1951,SAT,126,14922,213,2,0.001197
/Users/okamu/.cache/gomisat/corpus/sat-flat175-417/flat175-84.cnf,525,1951,SAT,529,64463,744,5,0.005951
/Users/okamu/.cache/gomisat/corpus/sat-flat175-417/flat175-85.cnf,525,1951,SAT,690,89277,997,6,0.008821
/Users/okamu/.cache/gomisat/corpus/sat-flat175-417/flat175-86.cnf,525,1951,SAT,504,65433,667,5,0.005979
/Users/okamu/.cache/gomisat/corpus/sat-flat175-417/flat175-87.cnf,525,1951,SAT,477,52703,642,4,0.005047
/Users/okamu/.cache/gomisat/corpus/sat-flat175-417/flat175-88.cnf,525,1951,SAT,126,13985,244,2,0.001561
/Users/okamu/.cache/gomisat/corpus/sat-flat175-417/flat175-89.cnf,525,1951,SAT,178,20076,283,2,0.001695
/Users/okamu/.cache/gomisat/corpus/sat-flat175-417/flat175-9.cnf,525,1951,SAT,144,16751,219,2,0.001313
/Users/okamu/.cache/gomisat/corpus/sat-flat175-417/flat175-90.cnf,525,1951,SAT,471,60298,655,4,0.005799
/Users/okamu/.cache/gomisat/corpus/sat-flat175-417/flat175-91.cnf,525,1951,SAT,345,39881,475,3,0.003542
/Users/okamu/.cache/gomisat/corpus/sat-flat175-417/flat175-92.cnf,525,1951,SAT,125,16209,198,2,0.001336
/Users/okamu/.cache/gomisat/corpus/sat-flat175-417/flat175-93.cnf,525,1951,SAT,138,16438,231,2,0.001740
/Users/okamu/.cache/gomisat/corpus/sat-flat175-417/flat175-94.cnf,525,1951,SAT,578,69841,787,5,0.006517
/Users/okamu/.cache/gomisat/corpus/sat-flat175-417/flat175-95.cnf,525,1951,SAT,220,26877,325,3,0.002203
/Users/okamu/.cache/gomisat/corpus/sat-flat175-417/flat175-96.cnf,525,1951,SAT,333,37831,461,3,0.003624
/Users/okamu/.cache/gomisat/corpus/sat-flat175-417/flat175-97.cnf,525,1951,SAT,1001,117189,1308,7,0.013376
/Users/okamu/.cache/gomisat/corpus/sat-flat175-417/flat175-98.cnf,525,1951,SAT,252,30740,383,3,0.003008
/Users/okamu/.cache/gomisat/corpus/sat-flat175-417/flat175-99.cnf,525,1951,SAT,144,15292,267,2,0.001337
/Users/okamu/.cache/gomisat/corpus/sat-flat200-479/flat200-1.cnf,600,2237,SAT,104,16035,200,2,0.001393
/Users/okamu/.cache/gomisat/corpus/sat-flat200-479/flat200-10.cnf,600,2237,SAT,480,60335,681,4,0.005618
/Users/okamu/.cache/gomisat/corpus/sat-flat200-479/flat200-100.cnf,600,2237,SAT,882,111801,1189,7,0.011827
/Users/okamu/.cache/gomisat/corpus/sat-flat200-479/flat200-11.cnf,600,2237,SAT,486,65841,716,4,0.005902
/Users/okamu/.cache/gomisat/corpus/sat-flat200-479/flat200-12.cnf,600,2237,SAT,749,98583,970,6,0.010013
/Users/okamu/.cache/gomisat/corpus/sat-flat200-479/flat200-13.cnf,600,2237,SAT,752,99482,1088,6,0.010519
/Users/okamu/.cache/gomisat/corpus/sat-flat200-479/flat200-14.cnf,600,2237,SAT,452,61886,684,4,0.005994
/Users/okamu/.cache/gomisat/corpus/sat-flat200-479/flat200-15.cnf,600,2237,SAT,288,40254,432,3,0.003727
/Users/okamu/.cache/gomisat/corpus/sat-flat200-479/flat200-16.cnf,600,2237,SAT,442,60080,654,4,0.005823
/Users/okamu/.cache/gomisat/corpus/sat-flat200-479/flat200-17.cnf,600,2237,SAT,1664,223818,2239,11,0.028076
/Users/okamu/.cache/gomisat/corpus/sat-flat200-479/flat200-18.cnf,600,2237,SAT,922,114284,1161,7,0.012029
/Users/okamu/.cache/gomisat/corpus/sat-flat200-479/flat200-19.cnf,600,2237,SAT,713,91716,984,6,0.009028
/Users/okamu/.cache/gomisat/corpus/sat-flat200-479/flat200-2.cnf,600,2237,SAT,606,74103,866,6,0.007353
/Users/okamu/.cache/gomisat/corpus/sat-flat200-479/flat200-20.cnf,600,2237,SAT,564,71201,755,5,0.006748
/Users/okamu/.cache/gomisat/corpus/sat-flat200-479/flat200-21.cnf,600,2237,SAT,252,33226,360,3,0.002788
/Users/okamu/.cache/gomisat/corpus/sat-flat200-479/flat200-22.cnf,600,2237,SAT,392,48568,634,3,0.004748
/Users/okamu/.cache/gomisat/corpus/sat-flat200-479/flat200-23.cnf,600,2237,SAT,373,49406,541,3,0.004350
/Users/okamu/.cache/gomisat/corpus/sat-flat200-479/flat200-24.cnf,600,2237,SAT,446,59400,638,4,0.005279
/Users/okamu/.cache/gomisat/corpus/sat-flat200-479/flat200-25.cnf,600,2237,SAT,171,24409,293,2,0.002292
/Users/okamu/.cache/gomisat/corpus/sat-flat200-479/flat200-26.cnf,600,2237,SAT,855,117940,1212,7,0.012417
/Users/okamu/.cache/gomisat/corpus/sat-flat200-479/flat200-27.cnf,600,2237,SAT,2635,356739,3396,15,0.048637
/Users/okamu/.cache/gomisat/corpus/sat-flat200-479/flat200-28.cnf,600,2237,SAT,276,37668,418,3,0.003132
/Users/okamu/.cache/gomisat/corpus/sat-flat200-479/flat200-29.cnf,600,2237,SAT,544,73052,797,5,0.007326
/Users/okamu/.cache/gomisat/corpus/sat-flat200-479/flat200-3.cnf,600,2237,SAT,1072,144933,1378,7,0.016163
/Users/okamu/.cache/gomisat/corpus/sat-flat200-479/flat200-30.cnf,600,2237,SAT,981,130363,1348,7,0.013868
/Users/okamu/.cache/gomisat/corpus/sat-flat200-479/flat200-31.cnf,600,2237,SAT,911,123226,1266,7,0.013110
/Users/okamu/.cache/gomisat/corpus/sat-flat200-479/flat200-32.cnf,600,2237,SAT,151,21131,253,2,0.001672
/Users/okamu/.cache/gomisat/corpus/sat-flat200-479/flat200-33.cnf,600,2237,SAT,208,29723,373,3,0.002478
/Users/okamu/.cache/gomisat/corpus/sat-flat200-479/flat200-34.cnf,600,2237,SAT,628,88793,866,6,0.008243
/Users/okamu/.cache/gomisat/corpus/sat-flat200-479/flat200-35.cnf,600,2237,SAT,145,17470,268,2,0.001452
/Users/okamu/.cache/gomisat/corpus/sat-flat200-479/flat200-36.cnf,600,2237,SAT,602,81270,863,5,0.007901
/Users/okamu/.cache/gomisat/corpus/sat-flat200-479/flat200-37.cnf,600,2237,SAT,435,52741,611,4,0.005130
/Users/okamu/.cache/gomisat/corpus/sat-flat200-479/flat200-38.cnf,600,2237,SAT,256,33583,424,3,0.003284
/Users/okamu/.cache/gomisat/corpus/sat-flat200-479/flat200-39.cnf,600,2237,SAT,2879,383208,3580,15,0.055552
/Users/okamu/.cache/gomisat/corpus/sat-flat200-479/flat200-4.cnf,600,2237,SAT,754,98487,1033,6,0.010381
/Users/okamu/.cache/gomisat/corpus/sat-flat200-479/flat200-40.cnf,600,2237,SAT,108,13755,202,2,0.001170
/Users/okamu/.cache/gomisat/corpus/sat-flat200-479/flat200-41.cnf,600,2237,SAT,98,11495,194,1,0.000981
/Users/okamu/.cache/gomisat/corpus/sat-flat200-479/flat200-42.cnf,600,2237,SAT,92,11303,178,1,0.000968
/Users/okamu/.cache/gomisat/corpus/sat-flat200-479/flat200-43.cnf,600,2237,SAT,215,30227,308,3,0.002843
/Users/okamu/.cache/gomisat/corpus/sat-flat200-479/flat200-44.cnf,600,2237,SAT,781,101203,1005,6,0.009939
/Users/okamu/.cache/gomisat/corpus/sat-flat200-479/flat200-45.cnf,600,2237,SAT,578,82665,815,5,0.007960
/Users/okamu/.cache/gomisat/corpus/sat-flat200-479/flat200-46.cnf,600,2237,SAT,866,115533,1138,7,0.011896
/Users/okamu/.cache/gomisat/corpus/sat-flat200-479/flat200-47.cnf,600,2237,SAT,1605,218047,2030,10,0.026612
/Users/okamu/.cache/gomisat/corpus/sat-flat200-479/flat200-48.cnf,600,2237,SAT,887,115797,1190,7,0.012640
/Users/okamu/.cache/gomisat/corpus/sat-flat200-479/flat200-49.cnf,600,2237,SAT,157,17608,267,2,0.001524
/Users/okamu/.cache/gomisat/corpus/sat-flat200-479/flat200-5.cnf,600,2237,SAT,1942,250166,2529,13,0.033800
/Users/okamu/.cache/gomisat/corpus/sat-flat200-479/flat200-50.cnf,600,2237,SAT,693,88429,980,6,0.008785
/Users/okamu/.cache/gomisat/corpus/sat-flat200-479/flat200-51.cnf,600,2237,SAT,188,25263,276,2,0.002221
/Users/okamu/.cache/gomisat/corpus/sat-flat200-479/flat200-52.cnf,600,2237,SAT,1415,194319,1792,10,0.023359
/Users/okamu/.cache/gomisat/corpus/sat-flat200-479/flat200-53.cnf,600,2237,SAT,105,14829,206,2,0.001140
/Users/okamu/.cache/gomisat/corpus/sat-flat200-479/flat200-54.cnf,600,2237,SAT,1275,157008,1638,8,0.017887
/Users/okamu/.cache/gomisat/corpus/sat-flat200-479/flat200-55.cnf,600,2237,SAT,3103,425042,3971,15,0.061986
/Users/okamu/.cache/gomisat/corpus/sat-flat200-479/flat200-56.cnf,600,2237,SAT,650,86691,939,6,0.008443
/Users/okamu/.cache/gomisat/corpus/sat-flat200-479/flat200-57.cnf,600,2237,SAT,702,89456,1045,6,0.008835
/Users/okamu/.cache/gomisat/corpus/sat-flat200-479/flat200-58.cnf,600,2237,SAT,24,4075,86,1,0.000377
/Users/okamu/.cache/gomisat/corpus/sat-flat200-479/flat200-59.cnf,600,2237,SAT,546,68838,768,5,0.006338
/Users/okamu/.cache/gomisat/corpus/sat-flat200-479/flat200-6.cnf,600,2237,SAT,297,39276,462,3,0.003462
/Users/okamu/.cache/gomisat/corpus/sat-flat200-479/flat200-60.cnf,600,2237,SAT,160,19872,244,2,0.001763
/Users/okamu/.cache/gomisat/corpus/sat-flat200-479/flat200-61.cnf,600,2237,SAT,26,3167,89,1,0.000313
/Users/okamu/.cache/gomisat/corpus/sat-flat200-479/flat200-62.cnf,600,2237,SAT,1083,134117,1425,7,0.015570
/Users/okamu/.cache/gomisat/corpus/sat-flat200-479/flat200-63.cnf,600,2237,SAT,1031,139674,1415,7,0.015333
/Users/okamu/.cache/gomisat/corpus/sat-flat200-479/flat200-64.cnf,600,2237,SAT,246,31870,351,3,0.002702
/Users/okamu/.cache/gomisat/corpus/sat-flat200-479/flat200-65.cnf,600,2237,SAT,1483,210506,1938,10,0.025233
/Users/okamu/.cache/gomisat/corpus/sat-flat200-479/flat200-66.cnf,600,2237,SAT,2710,367768,3474,15,0.055373
/Users/okamu/.cache/gomisat/corpus/sat-flat200-479/flat200-67.cnf,600,2237,SAT,138,18499,236,2,0.001934
/Users/okamu/.cache/gomisat/corpus/sat-flat200-479/flat200-68.cnf,600,2237,SAT,133,17475,216,2,0.001421
/Users/okamu/.cache/gomisat/corpus/sat-flat200-479/flat200-69.cnf,600,2237,SAT,172,24525,295,2,0.002120
/Users/okamu/.cache/gomisat/corpus/sat-flat200-479/flat200-7.cnf,600,2237,SAT,1145,160698,1465,7,0.017688
/Users/okamu/.cache/gomisat/corpus/sat-flat200-479/flat200-70.cnf,600,2237,SAT,729,96284,1046,6,0.009675
/Users/okamu/.cache/gomisat/corpus/sat-flat200-479/flat200-71.cnf,600,2237,SAT,599,85783,813,5,0.008222
/Users/okamu/.cache/gomisat/corpus/sat-flat200-479/flat200-72.cnf,600,2237,SAT,552,73770,821,5,0.006951
/Users/okamu/.cache/gomisat/corpus/sat-flat200-479/flat200-73.cnf,600,2237,SAT,816,106500,1092,7,0.011197
/Users/okamu/.cache/gomisat/corpus/sat-flat200-479/flat200-74.cnf,600,2237,SAT,808,110973,1173,7,0.011584
/Users/okamu/.cache/gomisat/corpus/sat-flat200-479/flat200-75.cnf,600,2237,SAT,334,45061,541,3,0.003828
/Users/okamu/.cache/gomisat/corpus/sat-flat200-479/flat200-76.cnf,600,2237,SAT,644,85763,892,6,0.008340
/Users/okamu/.cache/gomisat/corpus/sat-flat200-479/flat200-77.cnf,600,2237,SAT,1112,154126,1542,7,0.016903
/Users/okamu/.cache/gomisat/corpus/sat-flat200-479/flat200-78.cnf,600,2237,SAT,547,74688,799,5,0.007434
/Users/okamu/.cache/gomisat/corpus/sat-flat200-479/flat200-79.cnf,600,2237,SAT,1937,268590,2519,13,0.035360
/Users/okamu/.cache/gomisat/corpus/sat-flat200-479/flat200-8.cnf,600,2237,SAT,101,13462,197,2,0.001132
/Users/okamu/.cache/gomisat/corpus/sat-flat200-479/flat200-80.cnf,600,2237,SAT,363,50401,517,3,0.004558
/Users/okamu/.cache/gomisat/corpus/sat-flat200-479/flat200-81.cnf,600,2237,SAT,1661,229273,2231,11,0.029243
/Users/okamu/.cache/gomisat/corpus/sat-flat200-479/flat200-82.cnf,600,2237,SAT,648,89339,907,6,0.008440
/Users/okamu/.cache/gomisat/corpus/sat-flat200-479/flat200-83.cnf,600,2237,SAT,2116,276262,2748,14,0.038474
/Users/okamu/.cache/gomisat/corpus/sat-flat200-479/flat200-84.cnf,600,2237,SAT,573,76959,832,5,0.007717
/Users/okamu/.cache/gomisat/corpus/sat-flat200-479/flat200-85.cnf,600,2237,SAT,766,102697,1079,6,0.010343
/Users/okamu/.cache/gomisat/corpus/sat-flat200-479/flat200-86.cnf,600,2237,SAT,257,36753,419,3,0.002924
/Users/okamu/.cache/gomisat/corpus/sat-flat200-479/flat200-87.cnf,600,2237,SAT,1113,150075,1504,7,0.017470
/Users/okamu/.cache/gomisat/corpus/sat-flat200-479/flat200-88.cnf,600,2237,SAT,865,118869,1120,7,0.012541
/Users/okamu/.cache/gomisat/corpus/sat-flat200-479/flat200-89.cnf,600,2237,SAT,161,20032,269,2,0.001701
/Users/okamu/.cache/gomisat/corpus/sat-flat200-479/flat200-9.cnf,600,2237,SAT,1274,170612,1640,8,0.019470
/Users/okamu/.cache/gomisat/corpus/sat-flat200-479/flat200-90.cnf,600,2237,SAT,488,61541,731,4,0.006015
/Users/okamu/.cache/gomisat/corpus/sat-flat200-479/flat200-91.cnf,600,2237,SAT,179,22851,320,2,0.001900
/Users/okamu/.cache/gomisat/corpus/sat-flat200-479/flat200-92.cnf,600,2237,SAT,318,42117,474,3,0.003689
/Users/okamu/.cache/gomisat/corpus/sat-flat200-479/flat200-93.cnf,600,2237,SAT,503,66217,687,5,0.006019
/Users/okamu/.cache/gomisat/corpus/sat-flat200-479/flat200-94.cnf,600,2237,SAT,284,39792,484,3,0.003363
/Users/okamu/.cache/gomisat/corpus/sat-flat200-479/flat200-95.cnf,600,2237,SAT,1071,141017,1369,7,0.015880
/Users/okamu/.cache/gomisat/corpus/sat-flat200-479/flat200-96.cnf,600,2237,SAT,364,48891,567,3,0.004738
/Users/okamu/.cache/gomisat/corpus/sat-flat200-479/flat200-97.cnf,600,2237,SAT,55,6453,148,1,0.000798
/Users/okamu/.cache/gomisat/corpus/sat-flat200-479/flat200-98.cnf,600,2237,SAT,506,69236,760,5,0.006716
/Users/okamu/.cache/gomisat/corpus/sat-flat200-479/flat200-99.cnf,600,2237,SAT,814,107473,1169,7,0.011316
/Users/okamu/.cache/gomisat/corpus/sat-hanoi/hanoi4.cnf,718,4934,SAT,2360,153193,4043,14,0.021536
/Users/okamu/.cache/gomisat/corpus/sat-hanoi/hanoi5.cnf,1931,14468,SAT,22809,1776740,45010,81,0.327548
/Users/okamu/.cache/gomisat/corpus/sat-inductive-inference/ii16a1.cnf,1650,19368,SAT,5,2056,1165,1,0.000344
/Users/okamu/.cache/gomisat/corpus/sat-inductive-inference/ii16a2.cnf,1602,23281,SAT,109,18811,696,2,0.002249
/Users/okamu/.cache/gomisat/corpus/sat-inductive-inference/ii16b1.cnf,1728,24792,SAT,140,23553,1034,2,0.003003
/Users/okamu/.cache/gomisat/corpus/sat-inductive-inference/ii16b2.cnf,1076,16121,SAT,50,8686,150,1,0.000844
/Users/okamu/.cache/gomisat/corpus/sat-inductive-inference/ii16c1.cnf,1580,16467,SAT,2,1763,1017,1,0.000342
/Users/okamu/.cache/gomisat/corpus/sat-inductive-inference/ii16c2.cnf,924,13803,SAT,409,63826,1144,4,0.005958
/Users/okamu/.cache/gomisat/corpus/sat-inductive-inference/ii16d1.cnf,1230,15901,SAT,1,1478,458,1,0.000322
/Users/okamu/.cache/gomisat/corpus/sat-inductive-inference/ii16d2.cnf,836,12461,SAT,0,836,39,1,0.000247
/Users/okamu/.cache/gomisat/corpus/sat-inductive-inference/ii16e1.cnf,1245,14766,SAT,2,1469,774,1,0.000380
/Users/okamu/.cache/gomisat/corpus/sat-inductive-inference/ii16e2.cnf,532,7825,SAT,534,47427,1457,5,0.007074
/Users/okamu/.cache/gomisat/corpus/sat-inductive-inference/ii32a1.cnf,459,9212,SAT,1207,88845,3425,8,0.016983
/Users/okamu/.cache/gomisat/corpus/sat-inductive-inference/ii32b1.cnf,228,1374,SAT,3,293,40,1,0.000078
/Users/okamu/.cache/gomisat/corpus/sat-inductive-inference/ii32b2.cnf,261,2558,SAT,75,2219,193,1,0.000598
/Users/okamu/.cache/gomisat/corpus/sat-inductive-inference/ii32b3.cnf,348,5734,SAT,102,5802,278,2,0.001513
/Users/okamu/.cache/gomisat/corpus/sat-inductive-inference/ii32b4.cnf,381,6918,SAT,20,1116,60,1,0.000389
/Users/okamu/.cache/gomisat/corpus/sat-inductive-inference/ii32c1.cnf,225,1280,SAT,1,254,50,1,0.000058
/Users/okamu/.cache/gomisat/corpus/sat-inductive-inference/ii32c2.cnf,249,2182,SAT,0,249,45,1,0.000084
/Users/okamu/.cache/gomisat/corpus/sat-inductive-inference/ii32c3.cnf,279,3272,SAT,3,610,44,1,0.000165
/Users/okamu/.cache/gomisat/corpus/sat-inductive-inference/ii32c4.cnf,759,20862,SAT,84,11317,288,1,0.002163
/Users/okamu/.cache/gomisat/corpus/sat-inductive-inference/ii32d1.cnf,332,2703,SAT,60,1611,139,1,0.000461
/Users/okamu/.cache/gomisat/corpus/sat-inductive-inference/ii32d2.cnf,404,5153,SAT,113,5243,534,2,0.001221
/Users/okamu/.cache/gomisat/corpus/sat-inductive-inference/ii32d3.cnf,824,19478,SAT,45144,4985252,104683,130,2.296096
/Users/okamu/.cache/gomisat/corpus/sat-inductive-inference/ii32e1.cnf,222,1186,SAT,0,222,52,1,0.000047
/Users/okamu/.cache/gomisat/corpus/sat-inductive-inference/ii32e2.cnf,267,2746,SAT,35,1117,82,1,0.000328
/Users/okamu/.cache/gomisat/corpus/sat-inductive-inference/ii32e3.cnf,330,5020,SAT,89,4430,261,1,0.000834
/Users/okamu/.cache/gomisat/corpus/sat-inductive-inference/ii32e4.cnf,387,7106,SAT,72,3733,317,1,0.000789
/Users/okamu/.cache/gomisat/corpus/sat-inductive-inference/ii32e5.cnf,522,11636,SAT,116,11618,333,2,0.002345
/Users/okamu/.cache/gomisat/corpus/sat-inductive-inference/ii8a1.cnf,66,186,SAT,2,99,26,1,0.000018
/Users/okamu/.cache/gomisat/corpus/sat-inductive-inference/ii8a2.cnf,180,800,SAT,0,180,92,1,0.000026
/Users/okamu/.cache/gomisat/corpus/sat-inductive-inference/ii8a3.cnf,264,1552,SAT,1,287,136,1,0.000048
/Users/okamu/.cache/gomisat/corpus/sat-inductive-inference/ii8a4.cnf,396,2798,SAT,2,432,112,1,0.000083
/Users/okamu/.cache/gomisat/corpus/sat-inductive-inference/ii8b1.cnf,336,2068,SAT,2,349,165,1,0.000108
/Users/okamu/.cache/gomisat/corpus/sat-inductive-inference/ii8b2.cnf,576,4088,SAT,1,593,271,1,0.000119
/Users/okamu/.cache/gomisat/corpus/sat-inductive-inference/ii8b3.cnf,816,6108,SAT,0,816,456,1,0.000114
/Users/okamu/.cache/gomisat/corpus/sat-inductive-inference/ii8b4.cnf,1068,8214,SAT,0,1068,604,1,0.000411
/Users/okamu/.cache/gomisat/corpus/sat-inductive-inference/ii8c1.cnf,510,3065,SAT,0,510,332,1,0.000146
/Users/okamu/.cache/gomisat/corpus/sat-inductive-inference/ii8c2.cnf,950,6689,SAT,0,950,620,1,0.000161
/Users/okamu/.cache/gomisat/corpus/sat-inductive-inference/ii8d1.cnf,530,3207,SAT,2,682,420,1,0.000108
/Users/okamu/.cache/gomisat/corpus/sat-inductive-inference/ii8d2.cnf,930,6547,SAT,0,930,534,1,0.000166
/Users/okamu/.cache/gomisat/corpus/sat-inductive-inference/ii8e1.cnf,520,3136,SAT,0,520,321,1,0.000125
/Users/okamu/.cache/gomisat/corpus/sat-inductive-inference/ii8e2.cnf,870,6121,SAT,0,870,506,1,0.000204
/Users/okamu/.cache/gomisat/corpus/sat-logistics/logistics.a.cnf,828,6718,SAT,145,12186,1307,2,0.001202
/Users/okamu/.cache/gomisat/corpus/sat-logistics/logistics.b.cnf,843,7301,SAT,129,13419,1423,2,0.001271
/Users/okamu/.cache/gomisat/corpus/sat-logistics/logistics.c.cnf,1141,10719,SAT,342,32515,3060,3,0.003433
/Users/okamu/.cache/gomisat/corpus/sat-logistics/logistics.d.cnf,4713,21991,SAT,37,14902,435,1,0.001923
/Users/okamu/.cache/gomisat/corpus/sat-parity/par16-1-c.cnf,317,1264,SAT,4610,537023,4882,24,0.051307
/Users/okamu/.cache/gomisat/corpus/sat-parity/par16-1.cnf,1015,3310,SAT,1491,311985,1704,10,0.026030
/Users/okamu/.cache/gomisat/corpus/sat-parity/par16-2-c.cnf,349,1392,SAT,4257,474964,4614,22,0.048309
/Users/okamu/.cache/gomisat/corpus/sat-parity/par16-2.cnf,1015,3374,SAT,441,94833,563,4,0.007527
/Users/okamu/.cache/gomisat/corpus/sat-parity/par16-3-c.cnf,334,1332,SAT,1829,191958,1966,13,0.019810
/Users/okamu/.cache/gomisat/corpus/sat-parity/par16-3.cnf,1015,3344,SAT,5776,1152941,6162,30,0.105870
/Users/okamu/.cache/gomisat/corpus/sat-parity/par16-4-c.cnf,324,1292,SAT,1746,189964,1868,12,0.019684
/Users/okamu/.cache/gomisat/corpus/sat-parity/par16-4.cnf,1015,3324,SAT,2546,583274,2848,15,0.046939
/Users/okamu/.cache/gomisat/corpus/sat-parity/par16-5-c.cnf,341,1360,SAT,2937,303252,3131,15,0.031106
/Users/okamu/.cache/gomisat/corpus/sat-parity/par16-5.cnf,1015,3358,SAT,5601,1282124,5970,29,0.098193
/Users/okamu/.cache/gomisat/corpus/sat-parity/par32-1-c.cnf,1315,5254,UNKNOWN,169467,63124313,184749,460,10.002119
/Users/okamu/.cache/gomisat/corpus/sat-parity/par32-1.cnf,3176,10277,UNKNOWN,113035,91743719,123932,301,10.002056
/Users/okamu/.cache/gomisat/corpus/sat-parity/par32-2-c.cnf,1303,5206,UNKNOWN,197060,61106047,217058,510,10.001858
/Users/okamu/.cache/gomisat/corpus/sat-parity/par32-2.cnf,3176,10253,UNKNOWN,136174,88164843,149841,379,10.000200
/Users/okamu/.cache/gomisat/corpus/sat-parity/par32-3-c.cnf,1325,5294,UNKNOWN,154028,49968574,170775,413,10.002101
/Users/okamu/.cache/gomisat/corpus/sat-parity/par32-3.cnf,3176,10297,UNKNOWN,125008,105238464,135007,334,10.000885
/Users/okamu/.cache/gomisat/corpus/sat-parity/par32-4-c.cnf,1333,5326,UNKNOWN,188361,52720576,210012,509,10.002158
/Users/okamu/.cache/gomisat/corpus/sat-parity/par32-4.cnf,3176,10313,UNKNOWN,138944,81875953,153241,381,10.002133
/Users/okamu/.cache/gomisat/corpus/sat-parity/par32-5-c.cnf,1339,5350,UNKNOWN,199530,59409514,218702,510,10.002062
/Users/okamu/.cache/gomisat/corpus/sat-parity/par32-5.cnf,3176,10325,UNKNOWN,135041,71307014,152002,378,10.002086
/Users/okamu/.cache/gomisat/corpus/sat-parity/par8-1-c.cnf,64,254,SAT,15,400,18,1,0.000076
/Users/okamu/.cache/gomisat/corpus/sat-parity/par8-1.cnf,350,1149,SAT,26,1960,36,1,0.000216
/Users/okamu/.cache/gomisat/corpus/sat-parity/par8-2-c.cnf,68,270,SAT,18,585,22,1,0.000089
/Users/okamu/.cache/gomisat/corpus/sat-parity/par8-2.cnf,350,1157,SAT,15,1260,25,1,0.000140
/Users/okamu/.cache/gomisat/corpus/sat-parity/par8-3-c.cnf,75,298,SAT,28,924,32,1,0.000134
/Users/okamu/.cache/gomisat/corpus/sat-parity/par8-3.cnf,350,1171,SAT,18,1221,34,1,0.000154
/Users/okamu/.cache/gomisat/corpus/sat-parity/par8-4-c.cnf,67,266,SAT,7,236,13,1,0.000053
/Users/okamu/.cache/gomisat/corpus/sat-parity/par8-4.cnf,350,1155,SAT,1,436,19,1,0.000175
/Users/okamu/.cache/gomisat/corpus/sat-parity/par8-5-c.cnf,75,298,SAT,22,703,25,1,0.000101
/Users/okamu/.cache/gomisat/corpus/sat-parity/par8-5.cnf,350,1171,SAT,9,812,25,1,0.000102
/Users/okamu/.cache/gomisat/corpus/sat-uf150-645/uf150-01.cnf,150,645,SAT,384,11839,488,3,0.001879
/Users/okamu/.cache/gomisat/corpus/sat-uf150-645/uf150-010.cnf,150,645,SAT,1154,36072,1475,7,0.006570
/Users/okamu/.cache/gomisat/corpus/sat-uf150-645/uf150-0100.cnf,150,645,SAT,907,27445,1144,7,0.004927
/Users/okamu/.cache/gomisat/corpus/sat-uf150-645/uf150-011.cnf,150,645,SAT,142,4965,233,2,0.000684
/Users/okamu/.cache/gomisat/corpus/sat-uf150-645/uf150-012.cnf,150,645,SAT,1844,57307,2310,13,0.011475
/Users/okamu/.cache/gomisat/corpus/sat-uf150-645/uf150-013.cnf,150,645,SAT,541,17097,730,5,0.002559
/Users/okamu/.cache/gomisat/corpus/sat-uf150-645/uf150-014.cnf,150,645,SAT,902,29166,1184,7,0.004906
/Users/okamu/.cache/gomisat/corpus/sat-uf150-645/uf150-015.cnf,150,645,SAT,840,27276,1101,7,0.004227
/Users/okamu/.cache/gomisat/corpus/sat-uf150-645/uf150-016.cnf,150,645,SAT,530,17091,714,5,0.002520
/Users/okamu/.cache/gomisat/corpus/sat-uf150-645/uf150-017.cnf,150,645,SAT,73,2309,116,1,0.000334
/Users/okamu/.cache/gomisat/corpus/sat-uf150-645/uf150-018.cnf,150,645,SAT,1587,53406,1975,10,0.009702
/Users/okamu/.cache/gomisat/corpus/sat-uf150-645/uf150-019.cnf,150,645,SAT,749,23726,934,6,0.003934
/Users/okamu/.cache/gomisat/corpus/sat-uf150-645/uf150-02.cnf,150,645,SAT,1617,50960,2061,11,0.010088
/Users/okamu/.cache/gomisat/corpus/sat-uf150-645/uf150-020.cnf,150,645,SAT,236,7252,356,3,0.001037
/Users/okamu/.cache/gomisat/corpus/sat-uf150-645/uf150-021.cnf,150,645,SAT,725,22248,904,6,0.003599
/Users/okamu/.cache/gomisat/corpus/sat-uf150-645/uf150-022.cnf,150,645,SAT,383,12978,521,3,0.001876
/Users/okamu/.cache/gomisat/corpus/sat-uf150-645/uf150-023.cnf,150,645,SAT,1056,31734,1297,7,0.005674
/Users/okamu/.cache/gomisat/corpus/sat-uf150-645/uf150-024.cnf,150,645,SAT,977,31229,1208,7,0.005544
/Users/okamu/.cache/gomisat/corpus/sat-uf150-645/uf150-025.cnf,150,645,SAT,2022,66520,2468,14,0.014138
/Users/okamu/.cache/gomisat/corpus/sat-uf150-645/uf150-026.cnf,150,645,SAT,1291,39247,1592,8,0.006824
/Users/okamu/.cache/gomisat/corpus/sat-uf150-645/uf150-027.cnf,150,645,SAT,2620,82552,3272,15,0.018010
/Users/okamu/.cache/gomisat/corpus/sat-uf150-645/uf150-028.cnf,150,645,SAT,1283,41400,1582,8,0.007311
/Users/okamu/.cache/gomisat/corpus/sat-uf150-645/uf150-029.cnf,150,645,SAT,463,15360,604,4,0.002319
/Users/okamu/.cache/gomisat/corpus/sat-uf150-645/uf150-03.cnf,150,645,SAT,1000,32805,1251,7,0.005806
/Users/okamu/.cache/gomisat/corpus/sat-uf150-645/uf150-030.cnf,150,645,SAT,52,1706,86,1,0.000268
/Users/okamu/.cache/gomisat/corpus/sat-uf150-645/uf150-031.cnf,150,645,SAT,1366,42938,1712,9,0.008135
/Users/okamu/.cache/gomisat/corpus/sat-uf150-645/uf150-032.cnf,150,645,SAT,153,4210,211,2,0.000637
/Users/okamu/.cache/gomisat/corpus/sat-uf150-645/uf150-033.cnf,150,645,SAT,837,25049,1087,7,0.004137
/Users/okamu/.cache/gomisat/corpus/sat-uf150-645/uf150-034.cnf,150,645,SAT,2315,70917,2804,14,0.015120
/Users/okamu/.cache/gomisat/corpus/sat-uf150-645/uf150-035.cnf,150,645,SAT,1747,54730,2226,12,0.010548
/Users/okamu/.cache/gomisat/corpus/sat-uf150-645/uf150-036.cnf,150,645,SAT,939,27906,1192,7,0.004844
/Users/okamu/.cache/gomisat/corpus/sat-uf150-645/uf150-037.cnf,150,645,SAT,294,9315,386,3,0.001403
/Users/okamu/.cache/gomisat/corpus/sat-uf150-645/uf150-038.cnf,150,645,SAT,406,12698,509,4,0.002049
/Users/okamu/.cache/gomisat/corpus/sat-uf150-645/uf150-039.cnf,150,645,SAT,157,5075,216,2,0.000747
/Users/okamu/.cache/gomisat/corpus/sat-uf150-645/uf150-04.cnf,150,645,SAT,477,15352,626,4,0.002318
/Users/okamu/.cache/gomisat/corpus/sat-uf150-645/uf150-040.cnf,150,645,SAT,1337,42701,1694,9,0.008529
/Users/okamu/.cache/gomisat/corpus/sat-uf150-645/uf150-041.cnf,150,645,SAT,2192,69466,2737,14,0.014427
/Users/okamu/.cache/gomisat/corpus/sat-uf150-645/uf150-042.cnf,150,645,SAT,470,15998,624,4,0.002390
/Users/okamu/.cache/gomisat/corpus/sat-uf150-645/uf150-043.cnf,150,645,SAT,1624,50754,2042,11,0.010546
/Users/okamu/.cache/gomisat/corpus/sat-uf150-645/uf150-044.cnf,150,645,SAT,2540,76145,3165,15,0.017344
/Users/okamu/.cache/gomisat/corpus/sat-uf150-645/uf150-045.cnf,150,645,SAT,375,12066,506,3,0.001774
/Users/okamu/.cache/gomisat/corpus/sat-uf150-645/uf150-046.cnf,150,645,SAT,1495,46696,1830,10,0.009332
/Users/okamu/.cache/gomisat/corpus/sat-uf150-645/uf150-047.cnf,150,645,SAT,47,1441,80,1,0.000235
/Users/okamu/.cache/gomisat/corpus/sat-uf150-645/uf150-048.cnf,150,645,SAT,92,3598,143,1,0.000499
/Users/okamu/.cache/gomisat/corpus/sat-uf150-645/uf150-049.cnf,150,645,SAT,762,22942,982,6,0.003834
/Users/okamu/.cache/gomisat/corpus/sat-uf150-645/uf150-05.cnf,150,645,SAT,1945,60686,2402,13,0.012840
/Users/okamu/.cache/gomisat/corpus/sat-uf150-645/uf150-050.cnf,150,645,SAT,2223,71930,2750,14,0.014765
/Users/okamu/.cache/gomisat/corpus/sat-uf150-645/uf150-051.cnf,150,645,SAT,489,15819,646,4,0.002444
/Users/okamu/.cache/gomisat/corpus/sat-uf150-645/uf150-052.cnf,150,645,SAT,165,4747,234,2,0.000702
/Users/okamu/.cache/gomisat/corpus/sat-uf150-645/uf150-053.cnf,150,645,SAT,1715,52046,2145,12,0.011185
/Users/okamu/.cache/gomisat/corpus/sat-uf150-645/uf150-054.cnf,150,645,SAT,594,18887,743,5,0.003206
/Users/okamu/.cache/gomisat/corpus/sat-uf150-645/uf150-055.cnf,150,645,SAT,587,18260,775,5,0.002827
/Users/okamu/.cache/gomisat/corpus/sat-uf150-645/uf150-056.cnf,150,645,SAT,859,27085,1087,7,0.004485
/Users/okamu/.cache/gomisat/corpus/sat-uf150-645/uf150-057.cnf,150,645,SAT,688,22284,880,6,0.003513
/Users/okamu/.cache/gomisat/corpus/sat-uf150-645/uf150-058.cnf,150,645,SAT,181,5481,267,2,0.000893
/Users/okamu/.cache/gomisat/corpus/sat-uf150-645/uf150-059.cnf,150,645,SAT,1021,32225,1282,7,0.005596
/Users/okamu/.cache/gomisat/corpus/sat-uf150-645/uf150-06.cnf,150,645,SAT,70,2424,113,1,0.000352
/Users/okamu/.cache/gomisat/corpus/sat-uf150-645/uf150-060.cnf,150,645,SAT,194,6401,282,2,0.000907
/Users/okamu/.cache/gomisat/corpus/sat-uf150-645/uf150-061.cnf,150,645,SAT,1763,56380,2188,12,0.010769
/Users/okamu/.cache/gomisat/corpus/sat-uf150-645/uf150-062.cnf,150,645,SAT,2718,83720,3325,15,0.018290
/Users/okamu/.cache/gomisat/corpus/sat-uf150-645/uf150-063.cnf,150,645,SAT,2894,91535,3479,15,0.020392
/Users/okamu/.cache/gomisat/corpus/sat-uf150-645/uf150-064.cnf,150,645,SAT,601,18800,773,5,0.003051
/Users/okamu/.cache/gomisat/corpus/sat-uf150-645/uf150-065.cnf,150,645,SAT,1097,34031,1364,7,0.005961
/Users/okamu/.cache/gomisat/corpus/sat-uf150-645/uf150-066.cnf,150,645,SAT,695,22163,894,6,0.003829
/Users/okamu/.cache/gomisat/corpus/sat-uf150-645/uf150-067.cnf,150,645,SAT,1176,37578,1504,7,0.006319
/Users/okamu/.cache/gomisat/corpus/sat-uf150-645/uf150-068.cnf,150,645,SAT,1261,40502,1554,8,0.007367
/Users/okamu/.cache/gomisat/corpus/sat-uf150-645/uf150-069.cnf,150,645,SAT,693,22503,896,6,0.003443
/Users/okamu/.cache/gomisat/corpus/sat-uf150-645/uf150-07.cnf,150,645,SAT,1108,33701,1372,7,0.005812
/Users/okamu/.cache/gomisat/corpus/sat-uf150-645/uf150-070.cnf,150,645,SAT,83,2431,133,1,0.000374
/Users/okamu/.cache/gomisat/corpus/sat-uf150-645/uf150-071.cnf,150,645,SAT,195,6657,259,2,0.000982
/Users/okamu/.cache/gomisat/corpus/sat-uf150-645/uf150-072.cnf,150,645,SAT,286,9789,378,3,0.001398
/Users/okamu/.cache/gomisat/corpus/sat-uf150-645/uf150-073.cnf,150,645,SAT,1580,49855,1943,10,0.009427
/Users/okamu/.cache/gomisat/corpus/sat-uf150-645/uf150-074.cnf,150,645,SAT,84,3188,143,1,0.000826
/Users/okamu/.cache/gomisat/corpus/sat-uf150-645/uf150-075.cnf,150,645,SAT,181,6010,240,2,0.000855
/Users/okamu/.cache/gomisat/corpus/sat-uf150-645/uf150-076.cnf,150,645,SAT,250,8129,320,3,0.001197
/Users/okamu/.cache/gomisat/corpus/sat-uf150-645/uf150-077.cnf,150,645,SAT,523,17844,673,5,0.002627
/Users/okamu/.cache/gomisat/corpus/sat-uf150-645/uf150-078.cnf,150,645,SAT,1508,47302,1935,10,0.009537
/Users/okamu/.cache/gomisat/corpus/sat-uf150-645/uf150-079.cnf,150,645,SAT,4301,142041,5215,22,0.034802
/Users/okamu/.cache/gomisat/corpus/sat-uf150-645/uf150-08.cnf,150,645,SAT,235,7958,341,3,0.001141
/Users/okamu/.cache/gomisat/corpus/sat-uf150-645/uf150-080.cnf,150,645,SAT,347,11783,452,3,0.001802
/Users/okamu/.cache/gomisat/corpus/sat-uf150-645/uf150-081.cnf,150,645,SAT,1833,58032,2231,13,0.010879
/Users/okamu/.cache/gomisat/corpus/sat-uf150-645/uf150-082.cnf,150,645,SAT,615,20169,821,6,0.003558
/Users/okamu/.cache/gomisat/corpus/sat-uf150-645/uf150-083.cnf,150,645,SAT,757,24029,1009,6,0.003892
/Users/okamu/.cache/gomisat/corpus/sat-uf150-645/uf150-084.cnf,150,645,SAT,43,1517,80,1,0.000236
/Users/okamu/.cache/gomisat/corpus/sat-uf150-645/uf150-085.cnf,150,645,SAT,1244,38963,1564,8,0.006934
/Users/okamu/.cache/gomisat/corpus/sat-uf150-645/uf150-086.cnf,150,645,SAT,1736,57931,2188,12,0.011343
/Users/okamu/.cache/gomisat/corpus/sat-uf150-645/uf150-087.cnf,150,645,SAT,405,13090,553,4,0.001975
/Users/okamu/.cache/gomisat/corpus/sat-uf150-645/uf150-088.cnf,150,645,SAT,792,25549,1013,6,0.004835
/Users/okamu/.cache/gomisat/corpus/sat-uf150-645/uf150-089.cnf,150,645,SAT,600,19725,777,5,0.003029
/Users/okamu/.cache/gomisat/corpus/sat-uf150-645/uf150-09.cnf,150,645,SAT,529,17754,676,5,0.002673
/Users/okamu/.cache/gomisat/corpus/sat-uf150-645/uf150-090.cnf,150,645,SAT,632,21182,845,6,0.003632
/Users/okamu/.cache/gomisat/corpus/sat-uf150-645/uf150-091.cnf,150,645,SAT,1692,55634,2087,11,0.010389
/Users/okamu/.cache/gomisat/corpus/sat-uf150-645/uf150-092.cnf,150,645,SAT,718,23963,907,6,0.004269
/Users/okamu/.cache/gomisat/corpus/sat-uf150-645/uf150-093.cnf,150,645,SAT,229,7416,338,3,0.001058
/Users/okamu/.cache/gomisat/corpus/sat-uf150-645/uf150-094.cnf,150,645,SAT,1870,56317,2254,13,0.011846
/Users/okamu/.cache/gomisat/corpus/sat-uf150-645/uf150-095.cnf,150,645,SAT,1595,49507,1908,10,0.009342
/Users/okamu/.cache/gomisat/corpus/sat-uf150-645/uf150-096.cnf,150,645,SAT,767,24567,955,6,0.004387
/Users/okamu/.cache/gomisat/corpus/sat-uf150-645/uf150-097.cnf,150,645,SAT,695,23490,907,6,0.003712
/Users/okamu/.cache/gomisat/corpus/sat-uf150-645/uf150-098.cnf,150,645,SAT,2254,70241,2719,14,0.015134
/Users/okamu/.cache/gomisat/corpus/sat-uf150-645/uf150-099.cnf,150,645,SAT,2135,68609,2590,14,0.014584
/Users/okamu/.cache/gomisat/corpus/sat-uf200-860/uf200-01.cnf,200,860,SAT,1944,73365,2478,13,0.014761
/Users/okamu/.cache/gomisat/corpus/sat-uf200-860/uf200-010.cnf,200,860,SAT,6777,258102,8260,31,0.066651
/Users/okamu/.cache/gomisat/corpus/sat-uf200-860/uf200-0100.cnf,200,860,SAT,14712,558445,17665,62,0.170961
/Users/okamu/.cache/gomisat/corpus/sat-uf200-860/uf200-011.cnf,200,860,SAT,2308,85464,2929,14,0.016916
/Users/okamu/.cache/gomisat/corpus/sat-uf200-860/uf200-012.cnf,200,860,SAT,761,29783,994,6,0.004610
/Users/okamu/.cache/gomisat/corpus/sat-uf200-860/uf200-013.cnf,200,860,SAT,2729,103300,3412,15,0.022407
/Users/okamu/.cache/gomisat/corpus/sat-uf200-860/uf200-014.cnf,200,860,SAT,7155,265879,8667,31,0.071857
/Users/okamu/.cache/gomisat/corpus/sat-uf200-860/uf200-015.cnf,200,860,SAT,6361,245357,7745,30,0.062433
/Users/okamu/.cache/gomisat/corpus/sat-uf200-860/uf200-016.cnf,200,860,SAT,8887,343110,10647,38,0.088828
/Users/okamu/.cache/gomisat/corpus/sat-uf200-860/uf200-017.cnf,200,860,SAT,12522,476809,15347,54,0.132943
/Users/okamu/.cache/gomisat/corpus/sat-uf200-860/uf200-018.cnf,200,860,SAT,5631,226124,6934,30,0.053003
/Users/okamu/.cache/gomisat/corpus/sat-uf200-860/uf200-019.cnf,200,860,SAT,27745,1033069,33125,98,0.391997
/Users/okamu/.cache/gomisat/corpus/sat-uf200-860/uf200-02.cnf,200,860,SAT,7238,269510,8908,31,0.070237
/Users/okamu/.cache/gomisat/corpus/sat-uf200-860/uf200-020.cnf,200,860,SAT,4281,162992,5150,22,0.039378
/Users/okamu/.cache/gomisat/corpus/sat-uf200-860/uf200-021.cnf,200,860,SAT,13031,495148,15902,58,0.154611
/Users/okamu/.cache/gomisat/corpus/sat-uf200-860/uf200-022.cnf,200,860,SAT,14906,558455,18010,62,0.177111
/Users/okamu/.cache/gomisat/corpus/sat-uf200-860/uf200-023.cnf,200,860,SAT,8283,328774,10025,34,0.083952
/Users/okamu/.cache/gomisat/corpus/sat-uf200-860/uf200-024.cnf,200,860,SAT,12347,474607,15068,53,0.135518
/Users/okamu/.cache/gomisat/corpus/sat-uf200-860/uf200-025.cnf,200,860,SAT,8317,318587,10120,34,0.083000
/Users/okamu/.cache/gomisat/corpus/sat-uf200-860/uf200-026.cnf,200,860,SAT,5119,202925,6283,28,0.048380
/Users/okamu/.cache/gomisat/corpus/sat-uf200-860/uf200-027.cnf,200,860,SAT,32884,1267558,39246,123,0.468476
/Users/okamu/.cache/gomisat/corpus/sat-uf200-860/uf200-028.cnf,200,860,SAT,7275,279674,9028,31,0.073215
/Users/okamu/.cache/gomisat/corpus/sat-uf200-860/uf200-029.cnf,200,860,SAT,16431,614788,19648,63,0.194749
/Users/okamu/.cache/gomisat/corpus/sat-uf200-860/uf200-03.cnf,200,860,SAT,718,28484,992,6,0.004752
/Users/okamu/.cache/gomisat/corpus/sat-uf200-860/uf200-030.cnf,200,860,SAT,1486,59181,1855,10,0.010329
/Users/okamu/.cache/gomisat/corpus/sat-uf200-860/uf200-031.cnf,200,860,SAT,622,24513,853,6,0.004162
/Users/okamu/.cache/gomisat/corpus/sat-uf200-860/uf200-032.cnf,200,860,SAT,1662,64594,2170,11,0.011378
/Users/okamu/.cache/gomisat/corpus/sat-uf200-860/uf200-033.cnf,200,860,SAT,21962,838249,26676,78,0.287356
/Users/okamu/.cache/gomisat/corpus/sat-uf200-860/uf200-034.cnf,200,860,SAT,524,20648,732,5,0.003001
/Users/okamu/.cache/gomisat/corpus/sat-uf200-860/uf200-035.cnf,200,860,SAT,11964,457367,14373,52,0.132213
/Users/okamu/.cache/gomisat/corpus/sat-uf200-860/uf200-036.cnf,200,860,SAT,10850,414063,12935,46,0.117285
/Users/okamu/.cache/gomisat/corpus/sat-uf200-860/uf200-037.cnf,200,860,SAT,770,28858,982,6,0.004534
/Users/okamu/.cache/gomisat/corpus/sat-uf200-860/uf200-038.cnf,200,860,SAT,9454,351868,11193,41,0.099251
/Users/okamu/.cache/gomisat/corpus/sat-uf200-860/uf200-039.cnf,200,860,SAT,22052,829815,26248,78,0.273133
/Users/okamu/.cache/gomisat/corpus/sat-uf200-860/uf200-04.cnf,200,860,SAT,17638,664712,21184,63,0.214822
/Users/okamu/.cache/gomisat/corpus/sat-uf200-860/uf200-040.cnf,200,860,SAT,19213,718140,22807,63,0.236841
/Users/okamu/.cache/gomisat/corpus/sat-uf200-860/uf200-041.cnf,200,860,SAT,8681,332538,10513,37,0.082936
/Users/okamu/.cache/gomisat/corpus/sat-uf200-860/uf200-042.cnf,200,860,SAT,15756,611078,19113,62,0.192757
/Users/okamu/.cache/gomisat/corpus/sat-uf200-860/uf200-043.cnf,200,860,SAT,10012,374037,12123,44,0.103573
/Users/okamu/.cache/gomisat/corpus/sat-uf200-860/uf200-044.cnf,200,860,SAT,3099,118619,3815,15,0.024546
/Users/okamu/.cache/gomisat/corpus/sat-uf200-860/uf200-045.cnf,200,860,SAT,2709,104379,3370,15,0.020713
/Users/okamu/.cache/gomisat/corpus/sat-uf200-860/uf200-046.cnf,200,860,SAT,4364,169317,5533,22,0.039649
/Users/okamu/.cache/gomisat/corpus/sat-uf200-860/uf200-047.cnf,200,860,SAT,13545,529908,16588,60,0.156812
/Users/okamu/.cache/gomisat/corpus/sat-uf200-860/uf200-048.cnf,200,860,SAT,6155,232811,7473,30,0.059194
/Users/okamu/.cache/gomisat/corpus/sat-uf200-860/uf200-049.cnf,200,860,SAT,14089,533381,17007,61,0.166010
/Users/okamu/.cache/gomisat/corpus/sat-uf200-860/uf200-05.cnf,200,860,SAT,20719,787401,24743,73,0.271751
/Users/okamu/.cache/gomisat/corpus/sat-uf200-860/uf200-050.cnf,200,860,SAT,3614,137615,4528,19,0.030071
/Users/okamu/.cache/gomisat/corpus/sat-uf200-860/uf200-051.cnf,200,860,SAT,185,7176,272,2,0.000979
/Users/okamu/.cache/gomisat/corpus/sat-uf200-860/uf200-052.cnf,200,860,SAT,22899,884980,27490,82,0.292013
/Users/okamu/.cache/gomisat/corpus/sat-uf200-860/uf200-053.cnf,200,860,SAT,854,33609,1132,7,0.005236
/Users/okamu/.cache/gomisat/corpus/sat-uf200-860/uf200-054.cnf,200,860,SAT,2376,94609,3012,14,0.018817
/Users/okamu/.cache/gomisat/corpus/sat-uf200-860/uf200-055.cnf,200,860,SAT,3044,114647,3819,15,0.023775
/Users/okamu/.cache/gomisat/corpus/sat-uf200-860/uf200-056.cnf,200,860,SAT,4366,171126,5494,22,0.039865
/Users/okamu/.cache/gomisat/corpus/sat-uf200-860/uf200-057.cnf,200,860,SAT,6060,230945,7444,30,0.057855
/Users/okamu/.cache/gomisat/corpus/sat-uf200-860/uf200-058.cnf,200,860,SAT,15650,592688,18869,62,0.178456
/Users/okamu/.cache/gomisat/corpus/sat-uf200-860/uf200-059.cnf,200,860,SAT,6750,258208,8180,31,0.062412
/Users/okamu/.cache/gomisat/corpus/sat-uf200-860/uf200-06.cnf,200,860,SAT,13987,542953,16843,61,0.162137
/Users/okamu/.cache/gomisat/corpus/sat-uf200-860/uf200-060.cnf,200,860,SAT,7255,263679,8910,31,0.072913
/Users/okamu/.cache/gomisat/corpus/sat-uf200-860/uf200-061.cnf,200,860,SAT,4388,172828,5364,22,0.040438
/Users/okamu/.cache/gomisat/corpus/sat-uf200-860/uf200-062.cnf,200,860,SAT,4846,179711,5940,26,0.048406
/Users/okamu/.cache/gomisat/corpus/sat-uf200-860/uf200-063.cnf,200,860,SAT,12623,477123,15423,55,0.142800
/Users/okamu/.cache/gomisat/corpus/sat-uf200-860/uf200-064.cnf,200,860,SAT,1013,38301,1327,7,0.006214
/Users/okamu/.cache/gomisat/corpus/sat-uf200-860/uf200-065.cnf,200,860,SAT,3696,136393,4579,19,0.032159
/Users/okamu/.cache/gomisat/corpus/sat-uf200-860/uf200-066.cnf,200,860,SAT,2604,100332,3218,15,0.023080
/Users/okamu/.cache/gomisat/corpus/sat-uf200-860/uf200-067.cnf,200,860,SAT,648,25148,834,6,0.003995
/Users/okamu/.cache/gomisat/corpus/sat-uf200-860/uf200-068.cnf,200,860,SAT,19004,716232,22836,63,0.243892
/Users/okamu/.cache/gomisat/corpus/sat-uf200-860/uf200-069.cnf,200,860,SAT,5923,228148,7350,30,0.056243
/Users/okamu/.cache/gomisat/corpus/sat-uf200-860/uf200-07.cnf,200,860,SAT,3108,118826,3878,15,0.023483
/Users/okamu/.cache/gomisat/corpus/sat-uf200-860/uf200-070.cnf,200,860,SAT,2959,116672,3719,15,0.023694
/Users/okamu/.cache/gomisat/corpus/sat-uf200-860/uf200-071.cnf,200,860,SAT,1175,46627,1532,7,0.007910
/Users/okamu/.cache/gomisat/corpus/sat-uf200-860/uf200-072.cnf,200,860,SAT,1702,64371,2209,11,0.011885
/Users/okamu/.cache/gomisat/corpus/sat-uf200-860/uf200-073.cnf,200,860,SAT,4560,173870,5678,24,0.041017
/Users/okamu/.cache/gomisat/corpus/sat-uf200-860/uf200-074.cnf,200,860,SAT,11203,431225,13632,46,0.117954
/Users/okamu/.cache/gomisat/corpus/sat-uf200-860/uf200-075.cnf,200,860,SAT,11221,441487,13665,46,0.121667
/Users/okamu/.cache/gomisat/corpus/sat-uf200-860/uf200-076.cnf,200,860,SAT,2781,106892,3513,15,0.021924
/Users/okamu/.cache/gomisat/corpus/sat-uf200-860/uf200-077.cnf,200,860,SAT,7076,281044,8678,31,0.071337
/Users/okamu/.cache/gomisat/corpus/sat-uf200-860/uf200-078.cnf,200,860,SAT,6228,238171,7726,30,0.059714
/Users/okamu/.cache/gomisat/corpus/sat-uf200-860/uf200-079.cnf,200,860,SAT,8219,308451,10080,33,0.090071
/Users/okamu/.cache/gomisat/corpus/sat-uf200-860/uf200-08.cnf,200,860,SAT,575,22058,796,5,0.003425
/Users/okamu/.cache/gomisat/corpus/sat-uf200-860/uf200-080.cnf,200,860,SAT,561,22550,783,5,0.003587
/Users/okamu/.cache/gomisat/corpus/sat-uf200-860/uf200-081.cnf,200,860,SAT,4490,172036,5593,23,0.041711
/Users/okamu/.cache/gomisat/corpus/sat-uf200-860/uf200-082.cnf,200,860,SAT,4260,164503,5257,22,0.038481
/Users/okamu/.cache/gomisat/corpus/sat-uf200-860/uf200-083.cnf,200,860,SAT,1632,65125,2085,11,0.011822
/Users/okamu/.cache/gomisat/corpus/sat-uf200-860/uf200-084.cnf,200,860,SAT,571,21587,808,5,0.003273
/Users/okamu/.cache/gomisat/corpus/sat-uf200-860/uf200-085.cnf,200,860,SAT,348,13535,485,3,0.001886
/Users/okamu/.cache/gomisat/corpus/sat-uf200-860/uf200-086.cnf,200,860,SAT,3746,144552,4644,20,0.030843
/Users/okamu/.cache/gomisat/corpus/sat-uf200-860/uf200-087.cnf,200,860,SAT,11557,441438,14018,49,0.131259
/Users/okamu/.cache/gomisat/corpus/sat-uf200-860/uf200-088.cnf,200,860,SAT,9684,368676,11666,42,0.103560
/Users/okamu/.cache/gomisat/corpus/sat-uf200-860/uf200-089.cnf,200,860,SAT,19295,747989,23307,64,0.232391
/Users/okamu/.cache/gomisat/corpus/sat-uf200-860/uf200-09.cnf,200,860,SAT,13869,528700,16645,61,0.165000
/Users/okamu/.cache/gomisat/corpus/sat-uf200-860/uf200-090.cnf,200,860,SAT,10581,395730,12702,46,0.107624
/Users/okamu/.cache/gomisat/corpus/sat-uf200-860/uf200-091.cnf,200,860,SAT,4803,178561,5961,25,0.044940
/Users/okamu/.cache/gomisat/corpus/sat-uf200-860/uf200-092.cnf,200,860,SAT,7435,290712,8838,31,0.073405
/Users/okamu/.cache/gomisat/corpus/sat-uf200-860/uf200-093.cnf,200,860,SAT,724,26925,957,6,0.004457
/Users/okamu/.cache/gomisat/corpus/sat-uf200-860/uf200-094.cnf,200,860,SAT,2979,117717,3628,15,0.023771
/Users/okamu/.cache/gomisat/corpus/sat-uf200-860/uf200-095.cnf,200,860,SAT,12649,485804,15525,55,0.146812
/Users/okamu/.cache/gomisat/corpus/sat-uf200-860/uf200-096.cnf,200,860,SAT,4224,170120,5198,22,0.038097
/Users/okamu/.cache/gomisat/corpus/sat-uf200-860/uf200-097.cnf,200,860,SAT,9344,354304,11282,40,0.093398
/Users/okamu/.cache/gomisat/corpus/sat-uf200-860/uf200-098.cnf,200,860,SAT,1509,56790,1917,10,0.012254
/Users/okamu/.cache/gomisat/corpus/sat-uf200-860/uf200-099.cnf,200,860,SAT,22761,859272,27062,81,0.280836
/Users/okamu/.cache/gomisat/corpus/sat-uf225-960/uf225-01.cnf,225,960,SAT,17955,780136,22051,63,0.238229
/Users/okamu/.cache/gomisat/corpus/sat-uf225-960/uf225-010.cnf,225,960,SAT,7998,334575,9918,31,0.086128
/Users/okamu/.cache/gomisat/corpus/sat-uf225-960/uf225-0100.cnf,225,960,SAT,6306,262676,7859,30,0.062177
/Users/okamu/.cache/gomisat/corpus/sat-uf225-960/uf225-011.cnf,225,960,SAT,13314,548945,16371,60,0.173305
/Users/okamu/.cache/gomisat/corpus/sat-uf225-960/uf225-012.cnf,225,960,SAT,53942,2191054,64453,165,0.971479
/Users/okamu/.cache/gomisat/corpus/sat-uf225-960/uf225-013.cnf,225,960,SAT,13458,559298,16389,60,0.170855
/Users/okamu/.cache/gomisat/corpus/sat-uf225-960/uf225-014.cnf,225,960,SAT,26869,1094165,32312,94,0.372373
/Users/okamu/.cache/gomisat/corpus/sat-uf225-960/uf225-015.cnf,225,960,SAT,12478,531319,15210,54,0.152237
/Users/okamu/.cache/gomisat/corpus/sat-uf225-960/uf225-016.cnf,225,960,SAT,12000,521734,14713,52,0.128960
/Users/okamu/.cache/gomisat/corpus/sat-uf225-960/uf225-017.cnf,225,960,SAT,76329,3083356,91042,243,1.570347
/Users/okamu/.cache/gomisat/corpus/sat-uf225-960/uf225-018.cnf,225,960,SAT,186,7749,318,2,0.001042
/Users/okamu/.cache/gomisat/corpus/sat-uf225-960/uf225-019.cnf,225,960,SAT,33668,1349623,40546,124,0.528065
/Users/okamu/.cache/gomisat/corpus/sat-uf225-960/uf225-02.cnf,225,960,SAT,10076,432936,12630,45,0.116762
/Users/okamu/.cache/gomisat/corpus/sat-uf225-960/uf225-020.cnf,225,960,SAT,59178,2451531,70680,188,1.069882
/Users/okamu/.cache/gomisat/corpus/sat-uf225-960/uf225-021.cnf,225,960,SAT,6514,285715,8147,31,0.067832
/Users/okamu/.cache/gomisat/corpus/sat-uf225-960/uf225-022.cnf,225,960,SAT,7673,316899,9558,31,0.079908
/Users/okamu/.cache/gomisat/corpus/sat-uf225-960/uf225-023.cnf,225,960,SAT,13467,542445,16487,60,0.168755
/Users/okamu/.cache/gomisat/corpus/sat-uf225-960/uf225-024.cnf,225,960,SAT,6678,280395,8253,31,0.069321
/Users/okamu/.cache/gomisat/corpus/sat-uf225-960/uf225-025.cnf,225,960,SAT,7508,311732,9216,31,0.074678
/Users/okamu/.cache/gomisat/corpus/sat-uf225-960/uf225-026.cnf,225,960,SAT,13770,556301,16958,61,0.166511
/Users/okamu/.cache/gomisat/corpus/sat-uf225-960/uf225-027.cnf,225,960,SAT,7805,320528,9644,31,0.090243
/Users/okamu/.cache/gomisat/corpus/sat-uf225-960/uf225-028.cnf,225,960,SAT,5071,213686,6517,28,0.048594
/Users/okamu/.cache/gomisat/corpus/sat-uf225-960/uf225-029.cnf,225,960,SAT,12974,540917,16102,58,0.164154
/Users/okamu/.cache/gomisat/corpus/sat-uf225-960/uf225-03.cnf,225,960,SAT,40550,1680615,48572,127,0.665316
/Users/okamu/.cache/gomisat/corpus/sat-uf225-960/uf225-030.cnf,225,960,SAT,431,19623,595,4,0.002690
/Users/okamu/.cache/gomisat/corpus/sat-uf225-960/uf225-031.cnf,225,960,SAT,2165,91430,2711,14,0.018573
/Users/okamu/.cache/gomisat/corpus/sat-uf225-960/uf225-032.cnf,225,960,SAT,16039,665222,19429,62,0.200325
/Users/okamu/.cache/gomisat/corpus/sat-uf225-960/uf225-033.cnf,225,960,SAT,22085,906632,26644,78,0.298179
/Users/okamu/.cache/gomisat/corpus/sat-uf225-960/uf225-034.cnf,225,960,SAT,41652,1716291,49609,127,0.627951
/Users/okamu/.cache/gomisat/corpus/sat-uf225-960/uf225-035.cnf,225,960,SAT,14008,571407,17162,61,0.172127
/Users/okamu/.cache/gomisat/corpus/sat-uf225-960/uf225-036.cnf,225,960,SAT,8483,356670,10425,35,0.090260
/Users/okamu/.cache/gomisat/corpus/sat-uf225-960/uf225-037.cnf,225,960,SAT,9371,389414,11460,40,0.102700
/Users/okamu/.cache/gomisat/corpus/sat-uf225-960/uf225-038.cnf,225,960,SAT,28507,1186097,34012,102,0.397594
/Users/okamu/.cache/gomisat/corpus/sat-uf225-960/uf225-039.cnf,225,960,SAT,26841,1100670,31943,94,0.380426
/Users/okamu/.cache/gomisat/corpus/sat-uf225-960/uf225-04.cnf,225,960,SAT,30233,1255410,36739,109,0.470769
/Users/okamu/.cache/gomisat/corpus/sat-uf225-960/uf225-040.cnf,225,960,SAT,3692,160706,4638,19,0.032237
/Users/okamu/.cache/gomisat/corpus/sat-uf225-960/uf225-041.cnf,225,960,SAT,7256,312497,8958,31,0.078725
/Users/okamu/.cache/gomisat/corpus/sat-uf225-960/uf225-042.cnf,225,960,SAT,24852,1035016,29990,92,0.349145
/Users/okamu/.cache/gomisat/corpus/sat-uf225-960/uf225-043.cnf,225,960,SAT,37041,1535894,44766,126,0.593787
/Users/okamu/.cache/gomisat/corpus/sat-uf225-960/uf225-044.cnf,225,960,SAT,4395,185762,5564,22,0.042868
/Users/okamu/.cache/gomisat/corpus/sat-uf225-960/uf225-045.cnf,225,960,SAT,12054,497472,14754,53,0.141395
/Users/okamu/.cache/gomisat/corpus/sat-uf225-960/uf225-046.cnf,225,960,SAT,50601,2085829,60783,157,0.867792
/Users/okamu/.cache/gomisat/corpus/sat-uf225-960/uf225-047.cnf,225,960,SAT,42014,1718842,50669,127,0.692259
/Users/okamu/.cache/gomisat/corpus/sat-uf225-960/uf225-048.cnf,225,960,SAT,16316,693732,20214,63,0.216258
/Users/okamu/.cache/gomisat/corpus/sat-uf225-960/uf225-049.cnf,225,960,SAT,24584,991915,29520,92,0.336724
/Users/okamu/.cache/gomisat/corpus/sat-uf225-960/uf225-05.cnf,225,960,SAT,5813,253248,7289,30,0.058128
/Users/okamu/.cache/gomisat/corpus/sat-uf225-960/uf225-050.cnf,225,960,SAT,10877,441487,13382,46,0.125930
/Users/okamu/.cache/gomisat/corpus/sat-uf225-960/uf225-051.cnf,225,960,SAT,1792,75377,2273,12,0.013359
/Users/okamu/.cache/gomisat/corpus/sat-uf225-960/uf225-052.cnf,225,960,SAT,6233,266067,7757,30,0.065843
/Users/okamu/.cache/gomisat/corpus/sat-uf225-960/uf225-053.cnf,225,960,SAT,15458,646902,19080,62,0.192711
/Users/okamu/.cache/gomisat/corpus/sat-uf225-960/uf225-054.cnf,225,960,SAT,24013,1016059,29000,88,0.330097
/Users/okamu/.cache/gomisat/corpus/sat-uf225-960/uf225-055.cnf,225,960,SAT,21530,885201,26120,77,0.285454
/Users/okamu/.cache/gomisat/corpus/sat-uf225-960/uf225-056.cnf,225,960,SAT,37831,1535516,45041,126,1.217393
/Users/okamu/.cache/gomisat/corpus/sat-uf225-960/uf225-057.cnf,225,960,SAT,18298,748978,22386,63,0.253653
/Users/okamu/.cache/gomisat/corpus/sat-uf225-960/uf225-058.cnf,225,960,SAT,22050,929633,26493,78,0.283361
/Users/okamu/.cache/gomisat/corpus/sat-uf225-960/uf225-059.cnf,225,960,SAT,37388,1518400,45210,126,0.619044
/Users/okamu/.cache/gomisat/corpus/sat-uf225-960/uf225-06.cnf,225,960,SAT,37358,1523900,45133,126,0.598106
/Users/okamu/.cache/gomisat/corpus/sat-uf225-960/uf225-060.cnf,225,960,SAT,11388,478169,14120,48,0.128971
/Users/okamu/.cache/gomisat/corpus/sat-uf225-960/uf225-061.cnf,225,960,SAT,12087,503031,15146,53,0.144534
/Users/okamu/.cache/gomisat/corpus/sat-uf225-960/uf225-062.cnf,225,960,SAT,13762,572800,16865,61,0.168115
/Users/okamu/.cache/gomisat/corpus/sat-uf225-960/uf225-063.cnf,225,960,SAT,4465,194437,5531,23,0.043354
/Users/okamu/.cache/gomisat/corpus/sat-uf225-960/uf225-064.cnf,225,960,SAT,1853,76631,2415,13,0.014415
/Users/okamu/.cache/gomisat/corpus/sat-uf225-960/uf225-065.cnf,225,960,SAT,66354,2646790,79109,204,1.335585
/Users/okamu/.cache/gomisat/corpus/sat-uf225-960/uf225-066.cnf,225,960,SAT,27186,1147014,32476,94,0.391740
/Users/okamu/.cache/gomisat/corpus/sat-uf225-960/uf225-067.cnf,225,960,SAT,3573,154346,4528,18,0.031350
/Users/okamu/.cache/gomisat/corpus/sat-uf225-960/uf225-068.cnf,225,960,SAT,29530,1226327,35909,108,0.437263
/Users/okamu/.cache/gomisat/corpus/sat-uf225-960/uf225-069.cnf,225,960,SAT,20265,824644,24498,70,0.259671
/Users/okamu/.cache/gomisat/corpus/sat-uf225-960/uf225-07.cnf,225,960,SAT,22423,903523,26988,78,0.311305
/Users/okamu/.cache/gomisat/corpus/sat-uf225-960/uf225-070.cnf,225,960,SAT,14108,582190,17354,61,0.176136
/Users/okamu/.cache/gomisat/corpus/sat-uf225-960/uf225-071.cnf,225,960,SAT,2859,123696,3667,15,0.024627
/Users/okamu/.cache/gomisat/corpus/sat-uf225-960/uf225-072.cnf,225,960,SAT,9011,372818,11116,38,0.103751
/Users/okamu/.cache/gomisat/corpus/sat-uf225-960/uf225-073.cnf,225,960,SAT,26676,1098642,32158,94,0.401637
/Users/okamu/.cache/gomisat/corpus/sat-uf225-960/uf225-074.cnf,225,960,SAT,24468,1008622,29661,92,0.346629
/Users/okamu/.cache/gomisat/corpus/sat-uf225-960/uf225-075.cnf,225,960,SAT,30061,1247571,36318,109,0.428685
/Users/okamu/.cache/gomisat/corpus/sat-uf225-960/uf225-076.cnf,225,960,SAT,91089,3654830,108635,255,1.918424
/Users/okamu/.cache/gomisat/corpus/sat-uf225-960/uf225-077.cnf,225,960,SAT,17388,733840,21046,63,0.213364
/Users/okamu/.cache/gomisat/corpus/sat-uf225-960/uf225-078.cnf,225,960,SAT,42431,1735109,51166,127,0.690829
/Users/okamu/.cache/gomisat/corpus/sat-uf225-960/uf225-079.cnf,225,960,SAT,10187,434715,12591,45,0.118951
/Users/okamu/.cache/gomisat/corpus/sat-uf225-960/uf225-08.cnf,225,960,SAT,37104,1501392,44299,126,0.635053
/Users/okamu/.cache/gomisat/corpus/sat-uf225-960/uf225-080.cnf,225,960,SAT,11272,484150,13872,47,0.148849
/Users/okamu/.cache/gomisat/corpus/sat-uf225-960/uf225-081.cnf,225,960,SAT,10766,458999,13038,46,0.130749
/Users/okamu/.cache/gomisat/corpus/sat-uf225-960/uf225-082.cnf,225,960,SAT,5279,227670,6689,29,0.072647
/Users/okamu/.cache/gomisat/corpus/sat-uf225-960/uf225-083.cnf,225,960,SAT,33130,1411458,39879,124,0.619896
/Users/okamu/.cache/gomisat/corpus/sat-uf225-960/uf225-084.cnf,225,960,SAT,2312,98861,2962,14,0.019238
/Users/okamu/.cache/gomisat/corpus/sat-uf225-960/uf225-085.cnf,225,960,SAT,9287,369894,11388,39,0.097621
/Users/okamu/.cache/gomisat/corpus/sat-uf225-960/uf225-086.cnf,225,960,SAT,6314,272119,7915,30,0.063168
/Users/okamu/.cache/gomisat/corpus/sat-uf225-960/uf225-087.cnf,225,960,SAT,2114,89073,2679,14,0.016550
/Users/okamu/.cache/gomisat/corpus/sat-uf225-960/uf225-088.cnf,225,960,SAT,4972,209016,6283,27,0.047510
/Users/okamu/.cache/gomisat/corpus/sat-uf225-960/uf225-089.cnf,225,960,SAT,8373,335051,10273,34,0.092966
/Users/okamu/.cache/gomisat/corpus/sat-uf225-960/uf225-09.cnf,225,960,SAT,57578,2353483,67673,183,1.029153
/Users/okamu/.cache/gomisat/corpus/sat-uf225-960/uf225-090.cnf,225,960,SAT,13577,564457,16446,60,0.166182
/Users/okamu/.cache/gomisat/corpus/sat-uf225-960/uf225-091.cnf,225,960,SAT,32038,1279749,38263,119,0.496662
/Users/okamu/.cache/gomisat/corpus/sat-uf225-960/uf225-092.cnf,225,960,SAT,13906,587127,16786,61,0.169020
/Users/okamu/.cache/gomisat/corpus/sat-uf225-960/uf225-093.cnf,225,960,SAT,19017,771305,22897,63,0.257576
/Users/okamu/.cache/gomisat/corpus/sat-uf225-960/uf225-094.cnf,225,960,SAT,15807,660492,19226,62,0.194577
/Users/okamu/.cache/gomisat/corpus/sat-uf225-960/uf225-095.cnf,225,960,SAT,18242,750417,22157,63,0.235867
/Users/okamu/.cache/gomisat/corpus/sat-uf225-960/uf225-096.cnf,225,960,SAT,64423,2627529,76347,193,1.216258
/Users/okamu/.cache/gomisat/corpus/sat-uf225-960/uf225-097.cnf,225,960,SAT,21983,875518,26289,78,0.300766
/Users/okamu/.cache/gomisat/corpus/sat-uf225-960/uf225-098.cnf,225,960,SAT,1686,70988,2220,11,0.012777
/Users/okamu/.cache/gomisat/corpus/sat-uf225-960/uf225-099.cnf,225,960,SAT,359,15336,503,3,0.002191
/Users/okamu/.cache/gomisat/corpus/sat-uf250-1065/uf250-01.cnf,250,1065,SAT,13839,637900,17492,61,0.180214
/Users/okamu/.cache/gomisat/corpus/sat-uf250-1065/uf250-010.cnf,250,1065,SAT,41602,1864373,50278,127,0.710195
/Users/okamu/.cache/gomisat/corpus/sat-uf250-1065/uf250-0100.cnf,250,1065,SAT,50245,2248888,60635,156,0.930649
/Users/okamu/.cache/gomisat/corpus/sat-uf250-1065/uf250-011.cnf,250,1065,SAT,148744,6458314,177809,390,4.103751
/Users/okamu/.cache/gomisat/corpus/sat-uf250-1065/uf250-012.cnf,250,1065,SAT,34829,1502172,42250,125,0.546075
/Users/okamu/.cache/gomisat/corpus/sat-uf250-1065/uf250-013.cnf,250,1065,SAT,21792,976657,26654,78,0.309110
/Users/okamu/.cache/gomisat/corpus/sat-uf250-1065/uf250-014.cnf,250,1065,SAT,60215,2642600,72548,189,1.169029
/Users/okamu/.cache/gomisat/corpus/sat-uf250-1065/uf250-015.cnf,250,1065,SAT,5165,235205,6683,28,0.050603
/Users/okamu/.cache/gomisat/corpus/sat-uf250-1065/uf250-016.cnf,250,1065,SAT,2621,116094,3465,15,0.022112
/Users/okamu/.cache/gomisat/corpus/sat-uf250-1065/uf250-017.cnf,250,1065,SAT,82369,3501411,97977,253,1.716750
/Users/okamu/.cache/gomisat/corpus/sat-uf250-1065/uf250-018.cnf,250,1065,SAT,38135,1713015,45909,126,0.639587
/Users/okamu/.cache/gomisat/corpus/sat-uf250-1065/uf250-019.cnf,250,1065,SAT,63798,2837438,77255,190,1.247275
/Users/okamu/.cache/gomisat/corpus/sat-uf250-1065/uf250-02.cnf,250,1065,SAT,161928,6834901,191177,443,4.358845
/Users/okamu/.cache/gomisat/corpus/sat-uf250-1065/uf250-020.cnf,250,1065,SAT,61144,2635369,73215,190,1.185892
/Users/okamu/.cache/gomisat/corpus/sat-uf250-1065/uf250-021.cnf,250,1065,SAT,394,18737,611,3,0.002522
/Users/okamu/.cache/gomisat/corpus/sat-uf250-1065/uf250-022.cnf,250,1065,SAT,51254,2219320,61958,157,0.921134
/Users/okamu/.cache/gomisat/corpus/sat-uf250-1065/uf250-023.cnf,250,1065,SAT,42044,1893305,50694,127,0.698992
/Users/okamu/.cache/gomisat/corpus/sat-uf250-1065/uf250-024.cnf,250,1065,SAT,5360,239784,6803,29,0.053094
/Users/okamu/.cache/gomisat/corpus/sat-uf250-1065/uf250-025.cnf,250,1065,SAT,7707,343233,9658,31,0.083284
/Users/okamu/.cache/gomisat/corpus/sat-uf250-1065/uf250-026.cnf,250,1065,SAT,101411,4305601,120315,255,2.258448
/Users/okamu/.cache/gomisat/corpus/sat-uf250-1065/uf250-027.cnf,250,1065,SAT,102283,4396493,120990,255,2.421331
/Users/okamu/.cache/gomisat/corpus/sat-uf250-1065/uf250-028.cnf,250,1065,SAT,83747,3733743,100206,254,1.748382
/Users/okamu/.cache/gomisat/corpus/sat-uf250-1065/uf250-029.cnf,250,1065,SAT,169281,7148206,201099,460,5.086513
/Users/okamu/.cache/gomisat/corpus/sat-uf250-1065/uf250-03.cnf,250,1065,SAT,64992,2824723,77988,197,1.261576
/Users/okamu/.cache/gomisat/corpus/sat-uf250-1065/uf250-030.cnf,250,1065,SAT,73703,3205224,88839,231,1.629432
/Users/okamu/.cache/gomisat/corpus/sat-uf250-1065/uf250-031.cnf,250,1065,SAT,200487,8566124,236770,510,6.643717
/Users/okamu/.cache/gomisat/corpus/sat-uf250-1065/uf250-032.cnf,250,1065,SAT,130109,5554107,155549,352,3.488326
/Users/okamu/.cache/gomisat/corpus/sat-uf250-1065/uf250-033.cnf,250,1065,SAT,2833,136048,3784,15,0.025179
/Users/okamu/.cache/gomisat/corpus/sat-uf250-1065/uf250-034.cnf,250,1065,SAT,111052,4766526,132318,290,2.572043
/Users/okamu/.cache/gomisat/corpus/sat-uf250-1065/uf250-035.cnf,250,1065,SAT,5429,252911,6863,29,0.054678
/Users/okamu/.cache/gomisat/corpus/sat-uf250-1065/uf250-036.cnf,250,1065,SAT,170559,7120708,200823,465,4.906474
/Users/okamu/.cache/gomisat/corpus/sat-uf250-1065/uf250-037.cnf,250,1065,SAT,7059,326579,8966,31,0.078772
/Users/okamu/.cache/gomisat/corpus/sat-uf250-1065/uf250-038.cnf,250,1065,SAT,56846,2478548,69021,179,1.128729
/Users/okamu/.cache/gomisat/corpus/sat-uf250-1065/uf250-039.cnf,250,1065,SAT,41030,1813003,49607,127,0.748412
/Users/okamu/.cache/gomisat/corpus/sat-uf250-1065/uf250-04.cnf,250,1065,SAT,7496,346633,9506,31,0.083382
/Users/okamu/.cache/gomisat/corpus/sat-uf250-1065/uf250-040.cnf,250,1065,SAT,10769,476401,13166,46,0.123925
/Users/okamu/.cache/gomisat/corpus/sat-uf250-1065/uf250-041.cnf,250,1065,SAT,29479,1289486,35565,108,0.468306
/Users/okamu/.cache/gomisat/corpus/sat-uf250-1065/uf250-042.cnf,250,1065,SAT,89573,3809745,107345,254,2.082379
/Users/okamu/.cache/gomisat/corpus/sat-uf250-1065/uf250-043.cnf,250,1065,SAT,88141,3807761,104418,254,1.905588
/Users/okamu/.cache/gomisat/corpus/sat-uf250-1065/uf250-044.cnf,250,1065,SAT,8092,375743,10197,32,0.088114
/Users/okamu/.cache/gomisat/corpus/sat-uf250-1065/uf250-045.cnf,250,1065,SAT,44188,1913721,53057,127,0.740089
/Users/okamu/.cache/gomisat/corpus/sat-uf250-1065/uf250-046.cnf,250,1065,SAT,39758,1791465,48027,127,0.651059
/Users/okamu/.cache/gomisat/corpus/sat-uf250-1065/uf250-047.cnf,250,1065,SAT,12452,562823,15738,54,0.149247
/Users/okamu/.cache/gomisat/corpus/sat-uf250-1065/uf250-048.cnf,250,1065,SAT,94033,4118223,111381,255,2.037703
/Users/okamu/.cache/gomisat/corpus/sat-uf250-1065/uf250-049.cnf,250,1065,SAT,16161,708681,20072,63,0.219111
/Users/okamu/.cache/gomisat/corpus/sat-uf250-1065/uf250-05.cnf,250,1065,SAT,86654,3796136,103075,254,1.835397
/Users/okamu/.cache/gomisat/corpus/sat-uf250-1065/uf250-050.cnf,250,1065,SAT,36945,1638978,44427,126,0.621732
/Users/okamu/.cache/gomisat/corpus/sat-uf250-1065/uf250-051.cnf,250,1065,SAT,24223,1057375,29544,90,0.349328
/Users/okamu/.cache/gomisat/corpus/sat-uf250-1065/uf250-052.cnf,250,1065,SAT,65654,2786326,78284,200,1.267917
/Users/okamu/.cache/gomisat/corpus/sat-uf250-1065/uf250-053.cnf,250,1065,SAT,88798,3830139,105510,254,2.056044
/Users/okamu/.cache/gomisat/corpus/sat-uf250-1065/uf250-054.cnf,250,1065,SAT,97497,4259190,114810,255,2.174702
/Users/okamu/.cache/gomisat/corpus/sat-uf250-1065/uf250-055.cnf,250,1065,SAT,36915,1658659,44810,126,0.617080
/Users/okamu/.cache/gomisat/corpus/sat-uf250-1065/uf250-056.cnf,250,1065,SAT,150104,6577640,179739,397,4.035264
/Users/okamu/.cache/gomisat/corpus/sat-uf250-1065/uf250-057.cnf,250,1065,SAT,137810,5998486,162728,380,3.611227
/Users/okamu/.cache/gomisat/corpus/sat-uf250-1065/uf250-058.cnf,250,1065,SAT,36904,1666977,45219,126,0.599877
/Users/okamu/.cache/gomisat/corpus/sat-uf250-1065/uf250-059.cnf,250,1065,SAT,77635,3284054,93088,250,1.632889
/Users/okamu/.cache/gomisat/corpus/sat-uf250-1065/uf250-06.cnf,250,1065,SAT,42190,1900888,51177,127,0.756186
/Users/okamu/.cache/gomisat/corpus/sat-uf250-1065/uf250-060.cnf,250,1065,SAT,88860,3803270,106050,254,2.022513
/Users/okamu/.cache/gomisat/corpus/sat-uf250-1065/uf250-061.cnf,250,1065,SAT,50117,2196994,60220,155,0.833567
/Users/okamu/.cache/gomisat/corpus/sat-uf250-1065/uf250-062.cnf,250,1065,SAT,48226,2107472,58111,144,0.882745
/Users/okamu/.cache/gomisat/corpus/sat-uf250-1065/uf250-063.cnf,250,1065,SAT,50821,2188294,61558,157,0.958393
/Users/okamu/.cache/gomisat/corpus/sat-uf250-1065/uf250-064.cnf,250,1065,SAT,10015,445613,12400,44,0.115594
/Users/okamu/.cache/gomisat/corpus/sat-uf250-1065/uf250-065.cnf,250,1065,SAT,85375,3768541,102018,254,1.882022
/Users/okamu/.cache/gomisat/corpus/sat-uf250-1065/uf250-066.cnf,250,1065,SAT,75464,3337009,90675,237,1.627604
/Users/okamu/.cache/gomisat/corpus/sat-uf250-1065/uf250-067.cnf,250,1065,SAT,76096,3298455,90541,242,1.454998
/Users/okamu/.cache/gomisat/corpus/sat-uf250-1065/uf250-068.cnf,250,1065,SAT,3756,171023,4820,20,0.035053
/Users/okamu/.cache/gomisat/corpus/sat-uf250-1065/uf250-069.cnf,250,1065,SAT,15580,706727,19242,62,0.207695
/Users/okamu/.cache/gomisat/corpus/sat-uf250-1065/uf250-07.cnf,250,1065,SAT,188711,8064843,222248,509,5.658756
/Users/okamu/.cache/gomisat/corpus/sat-uf250-1065/uf250-070.cnf,250,1065,SAT,59920,2548414,71859,189,1.203553
/Users/okamu/.cache/gomisat/corpus/sat-uf250-1065/uf250-071.cnf,250,1065,SAT,136851,5947113,161525,380,3.382254
/Users/okamu/.cache/gomisat/corpus/sat-uf250-1065/uf250-072.cnf,250,1065,SAT,74359,3220440,88923,235,1.489429
/Users/okamu/.cache/gomisat/corpus/sat-uf250-1065/uf250-073.cnf,250,1065,SAT,53592,2333548,65406,164,1.042598
/Users/okamu/.cache/gomisat/corpus/sat-uf250-1065/uf250-074.cnf,250,1065,SAT,13793,613571,17201,61,0.180801
/Users/okamu/.cache/gomisat/corpus/sat-uf250-1065/uf250-075.cnf,250,1065,SAT,36275,1600678,44119,126,0.583375
/Users/okamu/.cache/gomisat/corpus/sat-uf250-1065/uf250-076.cnf,250,1065,SAT,104106,4539814,124255,265,2.283616
/Users/okamu/.cache/gomisat/corpus/sat-uf250-1065/uf250-077.cnf,250,1065,SAT,85135,3675256,102001,254,1.895005
/Users/okamu/.cache/gomisat/corpus/sat-uf250-1065/uf250-078.cnf,250,1065,SAT,59828,2595757,72398,189,1.207317
/Users/okamu/.cache/gomisat/corpus/sat-uf250-1065/uf250-079.cnf,250,1065,SAT,97790,4244511,116582,255,2.421047
/Users/okamu/.cache/gomisat/corpus/sat-uf250-1065/uf250-08.cnf,250,1065,SAT,3399,153818,4328,17,0.031057
/Users/okamu/.cache/gomisat/corpus/sat-uf250-1065/uf250-080.cnf,250,1065,SAT,78260,3484618,94213,251,1.616222
/Users/okamu/.cache/gomisat/corpus/sat-uf250-1065/uf250-081.cnf,250,1065,SAT,46494,2066054,56394,137,0.834917
/Users/okamu/.cache/gomisat/corpus/sat-uf250-1065/uf250-082.cnf,250,1065,SAT,38972,1737749,47311,127,0.684793
/Users/okamu/.cache/gomisat/corpus/sat-uf250-1065/uf250-083.cnf,250,1065,SAT,104,4956,209,2,0.001364
/Users/okamu/.cache/gomisat/corpus/sat-uf250-1065/uf250-084.cnf,250,1065,SAT,11515,523767,14543,49,0.170041
/Users/okamu/.cache/gomisat/corpus/sat-uf250-1065/uf250-085.cnf,250,1065,SAT,4589,214595,5923,24,0.056752
/Users/okamu/.cache/gomisat/corpus/sat-uf250-1065/uf250-086.cnf,250,1065,SAT,83791,3611833,100520,254,1.962916
/Users/okamu/.cache/gomisat/corpus/sat-uf250-1065/uf250-087.cnf,250,1065,SAT,151454,6439285,180612,403,4.196292
/Users/okamu/.cache/gomisat/corpus/sat-uf250-1065/uf250-088.cnf,250,1065,SAT,100510,4403920,120070,255,2.526082
/Users/okamu/.cache/gomisat/corpus/sat-uf250-1065/uf250-089.cnf,250,1065,SAT,93576,4153782,111524,255,2.127753
/Users/okamu/.cache/gomisat/corpus/sat-uf250-1065/uf250-09.cnf,250,1065,SAT,2013,92168,2611,14,0.017295
/Users/okamu/.cache/gomisat/corpus/sat-uf250-1065/uf250-090.cnf,250,1065,SAT,25891,1148033,31361,94,0.451814
/Users/okamu/.cache/gomisat/corpus/sat-uf250-1065/uf250-091.cnf,250,1065,SAT,10220,471651,12727,45,0.125766
/Users/okamu/.cache/gomisat/corpus/sat-uf250-1065/uf250-092.cnf,250,1065,SAT,19287,821621,23695,64,0.271655
/Users/okamu/.cache/gomisat/corpus/sat-uf250-1065/uf250-093.cnf,250,1065,SAT,90731,3988353,107609,255,2.030615
/Users/okamu/.cache/gomisat/corpus/sat-uf250-1065/uf250-094.cnf,250,1065,SAT,38286,1678817,46729,126,0.656887
/Users/okamu/.cache/gomisat/corpus/sat-uf250-1065/uf250-095.cnf,250,1065,SAT,8259,375109,10427,34,0.093029
/Users/okamu/.cache/gomisat/corpus/sat-uf250-1065/uf250-096.cnf,250,1065,SAT,84216,3587640,101486,254,1.982988
/Users/okamu/.cache/gomisat/corpus/sat-uf250-1065/uf250-097.cnf,250,1065,SAT,52852,2279166,63289,158,0.930954
/Users/okamu/.cache/gomisat/corpus/sat-uf250-1065/uf250-098.cnf,250,1065,SAT,4165,187762,5300,22,0.039930
/Users/okamu/.cache/gomisat/corpus/sat-uf250-1065/uf250-099.cnf,250,1065,SAT,125845,5479646,149620,339,3.071547
/Users/okamu/.cache/gomisat/corpus/unsat-bf/bf0432-007.cnf,1040,3668,UNSAT,325,54685,897,3,0.004199
/Users/okamu/.cache/gomisat/corpus/unsat-bf/bf1355-075.cnf,2180,6778,UNSAT,21,3839,222,1,0.000398
/Users/okamu/.cache/gomisat/corpus/unsat-bf/bf1355-638.cnf,2177,6768,UNSAT,44,8349,449,1,0.000670
/Users/okamu/.cache/gomisat/corpus/unsat-bf/bf2670-001.cnf,1393,3434,UNSAT,25,4150,339,1,0.000323
/Users/okamu/.cache/gomisat/corpus/unsat-pigeon-hole/hole10.cnf,110,561,UNKNOWN,179421,2550121,222744,501,10.002246
/Users/okamu/.cache/gomisat/corpus/unsat-pigeon-hole/hole6.cnf,42,133,UNSAT,788,10414,926,6,0.003480
/Users/okamu/.cache/gomisat/corpus/unsat-pigeon-hole/hole7.cnf,56,204,UNSAT,4423,60461,5392,23,0.046375
/Users/okamu/.cache/gomisat/corpus/unsat-pigeon-hole/hole8.cnf,72,297,UNSAT,20481,264260,24548,71,0.417373
/Users/okamu/.cache/gomisat/corpus/unsat-pigeon-hole/hole9.cnf,90,415,UNSAT,130423,1733580,155764,354,5.465176
/Users/okamu/.cache/gomisat/corpus/unsat-pret/pret150_25.cnf,150,400,UNSAT,487,7854,1990,4,0.001322
/Users/okamu/.cache/gomisat/corpus/unsat-pret/pret150_40.cnf,150,400,UNSAT,487,7854,1990,4,0.001337
/Users/okamu/.cache/gomisat/corpus/unsat-pret/pret150_60.cnf,150,400,UNSAT,487,7854,1990,4,0.001360
/Users/okamu/.cache/gomisat/corpus/unsat-pret/pret150_75.cnf,150,400,UNSAT,487,7854,1990,4,0.001308
/Users/okamu/.cache/gomisat/corpus/unsat-pret/pret60_25.cnf,60,160,UNSAT,430,5307,614,4,0.000966
/Users/okamu/.cache/gomisat/corpus/unsat-pret/pret60_40.cnf,60,160,UNSAT,430,5307,614,4,0.000951
/Users/okamu/.cache/gomisat/corpus/unsat-pret/pret60_60.cnf,60,160,UNSAT,430,5307,614,4,0.000949
/Users/okamu/.cache/gomisat/corpus/unsat-pret/pret60_75.cnf,60,160,UNSAT,430,5307,614,4,0.000942
/Users/okamu/.cache/gomisat/corpus/unsat-uuf150-645/uuf150-01.cnf,150,645,UNSAT,2500,76084,3004,15,0.016125
/Users/okamu/.cache/gomisat/corpus/unsat-uuf150-645/uuf150-010.cnf,150,645,UNSAT,1877,58102,2221,13,0.011573
/Users/okamu/.cache/gomisat/corpus/unsat-uuf150-645/uuf150-0100.cnf,150,645,UNSAT,3841,123254,4526,21,0.028518
/Users/okamu/.cache/gomisat/corpus/unsat-uuf150-645/uuf150-011.cnf,150,645,UNSAT,2092,64805,2469,14,0.012723
/Users/okamu/.cache/gomisat/corpus/unsat-uuf150-645/uuf150-012.cnf,150,645,UNSAT,2760,85544,3280,15,0.017662
/Users/okamu/.cache/gomisat/corpus/unsat-uuf150-645/uuf150-013.cnf,150,645,UNSAT,2067,61323,2481,14,0.012198
/Users/okamu/.cache/gomisat/corpus/unsat-uuf150-645/uuf150-014.cnf,150,645,UNSAT,3340,106673,4019,17,0.023906
/Users/okamu/.cache/gomisat/corpus/unsat-uuf150-645/uuf150-015.cnf,150,645,UNSAT,4747,144034,5667,25,0.037992
/Users/okamu/.cache/gomisat/corpus/unsat-uuf150-645/uuf150-016.cnf,150,645,UNSAT,1809,55381,2211,12,0.010843
/Users/okamu/.cache/gomisat/corpus/unsat-uuf150-645/uuf150-017.cnf,150,645,UNSAT,3820,117231,4573,21,0.029460
/Users/okamu/.cache/gomisat/corpus/unsat-uuf150-645/uuf150-018.cnf,150,645,UNSAT,3080,96373,3698,15,0.020442
/Users/okamu/.cache/gomisat/corpus/unsat-uuf150-645/uuf150-019.cnf,150,645,UNSAT,1163,34245,1419,7,0.006259
/Users/okamu/.cache/gomisat/corpus/unsat-uuf150-645/uuf150-02.cnf,150,645,UNSAT,3841,116919,4581,21,0.025984
/Users/okamu/.cache/gomisat/corpus/unsat-uuf150-645/uuf150-020.cnf,150,645,UNSAT,2998,91678,3605,15,0.020386
/Users/okamu/.cache/gomisat/corpus/unsat-uuf150-645/uuf150-021.cnf,150,645,UNSAT,2842,90201,3422,15,0.019363
/Users/okamu/.cache/gomisat/corpus/unsat-uuf150-645/uuf150-022.cnf,150,645,UNSAT,1916,59815,2308,13,0.010712
/Users/okamu/.cache/gomisat/corpus/unsat-uuf150-645/uuf150-023.cnf,150,645,UNSAT,2842,87076,3364,15,0.019896
/Users/okamu/.cache/gomisat/corpus/unsat-uuf150-645/uuf150-024.cnf,150,645,UNSAT,2106,65634,2537,14,0.013331
/Users/okamu/.cache/gomisat/corpus/unsat-uuf150-645/uuf150-025.cnf,150,645,UNSAT,3647,111904,4377,19,0.026296
/Users/okamu/.cache/gomisat/corpus/unsat-uuf150-645/uuf150-026.cnf,150,645,UNSAT,2774,87592,3337,15,0.019461
/Users/okamu/.cache/gomisat/corpus/unsat-uuf150-645/uuf150-027.cnf,150,645,UNSAT,2120,64521,2507,14,0.013457
/Users/okamu/.cache/gomisat/corpus/unsat-uuf150-645/uuf150-028.cnf,150,645,UNSAT,3018,95389,3627,15,0.020773
/Users/okamu/.cache/gomisat/corpus/unsat-uuf150-645/uuf150-029.cnf,150,645,UNSAT,1908,59933,2333,13,0.012474
/Users/okamu/.cache/gomisat/corpus/unsat-uuf150-645/uuf150-03.cnf,150,645,UNSAT,2817,87811,3412,15,0.017428
/Users/okamu/.cache/gomisat/corpus/unsat-uuf150-645/uuf150-030.cnf,150,645,UNSAT,2723,87985,3248,15,0.018785
/Users/okamu/.cache/gomisat/corpus/unsat-uuf150-645/uuf150-031.cnf,150,645,UNSAT,1291,40758,1562,8,0.007346
/Users/okamu/.cache/gomisat/corpus/unsat-uuf150-645/uuf150-032.cnf,150,645,UNSAT,2733,86759,3264,15,0.019455
/Users/okamu/.cache/gomisat/corpus/unsat-uuf150-645/uuf150-033.cnf,150,645,UNSAT,1980,61291,2371,13,0.012254
/Users/okamu/.cache/gomisat/corpus/unsat-uuf150-645/uuf150-034.cnf,150,645,UNSAT,1182,35986,1442,7,0.007052
/Users/okamu/.cache/gomisat/corpus/unsat-uuf150-645/uuf150-035.cnf,150,645,UNSAT,2608,81068,3128,15,0.017064
/Users/okamu/.cache/gomisat/corpus/unsat-uuf150-645/uuf150-036.cnf,150,645,UNSAT,2530,75684,3041,15,0.017838
/Users/okamu/.cache/gomisat/corpus/unsat-uuf150-645/uuf150-037.cnf,150,645,UNSAT,2379,73106,2907,14,0.015953
/Users/okamu/.cache/gomisat/corpus/unsat-uuf150-645/uuf150-038.cnf,150,645,UNSAT,3999,126796,4740,21,0.027421
/Users/okamu/.cache/gomisat/corpus/unsat-uuf150-645/uuf150-039.cnf,150,645,UNSAT,2210,65773,2615,14,0.014300
/Users/okamu/.cache/gomisat/corpus/unsat-uuf150-645/uuf150-04.cnf,150,645,UNSAT,2750,80912,3305,15,0.018676
/Users/okamu/.cache/gomisat/corpus/unsat-uuf150-645/uuf150-040.cnf,150,645,UNSAT,3949,126211,4743,21,0.026352
/Users/okamu/.cache/gomisat/corpus/unsat-uuf150-645/uuf150-041.cnf,150,645,UNSAT,2667,79328,3191,15,0.018052
/Users/okamu/.cache/gomisat/corpus/unsat-uuf150-645/uuf150-042.cnf,150,645,UNSAT,2272,70187,2703,14,0.013452
/Users/okamu/.cache/gomisat/corpus/unsat-uuf150-645/uuf150-043.cnf,150,645,UNSAT,1652,51520,1976,11,0.009647
/Users/okamu/.cache/gomisat/corpus/unsat-uuf150-645/uuf150-044.cnf,150,645,UNSAT,3203,99719,3851,15,0.022402
/Users/okamu/.cache/gomisat/corpus/unsat-uuf150-645/uuf150-045.cnf,150,645,UNSAT,2900,87697,3448,15,0.019482
/Users/okamu/.cache/gomisat/corpus/unsat-uuf150-645/uuf150-046.cnf,150,645,UNSAT,2881,90860,3497,15,0.019922
/Users/okamu/.cache/gomisat/corpus/unsat-uuf150-645/uuf150-047.cnf,150,645,UNSAT,1844,59388,2182,13,0.011437
/Users/okamu/.cache/gomisat/corpus/unsat-uuf150-645/uuf150-048.cnf,150,645,UNSAT,3633,110742,4314,19,0.026558
/Users/okamu/.cache/gomisat/corpus/unsat-uuf150-645/uuf150-049.cnf,150,645,UNSAT,1457,44311,1695,10,0.008514
/Users/okamu/.cache/gomisat/corpus/unsat-uuf150-645/uuf150-05.cnf,150,645,UNSAT,2226,70247,2666,14,0.014488
/Users/okamu/.cache/gomisat/corpus/unsat-uuf150-645/uuf150-050.cnf,150,645,UNSAT,2898,91230,3446,15,0.021197
/Users/okamu/.cache/gomisat/corpus/unsat-uuf150-645/uuf150-051.cnf,150,645,UNSAT,2446,76749,2993,15,0.015579
/Users/okamu/.cache/gomisat/corpus/unsat-uuf150-645/uuf150-052.cnf,150,645,UNSAT,1650,51484,1976,11,0.010933
/Users/okamu/.cache/gomisat/corpus/unsat-uuf150-645/uuf150-053.cnf,150,645,UNSAT,1405,44676,1680,9,0.007838
/Users/okamu/.cache/gomisat/corpus/unsat-uuf150-645/uuf150-054.cnf,150,645,UNSAT,1944,59042,2292,13,0.011665
/Users/okamu/.cache/gomisat/corpus/unsat-uuf150-645/uuf150-055.cnf,150,645,UNSAT,6398,203784,7633,30,0.054225
/Users/okamu/.cache/gomisat/corpus/unsat-uuf150-645/uuf150-056.cnf,150,645,UNSAT,1477,44961,1778,10,0.008360
/Users/okamu/.cache/gomisat/corpus/unsat-uuf150-645/uuf150-057.cnf,150,645,UNSAT,3000,92976,3568,15,0.020450
/Users/okamu/.cache/gomisat/corpus/unsat-uuf150-645/uuf150-058.cnf,150,645,UNSAT,1822,55076,2225,13,0.011342
/Users/okamu/.cache/gomisat/corpus/unsat-uuf150-645/uuf150-059.cnf,150,645,UNSAT,1455,43911,1750,10,0.007660
/Users/okamu/.cache/gomisat/corpus/unsat-uuf150-645/uuf150-06.cnf,150,645,UNSAT,1858,57565,2219,13,0.011605
/Users/okamu/.cache/gomisat/corpus/unsat-uuf150-645/uuf150-060.cnf,150,645,UNSAT,2674,82607,3240,15,0.018312
/Users/okamu/.cache/gomisat/corpus/unsat-uuf150-645/uuf150-061.cnf,150,645,UNSAT,2444,75629,2895,15,0.015838
/Users/okamu/.cache/gomisat/corpus/unsat-uuf150-645/uuf150-062.cnf,150,645,UNSAT,1844,55031,2211,13,0.010946
/Users/okamu/.cache/gomisat/corpus/unsat-uuf150-645/uuf150-063.cnf,150,645,UNSAT,3471,109176,4178,18,0.024920
/Users/okamu/.cache/gomisat/corpus/unsat-uuf150-645/uuf150-064.cnf,150,645,UNSAT,2756,84209,3307,15,0.017882
/Users/okamu/.cache/gomisat/corpus/unsat-uuf150-645/uuf150-065.cnf,150,645,UNSAT,3248,98918,3959,16,0.022115
/Users/okamu/.cache/gomisat/corpus/unsat-uuf150-645/uuf150-066.cnf,150,645,UNSAT,2311,73503,2737,14,0.015251
/Users/okamu/.cache/gomisat/corpus/unsat-uuf150-645/uuf150-067.cnf,150,645,UNSAT,2101,61957,2508,14,0.012844
/Users/okamu/.cache/gomisat/corpus/unsat-uuf150-645/uuf150-068.cnf,150,645,UNSAT,2271,70023,2748,14,0.014242
/Users/okamu/.cache/gomisat/corpus/unsat-uuf150-645/uuf150-069.cnf,150,645,UNSAT,2388,74237,2786,14,0.015950
/Users/okamu/.cache/gomisat/corpus/unsat-uuf150-645/uuf150-07.cnf,150,645,UNSAT,2707,83818,3297,15,0.018355
/Users/okamu/.cache/gomisat/corpus/unsat-uuf150-645/uuf150-070.cnf,150,645,UNSAT,2423,78426,2910,15,0.016958
/Users/okamu/.cache/gomisat/corpus/unsat-uuf150-645/uuf150-071.cnf,150,645,UNSAT,2667,85967,3190,15,0.016254
/Users/okamu/.cache/gomisat/corpus/unsat-uuf150-645/uuf150-072.cnf,150,645,UNSAT,4461,139480,5351,23,0.034642
/Users/okamu/.cache/gomisat/corpus/unsat-uuf150-645/uuf150-073.cnf,150,645,UNSAT,2164,68661,2586,14,0.014690
/Users/okamu/.cache/gomisat/corpus/unsat-uuf150-645/uuf150-074.cnf,150,645,UNSAT,1327,40927,1614,9,0.007455
/Users/okamu/.cache/gomisat/corpus/unsat-uuf150-645/uuf150-075.cnf,150,645,UNSAT,3503,105593,4185,18,0.024902
/Users/okamu/.cache/gomisat/corpus/unsat-uuf150-645/uuf150-076.cnf,150,645,UNSAT,2882,91566,3467,15,0.019765
/Users/okamu/.cache/gomisat/corpus/unsat-uuf150-645/uuf150-077.cnf,150,645,UNSAT,2308,71449,2797,14,0.014570
/Users/okamu/.cache/gomisat/corpus/unsat-uuf150-645/uuf150-078.cnf,150,645,UNSAT,2109,63057,2528,14,0.013851
/Users/okamu/.cache/gomisat/corpus/unsat-uuf150-645/uuf150-079.cnf,150,645,UNSAT,2293,69533,2734,14,0.014138
/Users/okamu/.cache/gomisat/corpus/unsat-uuf150-645/uuf150-08.cnf,150,645,UNSAT,1578,49749,1873,10,0.008692
/Users/okamu/.cache/gomisat/corpus/unsat-uuf150-645/uuf150-080.cnf,150,645,UNSAT,4003,123039,4906,21,0.028591
/Users/okamu/.cache/gomisat/corpus/unsat-uuf150-645/uuf150-081.cnf,150,645,UNSAT,1860,57642,2220,13,0.010694
/Users/okamu/.cache/gomisat/corpus/unsat-uuf150-645/uuf150-082.cnf,150,645,UNSAT,4502,145593,5377,23,0.036685
/Users/okamu/.cache/gomisat/corpus/unsat-uuf150-645/uuf150-083.cnf,150,645,UNSAT,2256,67948,2758,14,0.015462
/Users/okamu/.cache/gomisat/corpus/unsat-uuf150-645/uuf150-084.cnf,150,645,UNSAT,4776,149450,5745,25,0.036419
/Users/okamu/.cache/gomisat/corpus/unsat-uuf150-645/uuf150-085.cnf,150,645,UNSAT,2503,77182,2945,15,0.016701
/Users/okamu/.cache/gomisat/corpus/unsat-uuf150-645/uuf150-086.cnf,150,645,UNSAT,1893,60488,2283,13,0.017025
/Users/okamu/.cache/gomisat/corpus/unsat-uuf150-645/uuf150-087.cnf,150,645,UNSAT,3636,115396,4406,19,0.024030
/Users/okamu/.cache/gomisat/corpus/unsat-uuf150-645/uuf150-088.cnf,150,645,UNSAT,3814,121377,4583,20,0.025835
/Users/okamu/.cache/gomisat/corpus/unsat-uuf150-645/uuf150-089.cnf,150,645,UNSAT,1183,35150,1448,7,0.006291
/Users/okamu/.cache/gomisat/corpus/unsat-uuf150-645/uuf150-09.cnf,150,645,UNSAT,2075,60872,2452,14,0.014024
/Users/okamu/.cache/gomisat/corpus/unsat-uuf150-645/uuf150-090.cnf,150,645,UNSAT,2768,84557,3376,15,0.017981
/Users/okamu/.cache/gomisat/corpus/unsat-uuf150-645/uuf150-091.cnf,150,645,UNSAT,2298,70791,2857,14,0.015372
/Users/okamu/.cache/gomisat/corpus/unsat-uuf150-645/uuf150-092.cnf,150,645,UNSAT,2805,81709,3344,15,0.017921
/Users/okamu/.cache/gomisat/corpus/unsat-uuf150-645/uuf150-093.cnf,150,645,UNSAT,4486,138804,5405,23,0.035652
/Users/okamu/.cache/gomisat/corpus/unsat-uuf150-645/uuf150-094.cnf,150,645,UNSAT,1928,59130,2319,13,0.012334
/Users/okamu/.cache/gomisat/corpus/unsat-uuf150-645/uuf150-095.cnf,150,645,UNSAT,2106,62148,2473,14,0.012712
/Users/okamu/.cache/gomisat/corpus/unsat-uuf150-645/uuf150-096.cnf,150,645,UNSAT,2697,83315,3215,15,0.018125
/Users/okamu/.cache/gomisat/corpus/unsat-uuf150-645/uuf150-097.cnf,150,645,UNSAT,3343,104192,4055,17,0.024456
/Users/okamu/.cache/gomisat/corpus/unsat-uuf150-645/uuf150-098.cnf,150,645,UNSAT,3046,92350,3683,15,0.021075
/Users/okamu/.cache/gomisat/corpus/unsat-uuf150-645/uuf150-099.cnf,150,645,UNSAT,3611,111361,4301,19,0.026147
/Users/okamu/.cache/gomisat/corpus/unsat-uuf200-860/uuf200-01.cnf,200,860,UNSAT,13448,491765,16383,60,0.150193
/Users/okamu/.cache/gomisat/corpus/unsat-uuf200-860/uuf200-010.cnf,200,860,UNSAT,22845,865512,27165,81,0.286931
/Users/okamu/.cache/gomisat/corpus/unsat-uuf200-860/uuf200-011.cnf,200,860,UNSAT,20726,809149,24447,73,0.260261
/Users/okamu/.cache/gomisat/corpus/unsat-uuf200-860/uuf200-012.cnf,200,860,UNSAT,21347,795980,25406,77,0.272883
/Users/okamu/.cache/gomisat/corpus/unsat-uuf200-860/uuf200-013.cnf,200,860,UNSAT,16215,589969,19276,63,0.196224
/Users/okamu/.cache/gomisat/corpus/unsat-uuf200-860/uuf200-014.cnf,200,860,UNSAT,19275,716258,22790,64,0.233116
/Users/okamu/.cache/gomisat/corpus/unsat-uuf200-860/uuf200-015.cnf,200,860,UNSAT,16974,619706,20395,63,0.210972
/Users/okamu/.cache/gomisat/corpus/unsat-uuf200-860/uuf200-016.cnf,200,860,UNSAT,13132,508768,16007,59,0.143355
/Users/okamu/.cache/gomisat/corpus/unsat-uuf200-860/uuf200-017.cnf,200,860,UNSAT,12918,469015,15509,57,0.146593
/Users/okamu/.cache/gomisat/corpus/unsat-uuf200-860/uuf200-018.cnf,200,860,UNSAT,16396,613619,19623,63,0.196572
/Users/okamu/.cache/gomisat/corpus/unsat-uuf200-860/uuf200-019.cnf,200,860,UNSAT,12537,470738,14907,54,0.141916
/Users/okamu/.cache/gomisat/corpus/unsat-uuf200-860/uuf200-02.cnf,200,860,UNSAT,15576,584861,18537,62,0.176400
/Users/okamu/.cache/gomisat/corpus/unsat-uuf200-860/uuf200-020.cnf,200,860,UNSAT,8185,298802,9801,33,0.079128
/Users/okamu/.cache/gomisat/corpus/unsat-uuf200-860/uuf200-021.cnf,200,860,UNSAT,13313,493354,15898,60,0.146599
/Users/okamu/.cache/gomisat/corpus/unsat-uuf200-860/uuf200-022.cnf,200,860,UNSAT,16939,633818,20284,63,0.204641
/Users/okamu/.cache/gomisat/corpus/unsat-uuf200-860/uuf200-023.cnf,200,860,UNSAT,10214,387426,12165,45,0.098532
/Users/okamu/.cache/gomisat/corpus/unsat-uuf200-860/uuf200-024.cnf,200,860,UNSAT,19383,703854,22961,65,0.236728
/Users/okamu/.cache/gomisat/corpus/unsat-uuf200-860/uuf200-025.cnf,200,860,UNSAT,20730,791895,24689,73,0.246879
/Users/okamu/.cache/gomisat/corpus/unsat-uuf200-860/uuf200-026.cnf,200,860,UNSAT,25240,930030,29838,93,0.345999
/Users/okamu/.cache/gomisat/corpus/unsat-uuf200-860/uuf200-027.cnf,200,860,UNSAT,12008,445515,14269,52,0.130171
/Users/okamu/.cache/gomisat/corpus/unsat-uuf200-860/uuf200-028.cnf,200,860,UNSAT,16112,592690,19099,63,0.186057
/Users/okamu/.cache/gomisat/corpus/unsat-uuf200-860/uuf200-029.cnf,200,860,UNSAT,15854,575762,18905,62,0.180869
/Users/okamu/.cache/gomisat/corpus/unsat-uuf200-860/uuf200-03.cnf,200,860,UNSAT,9376,349280,11154,40,0.090641
/Users/okamu/.cache/gomisat/corpus/unsat-uuf200-860/uuf200-030.cnf,200,860,UNSAT,9289,352663,11101,39,0.093129
/Users/okamu/.cache/gomisat/corpus/unsat-uuf200-860/uuf200-031.cnf,200,860,UNSAT,13347,508564,15971,60,0.142991
/Users/okamu/.cache/gomisat/corpus/unsat-uuf200-860/uuf200-032.cnf,200,860,UNSAT,19936,760708,23728,69,0.248490
/Users/okamu/.cache/gomisat/corpus/unsat-uuf200-860/uuf200-033.cnf,200,860,UNSAT,9267,338207,11077,39,0.091329
/Users/okamu/.cache/gomisat/corpus/unsat-uuf200-860/uuf200-034.cnf,200,860,UNSAT,13035,473737,15521,58,0.142577
/Users/okamu/.cache/gomisat/corpus/unsat-uuf200-860/uuf200-035.cnf,200,860,UNSAT,13981,525073,16834,61,0.155496
/Users/okamu/.cache/gomisat/corpus/unsat-uuf200-860/uuf200-036.cnf,200,860,UNSAT,23645,895711,28226,85,0.305520
/Users/okamu/.cache/gomisat/corpus/unsat-uuf200-860/uuf200-037.cnf,200,860,UNSAT,22409,873310,26538,78,0.289434
/Users/okamu/.cache/gomisat/corpus/unsat-uuf200-860/uuf200-038.cnf,200,860,UNSAT,17366,646237,20625,63,0.229596
/Users/okamu/.cache/gomisat/corpus/unsat-uuf200-860/uuf200-039.cnf,200,860,UNSAT,12531,452192,15002,54,0.143886
/Users/okamu/.cache/gomisat/corpus/unsat-uuf200-860/uuf200-04.cnf,200,860,UNSAT,43660,1636882,51918,127,0.706809
/Users/okamu/.cache/gomisat/corpus/unsat-uuf200-860/uuf200-040.cnf,200,860,UNSAT,14717,545508,17661,62,0.160293
/Users/okamu/.cache/gomisat/corpus/unsat-uuf200-860/uuf200-041.cnf,200,860,UNSAT,12833,478057,15231,56,0.142493
/Users/okamu/.cache/gomisat/corpus/unsat-uuf200-860/uuf200-042.cnf,200,860,UNSAT,13200,483747,15701,59,0.149776
/Users/okamu/.cache/gomisat/corpus/unsat-uuf200-860/uuf200-043.cnf,200,860,UNSAT,14932,538371,17915,62,0.177450
/Users/okamu/.cache/gomisat/corpus/unsat-uuf200-860/uuf200-044.cnf,200,860,UNSAT,13464,515307,16205,60,0.153412
/Users/okamu/.cache/gomisat/corpus/unsat-uuf200-860/uuf200-045.cnf,200,860,UNSAT,23012,856536,27428,83,0.301374
/Users/okamu/.cache/gomisat/corpus/unsat-uuf200-860/uuf200-046.cnf,200,860,UNSAT,22289,850928,26521,78,0.278856
/Users/okamu/.cache/gomisat/corpus/unsat-uuf200-860/uuf200-047.cnf,200,860,UNSAT,13104,484544,15806,59,0.143320
/Users/okamu/.cache/gomisat/corpus/unsat-uuf200-860/uuf200-048.cnf,200,860,UNSAT,18159,686010,21675,63,0.227450
/Users/okamu/.cache/gomisat/corpus/unsat-uuf200-860/uuf200-049.cnf,200,860,UNSAT,17676,656860,21002,63,0.215798
/Users/okamu/.cache/gomisat/corpus/unsat-uuf200-860/uuf200-05.cnf,200,860,UNSAT,17826,656893,21175,63,0.215214
/Users/okamu/.cache/gomisat/corpus/unsat-uuf200-860/uuf200-050.cnf,200,860,UNSAT,14181,552294,16878,61,0.157068
/Users/okamu/.cache/gomisat/corpus/unsat-uuf200-860/uuf200-051.cnf,200,860,UNSAT,24394,907087,29193,91,0.318421
/Users/okamu/.cache/gomisat/corpus/unsat-uuf200-860/uuf200-052.cnf,200,860,UNSAT,19578,745716,23219,66,0.251285
/Users/okamu/.cache/gomisat/corpus/unsat-uuf200-860/uuf200-053.cnf,200,860,UNSAT,15325,568244,18319,62,0.186246
/Users/okamu/.cache/gomisat/corpus/unsat-uuf200-860/uuf200-054.cnf,200,860,UNSAT,22082,845408,26107,78,0.276414
/Users/okamu/.cache/gomisat/corpus/unsat-uuf200-860/uuf200-055.cnf,200,860,UNSAT,12347,450388,14997,53,0.141043
/Users/okamu/.cache/gomisat/corpus/unsat-uuf200-860/uuf200-056.cnf,200,860,UNSAT,24481,935486,28935,92,0.329090
/Users/okamu/.cache/gomisat/corpus/unsat-uuf200-860/uuf200-057.cnf,200,860,UNSAT,11384,424940,13613,48,0.116340
/Users/okamu/.cache/gomisat/corpus/unsat-uuf200-860/uuf200-058.cnf,200,860,UNSAT,21139,802684,25341,76,0.263601
/Users/okamu/.cache/gomisat/corpus/unsat-uuf200-860/uuf200-059.cnf,200,860,UNSAT,14863,528880,17620,62,0.176368
/Users/okamu/.cache/gomisat/corpus/unsat-uuf200-860/uuf200-06.cnf,200,860,UNSAT,12830,498325,15499,56,0.140935
/Users/okamu/.cache/gomisat/corpus/unsat-uuf200-860/uuf200-060.cnf,200,860,UNSAT,12111,455172,14492,53,0.131391
/Users/okamu/.cache/gomisat/corpus/unsat-uuf200-860/uuf200-061.cnf,200,860,UNSAT,8264,307644,9851,34,0.080551
/Users/okamu/.cache/gomisat/corpus/unsat-uuf200-860/uuf200-062.cnf,200,860,UNSAT,7395,274514,8881,31,0.069709
/Users/okamu/.cache/gomisat/corpus/unsat-uuf200-860/uuf200-063.cnf,200,860,UNSAT,21937,817216,26193,78,0.286115
/Users/okamu/.cache/gomisat/corpus/unsat-uuf200-860/uuf200-064.cnf,200,860,UNSAT,24198,902950,28448,90,0.341169
/Users/okamu/.cache/gomisat/corpus/unsat-uuf200-860/uuf200-065.cnf,200,860,UNSAT,16717,617407,19850,63,0.243489
/Users/okamu/.cache/gomisat/corpus/unsat-uuf200-860/uuf200-066.cnf,200,860,UNSAT,33153,1277946,39976,124,0.492007
/Users/okamu/.cache/gomisat/corpus/unsat-uuf200-860/uuf200-067.cnf,200,860,UNSAT,20634,768383,24397,72,0.265573
/Users/okamu/.cache/gomisat/corpus/unsat-uuf200-860/uuf200-068.cnf,200,860,UNSAT,14988,576303,17992,62,0.171482
/Users/okamu/.cache/gomisat/corpus/unsat-uuf200-860/uuf200-069.cnf,200,860,UNSAT,7535,276713,8964,31,0.073319
/Users/okamu/.cache/gomisat/corpus/unsat-uuf200-860/uuf200-07.cnf,200,860,UNSAT,18391,687972,21726,63,0.228243
/Users/okamu/.cache/gomisat/corpus/unsat-uuf200-860/uuf200-070.cnf,200,860,UNSAT,16455,628754,19487,63,0.184404
/Users/okamu/.cache/gomisat/corpus/unsat-uuf200-860/uuf200-071.cnf,200,860,UNSAT,17497,625150,20818,63,0.264187
/Users/okamu/.cache/gomisat/corpus/unsat-uuf200-860/uuf200-072.cnf,200,860,UNSAT,20543,754983,24410,71,0.260624
/Users/okamu/.cache/gomisat/corpus/unsat-uuf200-860/uuf200-073.cnf,200,860,UNSAT,11733,444069,14054,50,0.131016
/Users/okamu/.cache/gomisat/corpus/unsat-uuf200-860/uuf200-074.cnf,200,860,UNSAT,19328,737995,22988,64,0.238618
/Users/okamu/.cache/gomisat/corpus/unsat-uuf200-860/uuf200-075.cnf,200,860,UNSAT,22794,885050,27121,81,0.281882
/Users/okamu/.cache/gomisat/corpus/unsat-uuf200-860/uuf200-076.cnf,200,860,UNSAT,7572,298248,9026,31,0.070337
/Users/okamu/.cache/gomisat/corpus/unsat-uuf200-860/uuf200-077.cnf,200,860,UNSAT,10460,403401,12445,46,0.113940
/Users/okamu/.cache/gomisat/corpus/unsat-uuf200-860/uuf200-078.cnf,200,860,UNSAT,16739,645751,20093,63,0.183721
/Users/okamu/.cache/gomisat/corpus/unsat-uuf200-860/uuf200-079.cnf,200,860,UNSAT,14568,546969,17408,62,0.162680
/Users/okamu/.cache/gomisat/corpus/unsat-uuf200-860/uuf200-08.cnf,200,860,UNSAT,15695,585567,18676,62,0.177307
/Users/okamu/.cache/gomisat/corpus/unsat-uuf200-860/uuf200-080.cnf,200,860,UNSAT,20963,773012,24887,74,0.269209
/Users/okamu/.cache/gomisat/corpus/unsat-uuf200-860/uuf200-081.cnf,200,860,UNSAT,21569,787447,25740,77,0.273704
/Users/okamu/.cache/gomisat/corpus/unsat-uuf200-860/uuf200-082.cnf,200,860,UNSAT,13406,513166,16004,60,0.136220
/Users/okamu/.cache/gomisat/corpus/unsat-uuf200-860/uuf200-083.cnf,200,860,UNSAT,17079,645920,20349,63,0.201359
/Users/okamu/.cache/gomisat/corpus/unsat-uuf200-860/uuf200-084.cnf,200,860,UNSAT,8356,310415,10068,34,0.077009
/Users/okamu/.cache/gomisat/corpus/unsat-uuf200-860/uuf200-085.cnf,200,860,UNSAT,18925,719963,22587,63,0.233835
/Users/okamu/.cache/gomisat/corpus/unsat-uuf200-860/uuf200-086.cnf,200,860,UNSAT,12423,473370,14748,53,0.125988
/Users/okamu/.cache/gomisat/corpus/unsat-uuf200-860/uuf200-087.cnf,200,860,UNSAT,16256,593646,19250,63,0.185895
/Users/okamu/.cache/gomisat/corpus/unsat-uuf200-860/uuf200-088.cnf,200,860,UNSAT,9284,350338,11138,39,0.094004
/Users/okamu/.cache/gomisat/corpus/unsat-uuf200-860/uuf200-089.cnf,200,860,UNSAT,13483,497493,16061,60,0.151380
/Users/okamu/.cache/gomisat/corpus/unsat-uuf200-860/uuf200-09.cnf,200,860,UNSAT,15124,563708,17920,62,0.169038
/Users/okamu/.cache/gomisat/corpus/unsat-uuf200-860/uuf200-090.cnf,200,860,UNSAT,17486,630446,20701,63,0.226810
/Users/okamu/.cache/gomisat/corpus/unsat-uuf200-860/uuf200-091.cnf,200,860,UNSAT,18774,687734,22397,63,0.217012
/Users/okamu/.cache/gomisat/corpus/unsat-uuf200-860/uuf200-092.cnf,200,860,UNSAT,12408,470103,14732,53,0.130701
/Users/okamu/.cache/gomisat/corpus/unsat-uuf200-860/uuf200-093.cnf,200,860,UNSAT,15568,576199,18300,62,0.174071
/Users/okamu/.cache/gomisat/corpus/unsat-uuf200-860/uuf200-094.cnf,200,860,UNSAT,17111,629173,20635,63,0.208759
/Users/okamu/.cache/gomisat/corpus/unsat-uuf200-860/uuf200-095.cnf,200,860,UNSAT,24954,928143,29844,93,0.343948
/Users/okamu/.cache/gomisat/corpus/unsat-uuf200-860/uuf200-096.cnf,200,860,UNSAT,7907,299548,9427,31,0.074509
/Users/okamu/.cache/gomisat/corpus/unsat-uuf200-860/uuf200-097.cnf,200,860,UNSAT,12806,467290,15385,56,0.145460
/Users/okamu/.cache/gomisat/corpus/unsat-uuf200-860/uuf200-098.cnf,200,860,UNSAT,17531,653094,20936,63,0.211760
/Users/okamu/.cache/gomisat/corpus/unsat-uuf200-860/uuf200-099.cnf,200,860,UNSAT,26524,993008,31674,94,0.343371
/Users/okamu/.cache/gomisat/corpus/unsat-uuf225-960/uuf225-01.cnf,225,960,UNSAT,50687,2036156,60279,157,0.878801
/Users/okamu/.cache/gomisat/corpus/unsat-uuf225-960/uuf225-010.cnf,225,960,UNSAT,40092,1634377,47701,127,0.634285
/Users/okamu/.cache/gomisat/corpus/unsat-uuf225-960/uuf225-0100.cnf,225,960,UNSAT,45343,1910117,53764,131,0.700842
/Users/okamu/.cache/gomisat/corpus/unsat-uuf225-960/uuf225-011.cnf,225,960,UNSAT,38967,1571427,46612,127,0.627577
/Users/okamu/.cache/gomisat/corpus/unsat-uuf225-960/uuf225-012.cnf,225,960,UNSAT,26689,1109504,31773,94,0.364087
/Users/okamu/.cache/gomisat/corpus/unsat-uuf225-960/uuf225-013.cnf,225,960,UNSAT,41229,1650829,49076,127,0.616801
/Users/okamu/.cache/gomisat/corpus/unsat-uuf225-960/uuf225-014.cnf,225,960,UNSAT,15445,621936,18356,62,0.176870
/Users/okamu/.cache/gomisat/corpus/unsat-uuf225-960/uuf225-015.cnf,225,960,UNSAT,44885,1781687,53438,127,0.711975
/Users/okamu/.cache/gomisat/corpus/unsat-uuf225-960/uuf225-016.cnf,225,960,UNSAT,39101,1565302,46602,127,0.659293
/Users/okamu/.cache/gomisat/corpus/unsat-uuf225-960/uuf225-017.cnf,225,960,UNSAT,45617,1853713,54005,133,0.730847
/Users/okamu/.cache/gomisat/corpus/unsat-uuf225-960/uuf225-018.cnf,225,960,UNSAT,41360,1669313,49146,127,0.665063
/Users/okamu/.cache/gomisat/corpus/unsat-uuf225-960/uuf225-019.cnf,225,960,UNSAT,53326,2083645,63574,161,0.926052
/Users/okamu/.cache/gomisat/corpus/unsat-uuf225-960/uuf225-02.cnf,225,960,UNSAT,27769,1129839,32898,99,0.372022
/Users/okamu/.cache/gomisat/corpus/unsat-uuf225-960/uuf225-020.cnf,225,960,UNSAT,32674,1313347,38759,123,0.505262
/Users/okamu/.cache/gomisat/corpus/unsat-uuf225-960/uuf225-021.cnf,225,960,UNSAT,46834,1917627,55657,140,0.759273
/Users/okamu/.cache/gomisat/corpus/unsat-uuf225-960/uuf225-022.cnf,225,960,UNSAT,40027,1658032,47591,127,0.614377
/Users/okamu/.cache/gomisat/corpus/unsat-uuf225-960/uuf225-023.cnf,225,960,UNSAT,40020,1619431,47584,127,0.640792
/Users/okamu/.cache/gomisat/corpus/unsat-uuf225-960/uuf225-024.cnf,225,960,UNSAT,36065,1469043,43238,126,0.544487
/Users/okamu/.cache/gomisat/corpus/unsat-uuf225-960/uuf225-025.cnf,225,960,UNSAT,44140,1801589,52531,127,0.645701
/Users/okamu/.cache/gomisat/corpus/unsat-uuf225-960/uuf225-026.cnf,225,960,UNSAT,42799,1672070,51291,127,0.664933
/Users/okamu/.cache/gomisat/corpus/unsat-uuf225-960/uuf225-027.cnf,225,960,UNSAT,49576,1993988,58993,152,0.820765
/Users/okamu/.cache/gomisat/corpus/unsat-uuf225-960/uuf225-028.cnf,225,960,UNSAT,41717,1680585,49947,127,0.643337
/Users/okamu/.cache/gomisat/corpus/unsat-uuf225-960/uuf225-029.cnf,225,960,UNSAT,20900,848551,25027,74,0.252278
/Users/okamu/.cache/gomisat/corpus/unsat-uuf225-960/uuf225-03.cnf,225,960,UNSAT,42236,1645049,50348,127,0.678015
/Users/okamu/.cache/gomisat/corpus/unsat-uuf225-960/uuf225-030.cnf,225,960,UNSAT,30740,1250936,36913,112,0.454268
/Users/okamu/.cache/gomisat/corpus/unsat-uuf225-960/uuf225-031.cnf,225,960,UNSAT,49964,2036056,59350,155,0.840734
/Users/okamu/.cache/gomisat/corpus/unsat-uuf225-960/uuf225-032.cnf,225,960,UNSAT,35757,1431243,42272,126,0.532370
/Users/okamu/.cache/gomisat/corpus/unsat-uuf225-960/uuf225-033.cnf,225,960,UNSAT,73278,2944169,86677,228,1.496953
/Users/okamu/.cache/gomisat/corpus/unsat-uuf225-960/uuf225-034.cnf,225,960,UNSAT,42598,1776779,50645,127,0.678262
/Users/okamu/.cache/gomisat/corpus/unsat-uuf225-960/uuf225-035.cnf,225,960,UNSAT,48013,1936410,56682,142,0.778361
/Users/okamu/.cache/gomisat/corpus/unsat-uuf225-960/uuf225-036.cnf,225,960,UNSAT,30575,1231821,36224,110,0.443232
/Users/okamu/.cache/gomisat/corpus/unsat-uuf225-960/uuf225-037.cnf,225,960,UNSAT,36830,1476147,43937,126,0.587884
/Users/okamu/.cache/gomisat/corpus/unsat-uuf225-960/uuf225-038.cnf,225,960,UNSAT,21503,837376,25727,77,0.275064
/Users/okamu/.cache/gomisat/corpus/unsat-uuf225-960/uuf225-039.cnf,225,960,UNSAT,42951,1734685,51211,127,0.686113
/Users/okamu/.cache/gomisat/corpus/unsat-uuf225-960/uuf225-04.cnf,225,960,UNSAT,24724,975323,29278,92,0.337454
/Users/okamu/.cache/gomisat/corpus/unsat-uuf225-960/uuf225-040.cnf,225,960,UNSAT,32908,1327640,39407,124,0.472332
/Users/okamu/.cache/gomisat/corpus/unsat-uuf225-960/uuf225-041.cnf,225,960,UNSAT,38587,1533026,45650,127,0.630140
/Users/okamu/.cache/gomisat/corpus/unsat-uuf225-960/uuf225-042.cnf,225,960,UNSAT,25958,1073099,30533,94,0.340980
/Users/okamu/.cache/gomisat/corpus/unsat-uuf225-960/uuf225-043.cnf,225,960,UNSAT,46495,1838709,55510,137,0.707515
/Users/okamu/.cache/gomisat/corpus/unsat-uuf225-960/uuf225-044.cnf,225,960,UNSAT,30730,1305988,36791,112,0.462968
/Users/okamu/.cache/gomisat/corpus/unsat-uuf225-960/uuf225-045.cnf,225,960,UNSAT,23366,949956,27951,85,0.290181
/Users/okamu/.cache/gomisat/corpus/unsat-uuf225-960/uuf225-046.cnf,225,960,UNSAT,23490,927729,28050,85,0.310542
/Users/okamu/.cache/gomisat/corpus/unsat-uuf225-960/uuf225-047.cnf,225,960,UNSAT,65190,2616181,76995,197,1.234012
/Users/okamu/.cache/gomisat/corpus/unsat-uuf225-960/uuf225-048.cnf,225,960,UNSAT,35771,1463420,42692,126,0.518672
/Users/okamu/.cache/gomisat/corpus/unsat-uuf225-960/uuf225-049.cnf,225,960,UNSAT,23325,953573,27750,85,0.312667
/Users/okamu/.cache/gomisat/corpus/unsat-uuf225-960/uuf225-05.cnf,225,960,UNSAT,95978,3814126,113284,255,2.114315
/Users/okamu/.cache/gomisat/corpus/unsat-uuf225-960/uuf225-050.cnf,225,960,UNSAT,43580,1680049,51786,127,0.719265
/Users/okamu/.cache/gomisat/corpus/unsat-uuf225-960/uuf225-051.cnf,225,960,UNSAT,17804,717312,21219,63,0.219821
/Users/okamu/.cache/gomisat/corpus/unsat-uuf225-960/uuf225-052.cnf,225,960,UNSAT,39492,1593364,47137,127,0.608988
/Users/okamu/.cache/gomisat/corpus/unsat-uuf225-960/uuf225-053.cnf,225,960,UNSAT,52921,2149184,62644,158,0.908579
/Users/okamu/.cache/gomisat/corpus/unsat-uuf225-960/uuf225-054.cnf,225,960,UNSAT,52340,2127217,62740,158,0.847737
/Users/okamu/.cache/gomisat/corpus/unsat-uuf225-960/uuf225-055.cnf,225,960,UNSAT,53291,2108656,63308,161,0.930242
/Users/okamu/.cache/gomisat/corpus/unsat-uuf225-960/uuf225-056.cnf,225,960,UNSAT,36622,1487701,43576,126,0.543816
/Users/okamu/.cache/gomisat/corpus/unsat-uuf225-960/uuf225-057.cnf,225,960,UNSAT,74886,2969397,89068,236,1.485309
/Users/okamu/.cache/gomisat/corpus/unsat-uuf225-960/uuf225-058.cnf,225,960,UNSAT,51269,2129431,60900,157,0.849551
/Users/okamu/.cache/gomisat/corpus/unsat-uuf225-960/uuf225-059.cnf,225,960,UNSAT,35291,1403378,42047,126,0.571887
/Users/okamu/.cache/gomisat/corpus/unsat-uuf225-960/uuf225-06.cnf,225,960,UNSAT,36348,1470317,43276,126,0.523828
/Users/okamu/.cache/gomisat/corpus/unsat-uuf225-960/uuf225-060.cnf,225,960,UNSAT,26695,1061673,31752,94,0.378571
/Users/okamu/.cache/gomisat/corpus/unsat-uuf225-960/uuf225-061.cnf,225,960,UNSAT,21536,829930,25813,77,0.279728
/Users/okamu/.cache/gomisat/corpus/unsat-uuf225-960/uuf225-062.cnf,225,960,UNSAT,51601,2075295,61174,158,0.875734
/Users/okamu/.cache/gomisat/corpus/unsat-uuf225-960/uuf225-063.cnf,225,960,UNSAT,72990,2926072,86106,228,1.441809
/Users/okamu/.cache/gomisat/corpus/unsat-uuf225-960/uuf225-064.cnf,225,960,UNSAT,27173,1086902,31901,94,0.355258
/Users/okamu/.cache/gomisat/corpus/unsat-uuf225-960/uuf225-065.cnf,225,960,UNSAT,50018,1988059,59430,155,0.838287
/Users/okamu/.cache/gomisat/corpus/unsat-uuf225-960/uuf225-066.cnf,225,960,UNSAT,51368,1974589,60645,158,0.938389
/Users/okamu/.cache/gomisat/corpus/unsat-uuf225-960/uuf225-067.cnf,225,960,UNSAT,44436,1790203,52697,127,0.710284
/Users/okamu/.cache/gomisat/corpus/unsat-uuf225-960/uuf225-068.cnf,225,960,UNSAT,36014,1472558,42782,126,0.524745
/Users/okamu/.cache/gomisat/corpus/unsat-uuf225-960/uuf225-069.cnf,225,960,UNSAT,41535,1676809,48866,127,0.693530
/Users/okamu/.cache/gomisat/corpus/unsat-uuf225-960/uuf225-07.cnf,225,960,UNSAT,38075,1479932,44931,126,0.607978
/Users/okamu/.cache/gomisat/corpus/unsat-uuf225-960/uuf225-070.cnf,225,960,UNSAT,87713,3541687,104423,254,1.785797
/Users/okamu/.cache/gomisat/corpus/unsat-uuf225-960/uuf225-071.cnf,225,960,UNSAT,41405,1643872,49296,127,0.655841
/Users/okamu/.cache/gomisat/corpus/unsat-uuf225-960/uuf225-072.cnf,225,960,UNSAT,30474,1210212,35919,109,0.458009
/Users/okamu/.cache/gomisat/corpus/unsat-uuf225-960/uuf225-073.cnf,225,960,UNSAT,27182,1131617,32375,94,0.353595
/Users/okamu/.cache/gomisat/corpus/unsat-uuf225-960/uuf225-074.cnf,225,960,UNSAT,82239,3269429,97304,253,1.699672
/Users/okamu/.cache/gomisat/corpus/unsat-uuf225-960/uuf225-075.cnf,225,960,UNSAT,20993,846171,24783,75,0.262378
/Users/okamu/.cache/gomisat/corpus/unsat-uuf225-960/uuf225-076.cnf,225,960,UNSAT,32502,1332930,38583,122,0.437145
/Users/okamu/.cache/gomisat/corpus/unsat-uuf225-960/uuf225-077.cnf,225,960,UNSAT,18896,729808,22433,63,0.227385
/Users/okamu/.cache/gomisat/corpus/unsat-uuf225-960/uuf225-078.cnf,225,960,UNSAT,70827,2868252,84075,221,1.364014
/Users/okamu/.cache/gomisat/corpus/unsat-uuf225-960/uuf225-079.cnf,225,960,UNSAT,32000,1275765,38371,119,0.467244
/Users/okamu/.cache/gomisat/corpus/unsat-uuf225-960/uuf225-08.cnf,225,960,UNSAT,18753,774034,22253,63,0.222171
/Users/okamu/.cache/gomisat/corpus/unsat-uuf225-960/uuf225-080.cnf,225,960,UNSAT,69113,2726133,82436,217,1.379944
/Users/okamu/.cache/gomisat/corpus/unsat-uuf225-960/uuf225-081.cnf,225,960,UNSAT,51733,2077247,61586,158,0.838020
/Users/okamu/.cache/gomisat/corpus/unsat-uuf225-960/uuf225-082.cnf,225,960,UNSAT,26519,1039075,31332,94,0.384339
/Users/okamu/.cache/gomisat/corpus/unsat-uuf225-960/uuf225-083.cnf,225,960,UNSAT,115940,4653875,137657,315,2.582228
/Users/okamu/.cache/gomisat/corpus/unsat-uuf225-960/uuf225-084.cnf,225,960,UNSAT,21195,836435,25168,76,0.281336
/Users/okamu/.cache/gomisat/corpus/unsat-uuf225-960/uuf225-085.cnf,225,960,UNSAT,58453,2294416,69282,187,1.070073
/Users/okamu/.cache/gomisat/corpus/unsat-uuf225-960/uuf225-086.cnf,225,960,UNSAT,47310,2019836,56296,141,0.754056
/Users/okamu/.cache/gomisat/corpus/unsat-uuf225-960/uuf225-087.cnf,225,960,UNSAT,28629,1170044,34193,103,0.414058
/Users/okamu/.cache/gomisat/corpus/unsat-uuf225-960/uuf225-088.cnf,225,960,UNSAT,33634,1342868,40404,124,0.478451
/Users/okamu/.cache/gomisat/corpus/unsat-uuf225-960/uuf225-089.cnf,225,960,UNSAT,50551,2093896,60144,157,0.854649
/Users/okamu/.cache/gomisat/corpus/unsat-uuf225-960/uuf225-09.cnf,225,960,UNSAT,68086,2755247,81091,211,1.464646
/Users/okamu/.cache/gomisat/corpus/unsat-uuf225-960/uuf225-090.cnf,225,960,UNSAT,35955,1449856,43015,126,0.551047
/Users/okamu/.cache/gomisat/corpus/unsat-uuf225-960/uuf225-091.cnf,225,960,UNSAT,40082,1652696,47521,127,0.620487
/Users/okamu/.cache/gomisat/corpus/unsat-uuf225-960/uuf225-092.cnf,225,960,UNSAT,61785,2591144,73395,190,1.152467
/Users/okamu/.cache/gomisat/corpus/unsat-uuf225-960/uuf225-093.cnf,225,960,UNSAT,66290,2580710,78944,204,1.290510
/Users/okamu/.cache/gomisat/corpus/unsat-uuf225-960/uuf225-094.cnf,225,960,UNSAT,78061,3198389,93086,251,1.423117
/Users/okamu/.cache/gomisat/corpus/unsat-uuf225-960/uuf225-095.cnf,225,960,UNSAT,39497,1566528,46975,127,0.607093
/Users/okamu/.cache/gomisat/corpus/unsat-uuf225-960/uuf225-096.cnf,225,960,UNSAT,65030,2592749,76795,197,1.266953
/Users/okamu/.cache/gomisat/corpus/unsat-uuf225-960/uuf225-097.cnf,225,960,UNSAT,40330,1653990,48121,127,0.596504
/Users/okamu/.cache/gomisat/corpus/unsat-uuf225-960/uuf225-098.cnf,225,960,UNSAT,109263,4311405,129927,286,2.499646
/Users/okamu/.cache/gomisat/corpus/unsat-uuf225-960/uuf225-099.cnf,225,960,UNSAT,23242,944010,27813,84,0.297723
/Users/okamu/.cache/gomisat/corpus/unsat-uuf250-1065/uuf250-01.cnf,250,1065,UNSAT,108098,4750064,128618,284,2.230636
/Users/okamu/.cache/gomisat/corpus/unsat-uuf250-1065/uuf250-010.cnf,250,1065,UNSAT,99695,4345274,118062,255,2.089621
/Users/okamu/.cache/gomisat/corpus/unsat-uuf250-1065/uuf250-0100.cnf,250,1065,UNSAT,155774,6523161,184421,416,3.903515
/Users/okamu/.cache/gomisat/corpus/unsat-uuf250-1065/uuf250-011.cnf,250,1065,UNSAT,174133,7333465,206868,476,4.863606
/Users/okamu/.cache/gomisat/corpus/unsat-uuf250-1065/uuf250-012.cnf,250,1065,UNSAT,121293,5210628,143328,318,2.704580
/Users/okamu/.cache/gomisat/corpus/unsat-uuf250-1065/uuf250-013.cnf,250,1065,UNSAT,117052,4918270,138202,316,2.759644
/Users/okamu/.cache/gomisat/corpus/unsat-uuf250-1065/uuf250-014.cnf,250,1065,UNSAT,151179,6469828,178186,401,3.915863
/Users/okamu/.cache/gomisat/corpus/unsat-uuf250-1065/uuf250-015.cnf,250,1065,UNSAT,147214,6169606,173876,382,3.916679
/Users/okamu/.cache/gomisat/corpus/unsat-uuf250-1065/uuf250-016.cnf,250,1065,UNSAT,78494,3284447,93032,251,1.612735
/Users/okamu/.cache/gomisat/corpus/unsat-uuf250-1065/uuf250-017.cnf,250,1065,UNSAT,128654,5311911,152007,349,3.342597
/Users/okamu/.cache/gomisat/corpus/unsat-uuf250-1065/uuf250-018.cnf,250,1065,UNSAT,138673,5930062,163528,381,3.370739
/Users/okamu/.cache/gomisat/corpus/unsat-uuf250-1065/uuf250-019.cnf,250,1065,UNSAT,134514,5723182,158082,374,3.535426
/Users/okamu/.cache/gomisat/corpus/unsat-uuf250-1065/uuf250-02.cnf,250,1065,UNSAT,142027,5930509,168044,382,3.664537
/Users/okamu/.cache/gomisat/corpus/unsat-uuf250-1065/uuf250-020.cnf,250,1065,UNSAT,157914,6666161,188529,428,3.992104
/Users/okamu/.cache/gomisat/corpus/unsat-uuf250-1065/uuf250-021.cnf,250,1065,UNSAT,188609,8098331,222907,509,5.313709
/Users/okamu/.cache/gomisat/corpus/unsat-uuf250-1065/uuf250-022.cnf,250,1065,UNSAT,187285,8037520,221650,509,5.278750
/Users/okamu/.cache/gomisat/corpus/unsat-uuf250-1065/uuf250-023.cnf,250,1065,UNSAT,83901,3539402,98611,254,1.844041
/Users/okamu/.cache/gomisat/corpus/unsat-uuf250-1065/uuf250-024.cnf,250,1065,UNSAT,74614,3238474,88561,236,1.396858
/Users/okamu/.cache/gomisat/corpus/unsat-uuf250-1065/uuf250-025.cnf,250,1065,UNSAT,120079,5190871,141882,318,2.802264
/Users/okamu/.cache/gomisat/corpus/unsat-uuf250-1065/uuf250-026.cnf,250,1065,UNSAT,60273,2597427,71491,189,1.093089
/Users/okamu/.cache/gomisat/corpus/unsat-uuf250-1065/uuf250-027.cnf,250,1065,UNSAT,156225,6697047,183479,419,4.155755
/Users/okamu/.cache/gomisat/corpus/unsat-uuf250-1065/uuf250-028.cnf,250,1065,UNSAT,172566,7241060,204280,475,5.224061
/Users/okamu/.cache/gomisat/corpus/unsat-uuf250-1065/uuf250-029.cnf,250,1065,UNSAT,84379,3581191,99853,254,1.860736
/Users/okamu/.cache/gomisat/corpus/unsat-uuf250-1065/uuf250-03.cnf,250,1065,UNSAT,117926,5090886,138599,317,2.796035
/Users/okamu/.cache/gomisat/corpus/unsat-uuf250-1065/uuf250-030.cnf,250,1065,UNSAT,62057,2593368,74579,190,1.116257
/Users/okamu/.cache/gomisat/corpus/unsat-uuf250-1065/uuf250-031.cnf,250,1065,UNSAT,182341,7959830,216417,507,4.866986
/Users/okamu/.cache/gomisat/corpus/unsat-uuf250-1065/uuf250-032.cnf,250,1065,UNSAT,101559,4318359,119472,255,2.210619
/Users/okamu/.cache/gomisat/corpus/unsat-uuf250-1065/uuf250-033.cnf,250,1065,UNSAT,239757,9931023,282284,549,8.421931
/Users/okamu/.cache/gomisat/corpus/unsat-uuf250-1065/uuf250-034.cnf,250,1065,UNSAT,178417,7629304,211860,495,5.399002
/Users/okamu/.cache/gomisat/corpus/unsat-uuf250-1065/uuf250-035.cnf,250,1065,UNSAT,161465,6757297,191902,443,4.445363
/Users/okamu/.cache/gomisat/corpus/unsat-uuf250-1065/uuf250-036.cnf,250,1065,UNSAT,75429,3195954,90027,237,1.511784
/Users/okamu/.cache/gomisat/corpus/unsat-uuf250-1065/uuf250-037.cnf,250,1065,UNSAT,68021,2860746,80331,211,1.299297
/Users/okamu/.cache/gomisat/corpus/unsat-uuf250-1065/uuf250-038.cnf,250,1065,UNSAT,40122,1740238,47899,127,0.631481
/Users/okamu/.cache/gomisat/corpus/unsat-uuf250-1065/uuf250-039.cnf,250,1065,UNSAT,87748,3743551,103586,254,1.789554
/Users/okamu/.cache/gomisat/corpus/unsat-uuf250-1065/uuf250-04.cnf,250,1065,UNSAT,123636,5168353,146711,331,3.114698
/Users/okamu/.cache/gomisat/corpus/unsat-uuf250-1065/uuf250-040.cnf,250,1065,UNSAT,42839,1820319,50606,127,0.680582
/Users/okamu/.cache/gomisat/corpus/unsat-uuf250-1065/uuf250-041.cnf,250,1065,UNSAT,85559,3752144,102292,254,1.740634
/Users/okamu/.cache/gomisat/corpus/unsat-uuf250-1065/uuf250-042.cnf,250,1065,UNSAT,148512,6309716,174102,389,4.761067
/Users/okamu/.cache/gomisat/corpus/unsat-uuf250-1065/uuf250-043.cnf,250,1065,UNSAT,146862,6256484,172587,382,3.748428
/Users/okamu/.cache/gomisat/corpus/unsat-uuf250-1065/uuf250-044.cnf,250,1065,UNSAT,110756,4706541,131357,288,2.663718
/Users/okamu/.cache/gomisat/corpus/unsat-uuf250-1065/uuf250-045.cnf,250,1065,UNSAT,80162,3448529,95525,252,1.633866
/Users/okamu/.cache/gomisat/corpus/unsat-uuf250-1065/uuf250-046.cnf,250,1065,UNSAT,227279,9654779,268962,511,7.043251
/Users/okamu/.cache/gomisat/corpus/unsat-uuf250-1065/uuf250-047.cnf,250,1065,UNSAT,85944,3697598,102607,254,1.779879
/Users/okamu/.cache/gomisat/corpus/unsat-uuf250-1065/uuf250-048.cnf,250,1065,UNSAT,41277,1795228,48966,127,0.657333
/Users/okamu/.cache/gomisat/corpus/unsat-uuf250-1065/uuf250-049.cnf,250,1065,UNSAT,71435,3241703,85064,221,1.328310
/Users/okamu/.cache/gomisat/corpus/unsat-uuf250-1065/uuf250-05.cnf,250,1065,UNSAT,89927,3828164,106489,255,1.889826
/Users/okamu/.cache/gomisat/corpus/unsat-uuf250-1065/uuf250-050.cnf,250,1065,UNSAT,131907,5480560,156597,363,3.308724
/Users/okamu/.cache/gomisat/corpus/unsat-uuf250-1065/uuf250-051.cnf,250,1065,UNSAT,172291,7404841,203017,474,4.725689
/Users/okamu/.cache/gomisat/corpus/unsat-uuf250-1065/uuf250-052.cnf,250,1065,UNSAT,112049,4741935,132293,296,2.547420
/Users/okamu/.cache/gomisat/corpus/unsat-uuf250-1065/uuf250-053.cnf,250,1065,UNSAT,177144,7434122,209983,490,4.936767
/Users/okamu/.cache/gomisat/corpus/unsat-uuf250-1065/uuf250-054.cnf,250,1065,UNSAT,119280,5258451,141005,318,2.868527
/Users/okamu/.cache/gomisat/corpus/unsat-uuf250-1065/uuf250-055.cnf,250,1065,UNSAT,42355,1784959,50120,127,0.697327
/Users/okamu/.cache/gomisat/corpus/unsat-uuf250-1065/uuf250-056.cnf,250,1065,UNSAT,80129,3463269,95282,252,1.618468
/Users/okamu/.cache/gomisat/corpus/unsat-uuf250-1065/uuf250-057.cnf,250,1065,UNSAT,121434,5128497,144786,318,3.057340
/Users/okamu/.cache/gomisat/corpus/unsat-uuf250-1065/uuf250-058.cnf,250,1065,UNSAT,227095,9569752,266136,511,7.579760
/Users/okamu/.cache/gomisat/corpus/unsat-uuf250-1065/uuf250-059.cnf,250,1065,UNSAT,55423,2340882,65706,173,1.049390
/Users/okamu/.cache/gomisat/corpus/unsat-uuf250-1065/uuf250-06.cnf,250,1065,UNSAT,126996,5293119,150804,346,3.248668
/Users/okamu/.cache/gomisat/corpus/unsat-uuf250-1065/uuf250-060.cnf,250,1065,UNSAT,70275,3009698,83500,220,1.389966
/Users/okamu/.cache/gomisat/corpus/unsat-uuf250-1065/uuf250-061.cnf,250,1065,UNSAT,238886,10114956,280223,543,7.773324
/Users/okamu/.cache/gomisat/corpus/unsat-uuf250-1065/uuf250-062.cnf,250,1065,UNSAT,86733,3642230,103209,254,1.837944
/Users/okamu/.cache/gomisat/corpus/unsat-uuf250-1065/uuf250-063.cnf,250,1065,UNSAT,160286,6863301,189240,438,4.163812
/Users/okamu/.cache/gomisat/corpus/unsat-uuf250-1065/uuf250-064.cnf,250,1065,UNSAT,139535,5946379,164944,381,3.792443
/Users/okamu/.cache/gomisat/corpus/unsat-uuf250-1065/uuf250-065.cnf,250,1065,UNSAT,77848,3277235,91643,251,1.735570
/Users/okamu/.cache/gomisat/corpus/unsat-uuf250-1065/uuf250-066.cnf,250,1065,UNSAT,228309,9762208,268478,511,7.792310
/Users/okamu/.cache/gomisat/corpus/unsat-uuf250-1065/uuf250-067.cnf,250,1065,UNSAT,107402,4680772,127816,281,2.517512
/Users/okamu/.cache/gomisat/corpus/unsat-uuf250-1065/uuf250-068.cnf,250,1065,UNSAT,34140,1496891,40052,125,0.543543
/Users/okamu/.cache/gomisat/corpus/unsat-uuf250-1065/uuf250-069.cnf,250,1065,UNSAT,145172,6062048,172141,382,3.907051
/Users/okamu/.cache/gomisat/corpus/unsat-uuf250-1065/uuf250-07.cnf,250,1065,UNSAT,119178,5040740,140777,318,2.845882
/Users/okamu/.cache/gomisat/corpus/unsat-uuf250-1065/uuf250-070.cnf,250,1065,UNSAT,192037,8335564,226932,509,5.637134
/Users/okamu/.cache/gomisat/corpus/unsat-uuf250-1065/uuf250-071.cnf,250,1065,UNSAT,217652,9074507,258483,511,7.097709
/Users/okamu/.cache/gomisat/corpus/unsat-uuf250-1065/uuf250-072.cnf,250,1065,UNSAT,109913,4697506,129751,286,2.575909
/Users/okamu/.cache/gomisat/corpus/unsat-uuf250-1065/uuf250-073.cnf,250,1065,UNSAT,62595,2765539,74876,190,1.170372
/Users/okamu/.cache/gomisat/corpus/unsat-uuf250-1065/uuf250-074.cnf,250,1065,UNSAT,88403,3716635,104769,254,1.877923
/Users/okamu/.cache/gomisat/corpus/unsat-uuf250-1065/uuf250-075.cnf,250,1065,UNSAT,124578,5398379,148470,333,3.070372
/Users/okamu/.cache/gomisat/corpus/unsat-uuf250-1065/uuf250-076.cnf,250,1065,UNSAT,93786,3935642,110671,255,2.003992
/Users/okamu/.cache/gomisat/corpus/unsat-uuf250-1065/uuf250-077.cnf,250,1065,UNSAT,221287,9478337,261710,511,7.132794
/Users/okamu/.cache/gomisat/corpus/unsat-uuf250-1065/uuf250-078.cnf,250,1065,UNSAT,151572,6431578,178821,404,4.054420
/Users/okamu/.cache/gomisat/corpus/unsat-uuf250-1065/uuf250-079.cnf,250,1065,UNSAT,127291,5393872,150083,347,3.175964
/Users/okamu/.cache/gomisat/corpus/unsat-uuf250-1065/uuf250-08.cnf,250,1065,UNSAT,116449,4896073,137281,316,2.773508
/Users/okamu/.cache/gomisat/corpus/unsat-uuf250-1065/uuf250-080.cnf,250,1065,UNSAT,129047,5429725,152997,349,3.143371
/Users/okamu/.cache/gomisat/corpus/unsat-uuf250-1065/uuf250-081.cnf,250,1065,UNSAT,148414,6242171,175641,389,3.753733
/Users/okamu/.cache/gomisat/corpus/unsat-uuf250-1065/uuf250-082.cnf,250,1065,UNSAT,125814,5350211,148821,339,3.101601
/Users/okamu/.cache/gomisat/corpus/unsat-uuf250-1065/uuf250-083.cnf,250,1065,UNSAT,55159,2429669,65399,172,0.966296
/Users/okamu/.cache/gomisat/corpus/unsat-uuf250-1065/uuf250-084.cnf,250,1065,UNSAT,72677,3195342,86165,225,1.431343
/Users/okamu/.cache/gomisat/corpus/unsat-uuf250-1065/uuf250-085.cnf,250,1065,UNSAT,109930,4607250,129372,286,2.576319
/Users/okamu/.cache/gomisat/corpus/unsat-uuf250-1065/uuf250-086.cnf,250,1065,UNSAT,93415,3976016,110188,255,1.897035
/Users/okamu/.cache/gomisat/corpus/unsat-uuf250-1065/uuf250-087.cnf,250,1065,UNKNOWN,270277,11446600,319204,638,10.000737
/Users/okamu/.cache/gomisat/corpus/unsat-uuf250-1065/uuf250-088.cnf,250,1065,UNSAT,141560,5999342,167937,382,3.583548
/Users/okamu/.cache/gomisat/corpus/unsat-uuf250-1065/uuf250-089.cnf,250,1065,UNSAT,142128,6101496,167706,382,3.782194
/Users/okamu/.cache/gomisat/corpus/unsat-uuf250-1065/uuf250-09.cnf,250,1065,UNSAT,226473,9807997,266090,511,7.517671
/Users/okamu/.cache/gomisat/corpus/unsat-uuf250-1065/uuf250-090.cnf,250,1065,UNSAT,32396,1397982,38610,122,0.521894
/Users/okamu/.cache/gomisat/corpus/unsat-uuf250-1065/uuf250-091.cnf,250,1065,UNSAT,159437,6816536,188765,434,4.345039
/Users/okamu/.cache/gomisat/corpus/unsat-uuf250-1065/uuf250-092.cnf,250,1065,UNSAT,201162,8392445,237873,510,6.453620
/Users/okamu/.cache/gomisat/corpus/unsat-uuf250-1065/uuf250-093.cnf,250,1065,UNSAT,108671,4687813,129027,285,2.404567
/Users/okamu/.cache/gomisat/corpus/unsat-uuf250-1065/uuf250-094.cnf,250,1065,UNSAT,99817,4162447,118521,255,2.388941
/Users/okamu/.cache/gomisat/corpus/unsat-uuf250-1065/uuf250-095.cnf,250,1065,UNSAT,76154,3187579,90324,242,1.532675
/Users/okamu/.cache/gomisat/corpus/unsat-uuf250-1065/uuf250-096.cnf,250,1065,UNSAT,133897,5711738,158061,370,3.424002
/Users/okamu/.cache/gomisat/corpus/unsat-uuf250-1065/uuf250-097.cnf,250,1065,UNSAT,73300,3174616,87037,228,1.414322
/Users/okamu/.cache/gomisat/corpus/unsat-uuf250-1065/uuf250-098.cnf,250,1065,UNSAT,44617,1949076,52793,127,0.708912
/Users/okamu/.cache/gomisat/corpus/unsat-uuf250-1065/uuf250-099.cnf,250,1065,UNSAT,78504,3314941,92950,251,1.629418
